,PlayerID,PlayerName,TeamID,Total_Poss,Total_Points,Total_PPP,PRBallHandler,Cut,Handoff,Isolation,Misc,OffScreen,Postup,OffRebound,PRRollMan,Spotup,Transition,Offensive_Metric
0,202704.0,Reggie Jackson,1610612765.0,1165.0,1084.0,0.930472103004,43.5846189398,10.1827485195,-2.9357497257,6.73373878102,24.3754727151,-2.43545829369,-0.0,-1.97104632588,-0.0,24.8619937541,-14.2319111726,85.5220369602
1,203081.0,Damian Lillard,1610612757.0,1291.0,1250.0,0.968241673122,61.4899598379,-3.62449751731,2.07950081561,44.5051424297,8.08041538723,3.29315995348,-0.0,2.35974526725,-0.0,24.5543766357,-25.703396669,116.643667189
2,101108.0,Chris Paul,1610612746.0,1009.0,974.0,0.965312190287,49.9177228671,-0.0,-2.40243970781,27.9426763238,18.6541064041,-0.0,4.67095265926,13.1597435506,-0.0,8.49858273532,-2.85835581076,117.445599014
3,201566.0,Russell Westbrook,1610612760.0,1496.0,1402.0,0.937165775401,28.5688636009,3.60752721294,-0.0223268340008,-11.1499709188,5.40225290698,5.92903904668,18.7778313043,-9.422802918,-0.0,-13.7432702679,27.9227859752,48.0673619757
4,202689.0,Kemba Walker,1610612766.0,1164.0,1130.0,0.970790378007,20.0470550579,7.87657035074,23.4466774087,-11.4871135145,15.5281164408,13.3280934172,-0.0,8.47772896699,-0.0,36.8387741571,11.1430304365,108.614597751
5,203468.0,CJ McCollum,1610612757.0,1215.0,1168.0,0.961316872428,45.6441382671,-0.936933023084,10.7001777258,8.50798223175,7.09152170547,-9.02655810793,-0.0,-1.03354632588,-0.0,23.1583444707,-8.30511770485,79.7112540044
6,201939.0,Stephen Curry,1610612744.0,1382.0,1634.0,1.18234442836,130.75021071,23.2654307438,31.4804484636,21.4828073523,27.1185007849,69.6651536549,-0.0,-4.61350571772,-0.0,85.8542911925,54.9056285565,365.106813965
7,201942.0,DeMar DeRozan,1610612761.0,1322.0,1287.0,0.973524962179,71.2677792978,12.2528376105,14.9389633993,9.21440481834,28.6377044882,-21.9938161479,-0.788572217901,-0.181495424886,-0.0,13.7579417476,5.52207969438,117.900583387
8,201950.0,Jrue Holiday,1610612740.0,870.0,790.0,0.908045977011,24.1575696813,15.3963079628,13.062749278,19.3149879125,7.01205515094,-3.63886738822,-1.59068516386,-2.5411212423,-0.0,-5.27332570612,-17.1204990891,40.6572905055
9,201935.0,James Harden,1610612745.0,1634.0,1624.0,0.99388004896,63.0335767859,3.89485565993,-0.953201866047,46.5730132167,21.1062652664,-3.91137399873,1.26377833144,-5.03499328788,-0.0,41.2248525388,-6.92519978252,158.772268395
10,101150.0,Louis Williams,1610612747.0,838.0,852.0,1.01670644391,64.2058690161,1.01637388152,-2.91352848645,32.8984600611,0.359763758095,1.93267189047,-0.0,2.47157788579,-0.0,13.9163419238,-3.38748561435,104.265937276
11,202322.0,John Wall,1610612764.0,1288.0,1068.0,0.829192546584,-39.7516080143,-0.0,-1.15406786408,-12.6131194524,5.40225290698,3.16310228385,-2.12867857761,-4.02236103834,-0.0,-0.945805056989,-13.782222288,-91.4005539869
12,201565.0,Derrick Rose,1610612741.0,949.0,787.0,0.829293993678,0.206913739531,-9.99587057706,-5.19284066869,-0.991431025179,-0.0690799845174,0.611586848504,-0.0,-3.72135209735,-0.0,-0.824292513648,-23.8463679374,-54.2647971134
13,200768.0,Kyle Lowry,1610612761.0,1152.0,1147.0,0.995659722222,19.6732430489,10.0156248246,17.1156412442,-0.916465464198,12.5651644928,0.371092876782,-2.2116742828,1.09525728528,-0.0,49.205048299,18.6329579517,113.942999058
14,202738.0,Isaiah Thomas,1610612738.0,1296.0,1258.0,0.970679012346,3.01410480837,3.42339508987,3.69267238611,18.2621345984,21.2674845342,10.0116429176,-0.0,2.71645367412,-0.0,21.6668685961,-9.67205305737,73.9473899674
15,2225.0,Tony Parker,1610612759.0,689.0,673.0,0.976777939042,46.1767192787,10.8459109092,-4.71633087181,-2.86832251098,3.66765819362,-6.09025502028,-0.0,-0.0,-0.0,19.1311243049,5.53267872071,63.3086532377
16,2548.0,Dwyane Wade,1610612748.0,1101.0,975.0,0.885558583106,11.4346145155,-8.4437447934,-5.01737218876,-15.1103737525,9.93105164127,6.24790321665,-2.40739898975,5.7704780196,-0.0,-0.822337753778,-5.35117247738,-9.91335543565
17,203903.0,Jordan  Clarkson,1610612747.0,939.0,879.0,0.936102236422,26.6399580872,0.964605813026,22.3159826049,-15.2557589668,2.697727882,4.52634541037,-0.0,-3.03483187619,-0.0,35.9541637192,-26.983926198,27.0447229077
18,101145.0,Monta Ellis,1610612754.0,928.0,790.0,0.851293103448,4.52604424532,2.59657043995,-9.47119454208,-7.38488879208,1.84104958942,-7.35416328877,-0.0,3.90252399765,-0.0,0.87346399793,-19.118902335,-40.8367652719
19,201144.0,Mike Conley,1610612763.0,780.0,743.0,0.952564102564,14.633359721,11.3645456706,6.4710542512,4.582609394,8.53501390431,17.8254308066,-0.0,4.23083114908,-0.0,4.91732724705,-13.2804149932,55.0436915289
20,202710.0,Jimmy Butler,1610612741.0,1037.0,1059.0,1.02121504339,22.3341572626,51.0440004793,12.3125512678,20.4753028891,6.33423272541,-3.91137399873,2.68657380764,8.64673603132,5.41361743829,0.0178982031765,3.42617801836,110.511254237
21,203471.0,Dennis Schroder,1610612737.0,726.0,617.0,0.849862258953,-24.5483421938,-2.80184601861,10.9872285577,2.00106018721,-1.76505338507,8.99582278905,-0.0,-0.0,-0.0,17.7698493623,-6.10219215855,-11.6134605758
22,201952.0,Jeff Teague,1610612737.0,896.0,805.0,0.8984375,-12.7623431909,3.32078566997,1.80817244553,0.0486897331248,9.73739427796,-6.8080300586,-0.0,-0.0,-0.0,49.0883561859,-10.1812269773,12.4566420346
23,2544.0,LeBron James,1610612739.0,1352.0,1336.0,0.988165680473,16.3643032765,19.0520543518,0.848763965204,-0.748474986444,-1.59648845878,3.81114545127,9.71964494448,17.2693555449,10.4379348285,-1.21159348355,53.0433111304,104.841977773
24,202688.0,Brandon Knight,1610612756.0,927.0,815.0,0.879180151025,-25.8870976711,-0.242478368282,-2.89635582589,3.15725821418,-0.621817354224,-2.63088682485,-0.0,-1.59812092603,-0.0,11.2922382039,26.2656688897,-10.7772022226
25,202331.0,Paul George,1610612754.0,1390.0,1312.0,0.943884892086,11.056408348,13.990768238,-5.00298004137,-1.29803008824,9.20220822392,13.2030409968,-6.01143160252,8.84210587081,-3.29748981574,4.95587383491,9.85267085598,48.0127178927
26,202339.0,Eric Bledsoe,1610612756.0,669.0,613.0,0.916292974589,41.1990935854,2.45262138421,-1.47446888612,-3.17687325031,3.82720242738,-6.07281477845,-1.92028590659,-0.0,-0.0,-8.98925227531,-1.68674044859,18.5480422206
27,202709.0,Cory Joseph,1610612761.0,538.0,494.0,0.918215613383,32.5913625628,-0.0,3.04984699491,4.44435718053,-2.44061049904,2.97524730325,-0.0,-0.0,-0.0,-8.90789801931,7.99694630893,33.9479031648
28,1626156.0,DAngelo  Russell,1610612747.0,826.0,699.0,0.846246973366,-15.4991379491,8.63525515495,5.35326435503,8.11045452522,-2.96106334882,-1.72461371293,-0.0204040007867,-5.13347089113,-0.0,-1.04009140525,-18.8812002654,-42.4035831799
29,200826.0,J.J. Barea,1610612742.0,540.0,471.0,0.872222222222,12.5175628011,-0.0,1.51921593868,-7.98534233006,-1.49035758078,-0.0,-0.0,-0.0,-0.0,21.8470882925,-10.8709751935,4.02791927337
30,202681.0,Kyrie Irving,1610612739.0,552.0,533.0,0.965579710145,25.7545817846,-0.0,-3.89574451864,17.7402773152,4.66308968876,-0.0,1.61396843951,-3.54617059053,-0.0,0.736885664132,14.2654420395,53.7453195744
31,200765.0,Rajon Rondo,1610612758.0,855.0,635.0,0.74269005848,-19.8466834453,-0.480010621932,-0.113361298308,-6.4852809986,-4.06441939857,-0.0,-0.0,-3.42477064916,-0.0,-5.80096221513,-49.8909892658,-130.789132672
32,203918.0,Rodney Hood,1610612762.0,831.0,812.0,0.977135980746,19.4756460057,-0.916348856034,4.75978554994,22.5131892578,-2.12306595658,-5.44152183486,2.9589421391,-0.826837060703,-0.0,25.2461891846,10.1058541494,66.1524500504
33,201142.0,Kevin Durant,1610612760.0,1268.0,1391.0,1.09700315457,23.1908873404,33.1397150392,12.9586127037,38.9380931125,19.8604208197,10.6784705082,49.7747705733,5.11553514377,1.16961417001,14.6734162058,51.3682581758,223.160849873
34,203506.0,Victor Oladipo,1610612753.0,848.0,750.0,0.884433962264,-4.20937960501,6.01634812393,-7.03515954289,4.62834890508,-2.5914839421,0.859761475345,-0.0,2.05310440437,-0.0,3.57600790225,-15.4825354032,-21.2132739083
35,202330.0,Gordon Hayward,1610612762.0,1151.0,1109.0,0.963509991312,-0.33751536193,0.478316472115,-7.42825745532,4.69945892594,5.0413445362,0.494790502375,0.56127323232,4.04338145771,17.3860908124,12.5945150008,33.6792849133,56.2089818869
36,2037.0,Jamal Crawford,1610612746.0,811.0,753.0,0.928483353884,5.70537905325,-0.0,-6.63510998755,19.4286919342,8.89429318947,-1.53758023408,-0.0,-0.0,-0.0,9.53855637931,1.79747306038,38.0762229194
37,101109.0,Raymond Felton,1610612742.0,605.0,536.0,0.885950413223,-4.78424981433,7.85210743397,6.13876303299,4.68326246505,11.0688287641,-2.96487413956,-0.0,-0.0,-0.0,0.790300797231,-9.7006904646,7.80306379658
38,203897.0,Zach LaVine,1610612750.0,811.0,745.0,0.918618988903,-12.5684469849,-1.9923087227,3.99510337201,6.93235048332,-1.10978907518,-10.588645019,-0.0,19.739615326,-0.0,20.4940448772,16.308235826,15.6149907385
39,1626144.0,Emmanuel Mudiay,1610612743.0,764.0,497.0,0.650523560209,-42.435656059,-3.60237345249,4.09159675423,-10.6455420151,2.04810648986,0.443615041345,-3.29828169564,-2.25648987133,-0.0,-20.8074534161,-32.5053726377,-181.154730893
40,202708.0,Norris Cole,1610612740.0,494.0,389.0,0.787449392713,-1.55737477991,-0.0,-1.6679104552,-2.05772650697,-1.54117090319,-0.0,-0.0,-0.0,-0.0,-10.3783319653,-18.7112482837,-46.0883914996
41,203115.0,Will Barton,1610612743.0,881.0,875.0,0.993189557321,20.0201231413,9.27531636876,-6.55645214799,-3.86844746731,11.1924638425,4.71033053739,-0.0,-2.27380191693,-0.0,8.85576578302,14.8156849202,51.3573567579
42,203504.0,Trey Burke,1610612762.0,663.0,596.0,0.898944193062,4.65045612879,-0.0,-2.1206742783,9.33580589517,-1.68722648749,10.5001683165,-0.0,-0.0,-0.0,0.693907697255,-10.0963910669,6.06576754525
43,201596.0,Mario Chalmers,1610612763.0,516.0,489.0,0.947674418605,18.0112442764,2.79815364761,9.83663437373,8.35047265912,6.94539262354,-2.79088058407,-0.0,-1.59812092603,-0.0,-2.44919144095,-2.6764554028,36.031141834
44,203952.0,Andrew  Wiggins,1610612750.0,1253.0,1181.0,0.942537909018,6.42892493818,6.62007541718,8.30009627286,0.268501605759,15.032447571,-25.7518353509,20.5258219455,0.787041199195,3.81422833271,-13.8138796814,12.1625234595,23.7892583844
45,201609.0,Goran Dragic,1610612748.0,693.0,609.0,0.878787878788,-12.1075920045,-5.93099814753,-2.83427623994,11.7428490616,-1.62875537191,-5.87880183998,-0.0,-2.73304080821,-0.0,13.2913995905,0.629080594645,-22.1160834247
46,201937.0,Ricky Rubio,1610612750.0,597.0,478.0,0.80067001675,-16.6951521352,-0.0,1.07071985222,2.08570898996,9.11659163704,-0.0,-0.0,-0.0,-0.0,-11.5780548279,-21.8710958796,-46.9119850453
47,101127.0,Jarrett Jack,1610612751.0,484.0,389.0,0.803719008264,3.60152347113,-0.0,-1.80878849447,-6.02242224731,6.08007035212,-3.14630323208,-0.0,-0.0,-0.0,-6.6161508264,-12.4967801938,-29.3239939173
48,977.0,Kobe Bryant,1610612747.0,997.0,815.0,0.817452357071,-4.83759658312,-5.2724399479,-2.18839116715,-17.0353307612,1.16136261139,1.58033749007,-5.14964883621,2.83518720153,-1.79980000838,-10.0102049144,-16.7954961404,-71.9673094656
49,202391.0,Jeremy Lin,1610612766.0,697.0,624.0,0.895265423242,0.743115358731,13.9527603152,6.89726309999,-6.58126685737,6.69267294364,10.6891151496,-0.0,-0.0,-0.0,-22.5965753068,-3.70303360993,-6.88807820048
50,203487.0,Michael Carter-Williams,1610612749.0,763.0,615.0,0.806028833552,-18.9711771809,-5.40949380998,3.39065424138,5.77599546844,-3.52607687968,-1.50590970965,-6.73693806912,-5.60614216026,-0.0,-10.9899049963,-0.196926297975,-74.7596535681
51,101114.0,Deron Williams,1610612742.0,771.0,687.0,0.891050583658,-5.508170465,5.86383991257,-0.238487305274,-4.03006052638,4.54298294867,6.14003792831,4.05891899941,-0.0,-0.0,4.53363602699,-10.9983904504,1.44592294659
52,201196.0,Ramon Sessions,1610612764.0,560.0,554.0,0.989285714286,14.9371307725,6.49774363287,9.07770486934,5.96189490724,1.89257820546,7.55044798605,-0.0,-0.0,-0.0,-11.7533582392,5.39648838958,33.5608130373
53,201166.0,Aaron Brooks,1610612741.0,379.0,317.0,0.836411609499,-3.73839548327,-0.0,-0.718640424177,-1.74410521873,-0.941333416106,-0.0,-0.0,-0.0,-0.0,13.6575406155,-9.66677210469,-10.0823422024
54,202323.0,Evan Turner,1610612738.0,703.0,584.0,0.830725462304,-18.501294286,3.36588682936,0.998041018383,10.8676607642,-0.0643001833176,0.517496564119,11.1005519058,-3.11508029504,-0.0,-19.575615035,-13.6291028492,-46.9696193016
55,203078.0,Bradley Beal,1610612764.0,628.0,620.0,0.987261146497,10.5479918817,4.37549180569,5.84513822033,9.69454747377,2.04810648986,-10.2729919867,-0.0,-0.0,-0.0,17.7698493623,13.9610917066,47.9587347689
56,204456.0,T.J. McConnell,1610612755.0,435.0,340.0,0.781609195402,-8.05813657248,-0.00158172945829,-0.327489787636,-1.7026972368,-1.22156652894,-1.22363876709,-0.0,-0.0,-0.0,-4.76678321512,-12.4967801938,-38.2522060275
57,201954.0,Darren Collison,1610612758.0,657.0,665.0,1.01217656012,17.4248878676,-6.11896837834,-0.655876226954,4.512417737,7.72784839059,-0.0,-0.0,-0.0,-0.0,7.76696814291,33.94163794,57.938949175
58,203521.0,Matthew Dellavedova,1610612739.0,426.0,376.0,0.882629107981,-8.45355211422,-0.0,-4.32432396829,-1.81690139317,-0.108909195665,4.51158622862,-0.0,-0.0,-0.0,34.7102596488,-3.7556432261,6.52865789059
59,201569.0,Eric Gordon,1610612740.0,599.0,589.0,0.983305509182,21.398863965,-0.0,0.715645217269,-3.98993509613,2.84004245358,2.1199291833,-0.0,-0.0,-0.0,10.1384059132,6.37331847114,38.9486758986
60,203484.0,Kentavious Caldwell-Pope,1610612765.0,817.0,762.0,0.932680538556,12.1708695826,18.0345932161,-4.98637594329,0.752600801513,8.7766975539,-16.7835428944,-0.0,-4.30244922354,-0.0,-13.658297289,16.0025974951,-4.74500004049
61,203499.0,Shane Larkin,1610612751.0,437.0,355.0,0.812356979405,-11.8464147077,-0.00316345891658,13.0230869841,7.17351266767,-2.44983427056,-0.0,-0.0,-0.0,-0.0,-6.92289374136,-9.96591348128,-25.9535734224
62,201588.0,George Hill,1610612754.0,630.0,610.0,0.968253968254,-4.55962131585,11.7408158651,-3.77998641865,1.33970605699,0.619268639594,5.84849269402,-0.0,5.11553514377,-0.0,31.5318372346,-7.4674593612,27.5203136766
63,202397.0,Ish Smith,1610612755.0,462.0,340.0,0.735930735931,-20.525780459,-0.0,-0.99716668407,-9.45740820344,2.39057274546,-0.0,-0.0,-0.0,-0.0,4.62616459627,-20.2068521927,-64.430577179
64,203901.0,Elfrid Payton,1610612753.0,707.0,555.0,0.785007072136,-23.6436949107,-8.18394477552,-6.05166924274,5.95233528723,1.84104958942,-3.4040150293,-0.0,5.30400455549,-0.0,-16.6149449793,-20.9276141951,-90.8685516551
65,203095.0,Evan Fournier,1610612753.0,775.0,790.0,1.01935483871,-1.0258847995,3.29649218029,4.38419486225,-3.98993509613,0.661451862109,15.7811091375,-0.0,0.264082433926,-0.0,39.8686206405,27.0863904051,71.8249385376
66,201936.0,Tyreke Evans,1610612740.0,412.0,361.0,0.876213592233,4.74438694072,-0.0,-4.33057965878,-4.11697776664,-1.11458199791,-0.0,-0.0,-0.689030883919,-0.0,15.1853653968,-2.26463919427,0.645044697079
67,203085.0,Austin Rivers,1610612746.0,404.0,365.0,0.903465346535,8.18980403627,5.24372535206,-4.72333045423,-1.75170079304,-0.851632903304,-0.476593934843,-0.0,-0.0,-0.0,1.10083044809,-1.2271103026,0.286050768403
68,2207.0,Joe Johnson,1610612751.0,755.0,656.0,0.868874172185,-13.3851294926,-0.0,-0.213593418432,-3.73979391834,-2.08421768802,6.73990965653,-2.78581790183,-3.02777373666,-0.0,20.6053118775,-7.38928531027,-21.233821859
69,101181.0,Jose Calderon,1610612752.0,403.0,396.0,0.982630272953,6.5730610326,0.748022122921,6.21294871155,-0.0,-2.16303362506,0.674348946278,-0.0,-0.0,-0.0,40.9940840319,-3.72252797753,35.1379853256
70,201988.0,Patty Mills,1610612759.0,489.0,493.0,1.0081799591,10.2425868158,0.483226316821,3.74088846101,0.175743777399,-1.46084179538,28.7334915681,-0.0,-0.0,-0.0,35.6529799534,-17.6500810544,40.9697449564
71,2590.0,Maurice  Williams,1610612739.0,342.0,303.0,0.885964912281,-3.48958066381,-0.0,2.57186081694,2.20503261883,9.04405861922,1.86226741727,-0.0,-0.0,-0.0,10.9563411035,-13.1840678029,4.3258020994
72,201587.0,Nicolas Batum,1610612766.0,771.0,667.0,0.865110246433,-5.2830434171,-5.40118651167,4.81069130637,-7.11765653867,-2.22916399582,18.0942027622,-6.00151014551,3.75757110457,-0.0,-0.255577161939,-9.19123167226,-24.8015028659
73,203114.0,Khris Middleton,1610612749.0,1062.0,1011.0,0.95197740113,-15.2300933329,-4.5665721718,31.6578517068,-2.26494865426,16.3556842195,7.96908925908,-1.81992831138,-4.64028471513,-4.72306952159,24.0670203452,14.9602584353,43.3412143502
74,2749.0,Jameer  Nelson,1610612743.0,370.0,280.0,0.756756756757,-17.5025950996,-0.0,2.19209743113,4.72506989748,-0.557019504906,-0.0,-0.0,-0.0,-0.0,-11.5928147863,-6.0114691533,-41.8509306824
75,203079.0,Dion Waiters,1610612760.0,643.0,539.0,0.838258164852,-17.2169843424,-0.0,5.31637579769,-4.20127013362,-0.784790431602,-3.50046435483,-0.0,-0.0,-0.0,9.89169829825,-23.9568674883,-52.7977918608
76,200751.0,Randy Foye,1610612743.0,398.0,309.0,0.776381909548,0.35281087057,-0.0,-3.43420608461,-4.36495763236,0.041346805008,-3.51409372027,-0.0,-0.0,-0.0,-10.9115203217,-10.4649814943,-44.4851731553
77,203087.0,Jeremy Lamb,1610612766.0,467.0,470.0,1.00642398287,24.9901325433,8.09288092998,-2.73847768022,-1.5311917521,-0.730420897689,-2.1922559515,-0.0,1.51461661342,-0.0,7.93257634339,-0.260579482728,28.9958721778
78,202718.0,Chandler Parsons,1610612742.0,610.0,622.0,1.01967213115,9.86947571704,10.6744660294,-4.30313918306,4.582609394,-2.2366021829,-4.62526344783,0.252755666288,-0.0,-0.0,27.5896713262,32.1026314887,53.7152605813
79,201145.0,Jeff Green,1610612763.0,689.0,641.0,0.930333817126,7.33773348294,7.02131284198,-2.14243182851,12.770559874,-0.39850448711,-1.0343292978,-1.01305640134,-0.435234540085,-4.15267254683,-19.5109129697,9.97478778949,-2.46171471533
80,202692.0,Alec Burks,1610612762.0,415.0,387.0,0.932530120482,0.899749016386,-3.20210973555,-0.0223268340008,-2.93066594718,6.36765776446,-0.0,-0.0,-0.0,-0.0,16.4769879202,-3.68340935832,12.1537395599
81,2546.0,Carmelo Anthony,1610612752.0,1194.0,1097.0,0.918760469012,-9.43805605423,-2.72966048471,1.21794090278,26.3080555595,16.3751289853,10.4917541513,2.82954458655,6.45401717299,4.38118248621,-3.1786977107,-17.928581092,32.2358976685
82,202695.0,Kawhi Leonard,1610612759.0,929.0,1055.0,1.13562970936,8.43638082558,7.77304720917,11.412052196,14.575082898,13.612763656,9.59522487378,29.085965282,-5.98502003684,-0.133130162804,113.317659146,27.7064427444,188.941158759
83,1626166.0,Cameron Payne,1610612760.0,200.0,201.0,1.005,12.014422203,-0.0,-0.0,-0.0,-0.0,-0.0,-0.0,-0.0,-0.0,10.9651835913,-2.23022964371,20.4301533282
84,202390.0,Gary Neal,1610612764.0,365.0,374.0,1.02465753425,26.3939401187,-0.0,16.5665671083,26.0180038179,-0.784790431602,1.4652098799,-0.0,-0.0,-0.0,-7.35671046506,-2.26284806551,40.4083377
85,203477.0,Isaiah Canaan,1610612755.0,603.0,556.0,0.922056384743,-7.65787201259,-4.55859676592,1.55040272412,-8.98382947279,2.64936700803,28.965109824,-0.0,-0.0,-0.0,5.91410189386,2.84144531581,0.900041595273
86,201977.0,Marcus Thornton,1610612745.0,495.0,462.0,0.933333333333,9.41457562606,-5.15732358571,-6.07756061971,-2.85485511168,10.3894318099,21.5188049765,-0.0,4.95477104578,-0.0,-7.50404306759,-12.5233441134,-1.05593326797
87,201568.0,Danilo Gallinari,1610612743.0,954.0,1004.0,1.05241090147,0.743206851082,16.498160068,16.066076755,0.42937035885,17.1929050403,10.5583995076,20.6357706545,-0.217705005325,13.5316901125,-1.2836729609,67.940486481,126.673736347
88,1626164.0,Devin Booker,1610612756.0,565.0,537.0,0.950442477876,-1.35896590021,8.56425114578,-4.55464856757,0.401628588475,-0.971065440779,8.50955051977,7.62217981323,-0.0,-0.0,-10.3749694484,18.5494335288,13.6434044842
89,201155.0,Rodney  Stuckey,1610612754.0,363.0,312.0,0.859504132231,-9.57235702264,-0.468466511542,-5.10409551786,-2.54525353285,-1.10146537721,4.50857229656,-0.0,-0.0,-0.0,-5.51718896344,15.395104058,-21.037795755
90,202340.0,Avery Bradley,1610612738.0,845.0,824.0,0.975147928994,-0.188804866882,19.8169551789,-5.36323740458,-2.76539238524,4.72631932369,-13.38200276,-0.0,3.62193823216,-0.0,39.58561184,-7.9099198857,22.1759751097
91,202397.0,Ish Smith,1610612740.0,270.0,218.0,0.807407407407,-12.5679433366,-0.0,-0.0,-2.31294107326,2.05800958148,-0.0,-0.0,-0.0,-0.0,1.24120082816,-0.80613942586,-18.6659084916
92,201951.0,Ty Lawson,1610612745.0,388.0,298.0,0.768041237113,-13.0842368216,-0.0,-1.64740668393,-3.94673394024,-1.54496486017,-0.0,-0.0,-0.0,-0.0,-4.76476036935,-9.29020845316,-52.4517706966
93,1626169.0,Stanley Johnson,1610612765.0,622.0,507.0,0.815112540193,-10.4476669234,4.56876347296,0.715645217269,-4.97110524182,6.16893400847,-3.43545447899,-5.08020536524,-4.48112761512,-0.0,-22.6111945781,-14.6873050946,-73.375854704
94,204020.0,Tyler Johnson,1610612748.0,317.0,314.0,0.990536277603,10.0313458478,13.9303598882,12.9586127037,2.52003727866,-1.80992974895,11.487947986,-0.0,0.264082433926,-0.0,5.58792190473,-8.98953123696,27.4748783598
95,1626170.0,Jerian Grant,1610612752.0,338.0,253.0,0.748520710059,-8.90761947276,8.56123179974,-0.655876226954,-3.27877577375,-1.48931283781,-3.62363886246,-0.0,-0.0,-0.0,-12.7528597651,-2.36503354326,-50.9205121628
96,1938.0,Manu Ginobili,1610612759.0,435.0,412.0,0.947126436782,-4.25051493991,-0.942542804134,7.1243573407,11.4765256609,-2.34199048409,-2.18273601861,-0.0,-0.0,-0.0,10.8190893683,6.2095888794,16.0813094258
97,203935.0,Marcus Smart,1610612738.0,440.0,372.0,0.845454545455,-0.908856445178,-1.15303329322,-3.03026437266,-4.00660343739,3.59558692915,-2.29030298599,-0.64339229198,-6.34340250083,-0.0,-7.12537145269,-5.35745247686,-35.45993772
98,201961.0,Wayne Ellington,1610612751.0,451.0,414.0,0.917960088692,7.52013159987,7.65934850539,-6.16119142416,2.04753028891,-1.34286082813,-6.4497061222,-0.0,-0.0,-0.0,1.01221715195,-2.15936441697,-10.5138547259
99,202694.0,Marcus Morris,1610612765.0,856.0,761.0,0.889018691589,-9.28863190416,8.56123179974,-3.33814349661,0.6234150715,-0.870006310095,-3.47535592728,11.2067477608,-2.5494142705,-7.60779032977,4.90838509317,0.128403810224,-15.9041555567
100,203148.0,Brian  Roberts,1610612766.0,118.0,112.0,0.949152542373,16.470684543,-0.0,-0.0,-1.79676589456,-0.0,-0.0,-0.0,-0.0,-0.0,-4.0511973773,1.07883514056,8.61613280635
101,202734.0,ETwaun Moore,1610612741.0,288.0,287.0,0.996527777778,9.36471110155,12.3397959451,5.6499819686,-0.997483774034,1.20425773092,-0.0,-0.0,-0.0,-0.0,10.2584743144,-11.9557113911,18.4398769491
102,202691.0,Klay Thompson,1610612744.0,1080.0,1165.0,1.0787037037,2.92335593273,-2.1402830723,10.9872285577,-3.32991612302,14.0580962615,50.3704484496,-0.414527955458,-0.0,-0.0,26.6200419126,41.7963445851,126.366250161
103,204038.0,Langston Galloway,1610612752.0,486.0,468.0,0.962962962963,1.50699257423,5.43551729833,2.19970598999,0.0402193489412,0.619268639594,-1.35444087641,-0.0,0.187550308631,-0.0,6.20254948223,-6.82125373917,7.47077308928
104,203145.0,Kent  Bazemore,1610612737.0,663.0,621.0,0.93665158371,-12.5725934548,-0.722561469463,-7.78926100303,3.60091046546,4.27893455922,5.00555127595,-0.0,-0.0,-0.0,10.9625345298,-9.17790972121,-16.7857368072
105,2757.0,Beno Udrih,1610612748.0,177.0,138.0,0.779661016949,2.04145846429,-0.0,-4.30894250866,-0.0,-0.759148424013,-0.0,-0.0,-0.0,-0.0,3.15791679046,-6.47456226651,-16.1538613758
106,202388.0,Donald Sloan,1610612751.0,276.0,242.0,0.876811594203,-0.151121181687,-5.40356017874,-0.0111634170004,-0.732666486796,-0.554894537588,-0.0,-0.0,-0.0,-0.0,2.84889169114,-6.46298624758,-11.6046004429
107,201962.0,Toney Douglas,1610612740.0,206.0,201.0,0.97572815534,-0.794990998944,-0.0,-0.0,0.742261514193,-0.605225702696,-0.0,-0.0,-0.0,-0.0,13.8775616099,10.8428631962,18.1624632966
108,203462.0,Archie Goodwin,1610612756.0,415.0,347.0,0.836144578313,-15.2271288242,-2.67065659415,-3.40847148541,5.19757688723,-1.30602957436,-0.0,-0.0,1.18331146525,-0.0,-6.70784118568,6.17318959659,-32.5540998792
109,201573.0,Jerryd Bayless,1610612749.0,378.0,367.0,0.970899470899,-4.30343633762,-0.0,-6.07756061971,-0.357880197278,-1.16992964404,7.54547592807,-0.0,-0.0,-0.0,63.534811478,-10.3354684274,21.2642041803
110,203894.0,Shabazz Napier,1610612753.0,214.0,160.0,0.747663551402,-7.38212036959,-0.0,-2.19905699982,0.742261514193,-0.0,-0.0,-0.0,-0.0,-0.0,12.2909373191,-7.50714057622,-34.1213027805
111,201156.0,Nick Young,1610612747.0,365.0,339.0,0.928767123288,6.15877302801,-0.0,8.2166346796,0.215149582543,4.97028706627,-9.19546493051,-0.0,-0.0,-0.0,1.02715329379,-7.16542697584,1.28887168338
112,201976.0,Patrick Beverley,1610612745.0,434.0,421.0,0.970046082949,-8.56905227494,-0.0,-0.0,4.08508808382,1.1963954057,-0.0,-0.0,2.58987045572,-0.0,21.6881598715,7.03069185866,21.5131987542
113,200752.0,Rudy Gay,1610612758.0,886.0,864.0,0.975169300226,15.5314799398,-6.55331403517,0.519875203902,-13.2258852704,9.20524607896,0.338165795278,18.2802253878,-7.665193488,-4.92449684682,-14.1078427415,32.3970724684,14.35410909
114,203526.0,Raul Neto,1610612762.0,401.0,336.0,0.837905236908,-15.8019554357,-3.11811361305,-6.48648595243,10.0114948761,-0.902006228907,-0.0,-0.0,-0.0,-0.0,27.3492624377,-10.3354684274,-31.913158138
115,1626202.0,Joe Young,1610612754.0,144.0,117.0,0.8125,-2.95274008531,-0.0,-0.0,0.665933257047,2.03007040364,-0.0,-0.0,-0.0,-0.0,-3.86257291395,-2.76731606133,-8.8066386663
116,201945.0,Gerald Henderson,1610612757.0,416.0,370.0,0.889423076923,-6.32753174536,4.26234165561,0.456373995247,-3.40743174102,-1.34286082813,-3.00885270264,-2.42555523086,4.23083114908,-0.0,0.832306407994,4.14766757131,-15.7975491983
117,201571.0,DJ Augustin,1610612760.0,153.0,129.0,0.843137254902,6.37804572841,-0.0,-1.59716682712,-0.0,-0.738723598634,-0.0,-0.0,-0.0,-0.0,3.46719479734,-6.9251245252,-7.6800387924
118,202711.0,Bojan  Bogdanovic,1610612751.0,589.0,553.0,0.938879456706,0.312724461761,-6.16639070926,-2.5293554916,-1.76118906002,2.16766391566,-6.12893918347,-6.39366592879,2.47157788579,-0.0,2.65806735142,21.6524839991,-6.74290554086
119,203917.0,Nik Stauskas,1610612755.0,429.0,364.0,0.848484848485,-7.79017842749,-0.0,-7.3281389208,-1.99496754807,-0.877447233031,0.214578974718,-0.0,-0.0,-0.0,-4.05789925544,-3.19083127786,-37.1974216734
120,202699.0,Tobias Harris,1610612753.0,680.0,664.0,0.976470588235,3.73731687818,13.5271970755,-4.0171618798,-1.58160257401,1.1963954057,0.581894630577,-1.92425661802,3.79061223143,-1.53589884576,-10.5793832227,16.1628931759,5.19125261704
121,203507.0,Giannis Antetokounmpo,1610612749.0,936.0,903.0,0.964743589744,-3.03371064616,24.8100421787,-3.03002351449,-1.2666961058,0.806009687689,-1.82659372027,-7.24637387194,7.92173601494,-5.98053973883,-22.0682971186,39.1269665612,-0.448560468032
122,203914.0,Gary Harris,1610612743.0,581.0,570.0,0.981067125645,-4.64990072204,12.3511601714,-2.21648367418,4.20264555157,3.05638182802,-1.07560333947,-0.0,-0.0,-0.0,-6.04059620254,7.18254035653,6.77730557569
123,201933.0,Blake Griffin,1610612746.0,704.0,692.0,0.982954545455,19.0497735673,24.420971821,-0.0,18.0348214205,0.878843973784,0.799767417275,-0.989203582863,1.18534255579,-15.2503171871,-14.8460024071,25.2517233361,32.1746878747
124,2734.0,Devin Harris,1610612742.0,310.0,305.0,0.983870967742,-3.16077674091,10.8279185773,3.39065424138,-2.39748369059,1.03533014782,0.564541706311,-0.0,-0.0,-0.0,15.0888384637,1.66491951132,17.6321923285
125,201943.0,Brandon Jennings,1610612765.0,159.0,139.0,0.874213836478,-2.72628810571,-0.0,-0.311451008716,-0.0,-0.446241209976,-0.0,-0.0,-0.0,-0.0,1.77343586118,1.75936082354,-5.18467225311
126,203109.0,Jae Crowder,1610612738.0,801.0,850.0,1.06117353308,-2.72628810571,18.0738723716,4.16595440481,-0.906074968989,7.241271036,12.1539326184,1.51058499103,-3.57442646774,10.8955130166,40.6323797372,6.80361837337,81.5299498444
127,2581.0,Steve Blake,1610612765.0,170.0,127.0,0.747058823529,-7.65142419504,-0.0,-1.7171030423,-0.0,-0.493609609774,-0.0,-0.0,-0.0,-0.0,16.8525897455,-5.6070448152,-19.2067065427
128,201584.0,Courtney Lee,1610612763.0,489.0,476.0,0.973415132924,-8.48290642665,15.7042148679,3.50495705118,-1.99496754807,7.46164256163,-3.4311965698,-0.0,-2.73304080821,-0.0,1.12336344156,22.0977497366,15.7690332233
129,203933.0,TJ Warren,1610612756.0,492.0,509.0,1.03455284553,2.51552130586,2.22289521517,-4.1556899884,0.263615666098,0.946488242913,22.3842594541,-0.0,-3.10063897764,-0.0,18.0348927313,-1.8025805068,24.0935901787
130,201167.0,Arron Afflalo,1610612752.0,704.0,699.0,0.992897727273,-1.65239989857,5.96478853895,-3.95133035315,10.4671404702,1.50014038767,0.995198593651,25.619374231,-0.0,-0.0,13.4494363595,-2.56557267208,45.1571282493
131,2755.0,Kevin Martin,1610612750.0,432.0,406.0,0.939814814815,-6.72181546788,4.04644046499,-2.99912364059,4.62834890508,5.92442849406,4.51633365049,-1.22814440839,-0.0,-0.0,-6.17416224963,11.618109818,5.19903638155
132,202329.0,Al Farouq Aminu,1610612757.0,655.0,585.0,0.893129770992,-6.72181546788,16.7163922747,-3.75258758061,-4.14748369059,3.36089635746,-1.27688623179,-2.65735701216,-0.507037632864,3.36036656526,5.57687808391,-26.3436898319,-45.7991704362
133,201158.0,Marco Belinelli,1610612758.0,625.0,557.0,0.8912,-11.4173184643,6.29881236146,-6.04270619776,-0.0,-1.90973052468,8.03928501149,-0.0,-0.0,-0.0,-15.9152992172,10.7402385839,-31.4924624469
134,2571.0,Leandro Barbosa,1610612744.0,297.0,277.0,0.93265993266,4.34945698664,-3.78287096885,-0.0111634170004,-0.265561310465,0.0931478781337,0.338165795278,-0.0,-0.0,-0.0,-4.79801974336,0.443253523706,-5.41259611788
135,1626209.0,Mario Hezonja,1610612753.0,292.0,251.0,0.859589041096,-6.4358499439,-0.0,18.2864893521,-1.81415258249,-1.05903203104,-6.13118899279,-0.0,-0.0,-0.0,-11.6420125209,13.8626929663,-14.9320684046
136,203498.0,Shabazz Muhammad,1610612750.0,573.0,578.0,1.00872600349,5.71585969401,13.634002168,-1.41836909191,-4.65237845468,1.26171880364,-1.58495168087,15.532015796,16.2375116469,-0.0,-15.8554173272,8.29533514261,19.4330635041
137,201564.0,OJ Mayo,1610612749.0,362.0,284.0,0.78453038674,-6.1498610549,-3.78287096885,3.46794613117,0.314200933193,-2.12306595658,-7.94797717057,-1.86201049632,-0.0,-0.0,-4.02452489974,-8.36444283081,-49.430761284
138,202083.0,Wesley Matthews,1610612742.0,678.0,654.0,0.964601769912,-6.1498610549,-6.82776902791,-4.27795395073,7.63393350439,8.33106979046,-4.71544990839,3.19767658589,1.5731635115,-2.63864323188,26.7416049262,3.87440578744,17.6151711679
139,203490.0,Otto Porter Jr.,1610612764.0,559.0,562.0,1.0053667263,0.791797244205,6.20321431206,-2.88537512034,-0.0,-1.24474156201,5.84849269402,-0.0,10.6573462575,4.48048875368,-24.0733890264,22.9248321171,3.3778446574
140,200755.0,JJ Redick,1610612746.0,733.0,853.0,1.16371077763,2.05775678613,-2.70118694082,16.1914242881,2.83504193849,27.0451922114,38.9025958871,-0.0,-0.0,-0.0,134.285399006,14.3280200732,169.819579915
141,101179.0,Ronnie Price,1610612756.0,186.0,176.0,0.94623655914,-2.44668805144,-0.0,-0.66477778938,1.33186651409,-0.692482416971,-0.0,-0.0,-0.0,-0.0,-0.351338725159,20.1176200346,7.06477518853
142,203459.0,Allen Crabbe,1610612757.0,570.0,588.0,1.03157894737,-2.44668805144,12.1549886533,-8.00060197035,-0.0,1.348863941,-3.4311965698,-0.0,-0.0,6.08274191355,46.4164409813,2.15466445545,37.8211472006
143,203503.0,Tony Snell,1610612741.0,344.0,289.0,0.84011627907,-7.47009789488,-3.20210973555,-1.40303648634,-0.18329309284,-1.16992964404,7.88315681871,-0.0,-0.0,-0.0,-6.95616477716,-7.97564049207,-30.7520087866
144,2772.0,Trevor Ariza,1610612745.0,719.0,699.0,0.972183588317,-5.21876239043,4.71946194418,3.15637463898,-4.34995340168,-1.47529747955,10.9027834714,-0.0,-5.46608161642,-0.0,-14.2286949595,35.3602908389,3.11973319278
145,2747.0,JR Smith,1610612739.0,654.0,654.0,1.0,-7.56925844413,-2.80184601861,11.9100546263,-8.05092872445,-0.0643001833176,9.55478542545,-1.8275131502,-0.0,-0.0,64.884730961,3.87059798594,44.9952426023
146,202362.0,Lance Stephenson,1610612746.0,203.0,189.0,0.931034482759,-3.43915123908,-0.0,-0.0,12.8700855936,1.4482542072,-0.0,-0.0,4.23083114908,-0.0,2.765142696,-9.70050576104,1.70267198614
147,1891.0,Jason Terry,1610612745.0,267.0,267.0,1.0,4.40129265114,-0.0,4.66541835775,-0.0,0.041346805008,4.45567713289,-0.0,-0.0,-0.0,7.79467955386,-3.56094339101,16.6476934266
148,2594.0,Kyle Korver,1610612737.0,524.0,511.0,0.975190839695,1.94490435645,-1.35237345249,1.38684340378,-0.0,-2.55489870991,12.3261594567,-0.0,-0.0,-0.0,15.6643545746,-1.20920913879,20.1635738601
149,203082.0,Terrence Ross,1610612761.0,425.0,441.0,1.03764705882,1.21009191796,-0.0,6.43065143619,-3.9984744935,0.96340618474,5.33923525411,-0.0,-0.0,-0.0,17.8662127197,18.6888690552,38.0317254496
150,1713.0,Vince Carter,1610612763.0,175.0,165.0,0.942857142857,1.77217544136,-0.468466511542,-2.0778449942,-0.0,9.67705684517,-0.274706293796,-0.0,-0.0,-0.0,1.72075569358,-2.075487046,4.45213993535
151,101123.0,Gerald Green,1610612748.0,544.0,496.0,0.911764705882,-0.303504337691,-6.48605834561,-4.1648700124,-2.28575809854,0.679417939267,-12.1454027568,23.0051836777,1.18331146525,-0.0,9.50191872164,-8.47706126511,-21.2514492132
152,101139.0,CJ Miles,1610612754.0,606.0,577.0,0.952145214521,-4.5701612133,-0.0,3.26416586439,1.57885323477,-2.44061049904,-3.83065869537,-0.0,1.09525728528,-1.15419230437,4.99301242236,11.8175433781,1.76992396055
153,203932.0,Aaron Gordon,1610612753.0,453.0,439.0,0.969094922737,8.04404871773,-3.01244694056,-1.2816807326,-3.16181682974,2.79134542814,-0.0,-3.75861861112,22.4089919494,-1.32372864742,-13.8248008823,2.4645867997,-4.83541907859
154,203613.0,Jonathan Simmons,1610612759.0,246.0,247.0,1.00406504065,-1.06902093578,3.72954894866,1.98734699491,-2.10996822631,-0.877447233031,-0.0,-0.0,-0.0,-0.0,6.6210603793,11.0762595679,13.1214777845
155,2550.0,Kirk Hinrich,1610612741.0,136.0,117.0,0.860294117647,-2.21307564665,-0.0,7.2180774093,-0.0,-0.462907912902,-0.0,-0.0,-0.0,-0.0,-4.83605908508,3.50453914458,-6.02538618154
156,1626273.0,Marcelo Huertas,1610612747.0,100.0,59.0,0.59,-6.25088776041,-0.0,-0.0,-0.0,-0.692482416971,-0.0,-0.0,-0.0,-0.0,-1.27354835181,-4.96960591229,-27.9327233631
157,202349.0,Greivis Vasquez,1610612749.0,124.0,98.0,0.790322580645,-6.25088776041,-0.0,3.97001820876,-0.0,-0.0,-0.0,-0.0,-0.0,-0.0,-1.59134006105,-4.32165731918,-15.0656955882
158,204060.0,Joe  Ingles,1610612762.0,213.0,201.0,0.943661971831,-5.58144144915,-0.0,-4.75240353481,-1.93976339415,-0.0,-0.0,-0.0,-0.0,-0.0,27.3972699003,0.938183319289,3.27973197814
159,202066.0,Garrett Temple,1610612764.0,466.0,425.0,0.912017167382,-6.65505163573,-3.20210973555,1.40283317288,5.94752966902,7.02904813076,-6.6374364275,-0.0,-0.689030883919,-0.0,-9.69177340499,-8.18955276331,-28.8002340009
160,1889.0,Andre Miller,1610612750.0,55.0,44.0,0.8,1.83443337073,4.07069071001,-0.0,-0.0,-0.0,-0.0,-0.0,-0.0,-0.0,-0.0,-0.0,-1.65979939362
161,2733.0,Shaun Livingston,1610612744.0,332.0,322.0,0.969879518072,-3.54361028085,8.03009631042,-2.30162097706,4.09506057782,-1.06541775508,-0.0,8.02602074294,-3.14068865669,-0.0,2.01666900213,10.666037206,8.02506530867
162,203143.0,Pablo Prigioni,1610612746.0,106.0,78.0,0.735849056604,-6.33224219689,-0.0,-0.0,-1.78225614685,-0.647870985526,-0.0,-0.0,-0.0,-0.0,1.69415888332,2.11099640638,-12.3419479237
163,200757.0,Thabo Sefolosha,1610612737.0,344.0,346.0,1.00581395349,-1.73231612069,0.474764182798,4.35424975932,-0.0,5.48236485208,5.98959214817,-0.0,-3.54617059053,-0.0,-1.8890316864,-3.80537322529,2.21304687149
164,1626214.0,Bryce Dejean-Jones,1610612740.0,51.0,46.0,0.901960784314,28.5723714606,-0.0,-0.0,-0.0,-0.0,-0.0,-0.0,-0.0,-0.0,-5.40062261072,-4.73832716476,-3.64633107052
165,203110.0,Draymond Green,1610612744.0,840.0,776.0,0.92380952381,-0.227628253268,20.4498711334,4.25395678285,1.13758154706,-1.78174441373,10.802093823,-10.3546016418,-9.35604034841,-3.45598263572,11.0960724707,-32.496083141,-34.1899161252
166,203552.0,Seth Curry,1610612758.0,78.0,80.0,1.02564102564,0.27472330984,-0.0,-0.0,-0.0,-0.0,2.97524730325,-0.0,-0.0,-0.0,-0.33591585179,6.07568023752,6.91945449964
167,203900.0,Markel Brown,1610612751.0,161.0,145.0,0.900621118012,-3.05931113306,-0.0,-0.0,-0.0,-0.0544545978324,3.16310228385,-0.0,-0.0,-0.0,-4.55864388022,3.92554841671,-3.62576021774
168,202697.0,Iman Shumpert,1610612739.0,225.0,181.0,0.804444444444,-4.32083741966,-0.0,-1.91548617797,0.888068697548,-0.870260422571,-2.29030298599,-0.0,-0.0,-0.0,-2.34955480824,-2.05097609472,-25.4998554685
169,203084.0,Harrison Barnes,1610612744.0,460.0,485.0,1.05434782609,3.04627047025,-2.08268545943,-0.0,-2.0924285117,5.92442849406,-3.63502224032,7.354710012,4.80417025498,0.871754273998,32.8111620391,-1.71807899354,38.375599982
170,2736.0,Luol Deng,1610612748.0,574.0,569.0,0.991289198606,7.33971037603,1.96667347862,1.63663870169,-4.22581152889,4.89021092482,-6.87765373532,-6.01527302813,8.14936102236,-2.30838460874,-0.265532347973,27.1196675883,9.14633619695
171,203915.0,Spencer Dinwiddie,1610612765.0,22.0,20.0,0.909090909091,1.9921294663,-0.0,-0.0,-0.0,-0.0,-0.0,-0.0,-0.0,-0.0,-0.0,-0.0,2.19134241293
172,202498.0,Lance Thomas,1610612752.0,439.0,443.0,1.00911161731,-0.80507002139,-3.77289820556,-0.0,8.49757767401,-1.37544330316,-4.69164328446,7.0064289889,0.844137672164,-1.79980000838,26.5199583253,1.30727714751,23.3765882055
173,202682.0,Derrick Williams,1610612752.0,507.0,497.0,0.980276134122,4.67543393601,9.14244410184,3.16300992549,10.1144389561,4.30637705964,1.08203827043,1.55238057528,0.528164867852,-4.14710471869,-15.0643835379,-11.2485788003,-2.48574650898
174,201152.0,Thaddeus Young,1610612751.0,921.0,852.0,0.925081433225,4.67543393601,-10.5026338045,-0.0,-4.80147635148,-0.0643001833176,-0.0,8.37278681746,-14.8458473547,-5.90697293352,-17.0709758071,-19.5638098714,-68.7278957633
175,203138.0,Hollis Thompson,1610612755.0,506.0,490.0,0.96837944664,-5.35242336761,-0.00395432364573,-6.98994507289,-0.0,-0.916962202109,-4.90495119424,-0.0,-2.96082341369,-0.0,45.0479400244,-7.24671913538,0.591934342353
176,201978.0,Chase Budinger,1610612754.0,208.0,188.0,0.903846153846,2.48190305951,-5.76316511831,-0.66477778938,-0.0,-0.0,-5.44152183486,-0.0,2.15133905766,-0.0,-9.461047031,-0.16526510004,-22.2164396433
177,203937.0,Kyle  Anderson,1610612759.0,247.0,220.0,0.890688259109,-2.10917724845,-1.10145018093,-1.68811206255,10.8901035184,1.20425773092,-0.0,-0.951636715948,-2.15122461177,-0.0,1.01672674571,-9.8364963707,-9.76172486807
178,201603.0,Sonny Weems,1610612756.0,109.0,78.0,0.715596330275,-3.79571834787,-4.43156322887,-1.64740668393,-0.0,-0.0,-0.0,-0.0,-0.0,-0.0,-1.88099683442,-5.06787035767,-27.2701535102
179,203546.0,Ian Clark,1610612744.0,197.0,184.0,0.934010152284,-4.72998688205,2.1311708278,-1.19787512034,-0.906074968989,0.946488242913,3.43021999792,-0.0,-0.0,-0.0,2.20916186208,8.23157761808,3.23649220993
180,203077.0,Michael Kidd-Gilchrist,1610612766.0,65.0,70.0,1.07692307692,5.33400851994,-2.00131858472,-0.0,-0.0,-0.0,-0.0,-0.0,-0.0,-0.0,-3.1909065291,7.50391419947,3.7734236036
181,1897.0,Metta World Peace,1610612747.0,106.0,77.0,0.72641509434,3.04824764042,-0.0,-2.49241115765,-2.48356010574,-0.0,-0.0,-3.55559710158,-0.0,-0.0,2.01666900213,-2.79182909878,-19.700815462
182,203926.0,Doug  McDermott,1610612741.0,462.0,474.0,1.02597402597,2.10706359654,2.48125365903,13.6770721248,-0.0,-0.605225702696,-10.8327297812,2.95984363444,-1.17135250266,-0.0,31.377346952,-6.002534633,23.6621230924
183,2210.0,Richard Jefferson,1610612739.0,276.0,296.0,1.07246376812,1.27047187595,16.1964385338,-0.467176513074,-1.81690139317,-1.18496484586,-0.316990336173,-0.0,-0.0,-0.0,13.567269194,25.1648123113,31.7995235494
184,1626199.0,Darrun Hilliard,1610612765.0,76.0,66.0,0.868421052632,-4.41842430324,-0.0,-0.0,-0.0,-0.0,-0.0,-0.0,-0.0,-0.0,5.55746524082,-1.08715988124,-4.38423664396
185,203463.0,Ben McLemore,1610612758.0,425.0,380.0,0.894117647059,-4.69368808956,-6.77048099779,8.70849951864,1.42503494874,-0.916962202109,-5.47773945449,-0.0,-0.0,-0.0,-15.8554173272,-0.495795300121,-35.6638227492
186,2738.0,Andre Iguodala,1610612744.0,419.0,394.0,0.940334128878,-5.19418447704,-2.92010953834,-0.0,5.67008387698,-0.807994379747,0.0333934282447,-2.42378785828,-0.108852502662,-0.0,6.54471756435,4.57438822379,-4.14461189323
187,201943.0,Brandon Jennings,1610612753.0,29.0,24.0,0.827586206897,-0.300157680094,-0.0,-0.0,-0.0,-0.0,-0.0,-0.0,-0.0,-0.0,-0.646118226999,-0.0,-1.09810886923
188,1626196.0,Josh Richardson,1610612748.0,65.0,44.0,0.676923076923,-1.91499771076,-0.0,-0.0,-0.0,-0.0,-0.0,-0.0,-0.0,-0.0,-8.62378522834,-0.0,-15.5956551994
189,201960.0,DeMarre Carroll,1610612761.0,292.0,258.0,0.883561643836,-4.10655827719,-7.78751344665,-0.0,-2.10996822631,-1.02744726879,-5.67545842243,-0.0,0.11223721753,-0.0,11.6650394799,-3.78368903715,-27.3221075362
190,203515.0,Phil Pressey,1610612755.0,67.0,46.0,0.686567164179,-5.11101783711,-0.0,-0.0,-0.0,-0.0,-0.0,-0.0,-0.0,-0.0,-1.3820060731,-3.79483441375,-16.7111024789
191,203100.0,Tony Wroten,1610612755.0,97.0,54.0,0.556701030928,-6.06119261581,-0.0,-0.0,-2.39748369059,-0.0,-0.0,-0.0,-0.0,-0.0,-3.66148686853,-7.69093374275,-36.0054467095
192,202326.0,DeMarcus Cousins,1610612758.0,1358.0,1270.0,0.935198821797,3.74409714038,7.70203068103,-3.69508127951,-22.8550654866,6.32598033333,-5.493539432,10.7708356012,4.38421251131,-0.548695832565,3.21823290823,7.38820539297,-7.19068627195
193,201583.0,Ryan Anderson,1610612740.0,913.0,911.0,0.997809419496,1.73387840087,-2.02856017874,-1.19787512034,-6.0091416933,5.50148729043,5.43274856554,18.3064090909,-1.4450914714,13.3968164228,7.4650744876,5.19703762337,44.5037384165
194,200794.0,Paul Millsap,1610612737.0,1019.0,991.0,0.972522080471,0.196622756077,1.1914320825,-0.0,-9.39812236974,1.38610683679,-6.29833321148,35.0600085114,2.95448185258,3.60780371124,-13.8630058607,-2.4542206052,2.04791871541
195,202714.0,Shelvin Mack,1610612762.0,32.0,22.0,0.6875,-1.53278348153,-0.0,-0.0,-0.0,-0.0,-0.0,-0.0,-0.0,-0.0,-2.44099124569,-0.0,-5.85117755643
196,201956.0,Omri Casspi,1610612758.0,574.0,595.0,1.03658536585,-2.42368755047,-4.30061522138,11.0070829322,1.73252562908,-2.12306595658,4.74465342578,-0.0,-0.468226667309,-0.226321276766,19.5027084242,7.40369572321,24.6824795763
197,203953.0,Jabari Parker,1610612749.0,660.0,628.0,0.951515151515,-4.07351753418,2.6549759421,-0.0,-10.1705059779,-1.11403900981,1.73551244571,0.813592771422,3.79061223143,-6.07506099298,-21.4515812374,25.340969424,-35.1725166017
198,203088.0,Kendall Marshall,1610612755.0,96.0,58.0,0.604166666667,-6.77464911644,-0.0,-0.0,2.20503261883,-0.82581642781,-0.0,-0.0,-0.0,-0.0,5.45661408659,-0.0,-20.1193436589
199,201596.0,Mario Chalmers,1610612748.0,15.0,13.0,0.866666666667,0.743371852124,-0.0,-0.0,-0.0,-0.0,-0.0,-0.0,-0.0,-0.0,-0.0,-0.0,0.857736752451
200,2756.0,Sasha Vujacic,1610612752.0,187.0,133.0,0.711229946524,-2.0732991021,-0.0,-3.40384932895,-0.0,0.146329096809,-4.27456689732,-0.0,-0.0,-0.0,-7.59870410237,-7.10749074714,-39.3557128398
201,201571.0,DJ Augustin,1610612743.0,21.0,13.0,0.619047619048,-2.47567480019,-0.0,-0.0,-0.0,-0.0,-0.0,-0.0,-0.0,-0.0,-0.0,-0.0,-3.99916698493
202,2757.0,Beno Udrih,1610612763.0,36.0,29.0,0.805555555556,-3.4816279929,-0.0,-0.0,-0.0,-0.0,-0.0,-0.0,-0.0,-0.0,5.78462631905,-0.0,-2.08915117069
203,1626159.0,Justise Winslow,1610612748.0,393.0,318.0,0.809160305344,-5.24204879216,-4.30061522138,-4.453198658,-0.339981265304,-1.83624319562,-0.0,-0.0,7.24387646432,-0.0,-20.6931745364,-15.0721500363,-69.5368483075
204,2754.0,Tony Allen,1610612763.0,349.0,296.0,0.848137535817,2.28618573031,-20.2673584175,-0.0,-1.28211640745,1.73908446601,-0.0,-0.0,-8.92325370882,-0.0,-18.1516100803,-1.83185541975,-59.049218608
205,203944.0,Julius Randle,1610612747.0,787.0,633.0,0.804320203304,-1.71381045499,1.20459949809,-0.0,-18.9862056858,1.74873362779,-4.26638870697,-14.4301578025,-1.94403372613,-14.773698502,-16.2700500733,-13.7919867957,-115.822679663
206,203492.0,Ray McCallum,1610612759.0,60.0,53.0,0.883333333333,-3.45294619718,-1.31066280703,-0.0,-0.0,-0.0,-0.0,-0.0,-0.0,-0.0,1.54205486542,1.21400797449,-5.3565687166
207,203090.0,Maurice  Harkless,1610612757.0,336.0,321.0,0.955357142857,-3.45294619718,4.86621381844,1.28593040847,-2.48356010574,-0.653014787182,-1.75023217741,-2.38952345579,-1.80002760158,-0.0,-2.27408275249,10.5817098467,-10.4489491559
208,2547.0,Chris Bosh,1610612748.0,964.0,1002.0,1.03941908714,0.996064733148,16.6942502655,5.5035414661,39.4246497016,4.42208227046,19.3464364735,-0.601894452515,4.82989192631,24.1974120775,-9.92729108551,-3.42462256244,86.173863037
209,201949.0,James Johnson,1610612761.0,216.0,200.0,0.925925925926,-0.402535010695,1.2467035382,-0.0,1.27984845294,-0.692482416971,-0.0,-0.100315742086,9.39113855717,-0.0,-4.48583595378,-5.69225162063,-6.77393731821
210,203924.0,Jerami Grant,1610612755.0,548.0,491.0,0.89598540146,-1.42817537916,-12.2885746474,1.38567558461,13.8886256921,-1.37368852198,-0.0,2.53396922994,-1.52155219851,-15.8318593913,-17.9178416934,-4.82283394832,-53.9499094944
211,2419.0,Tayshaun Prince,1610612750.0,169.0,152.0,0.899408284024,-1.84484522474,-5.91295360642,-0.0,-0.0,-0.0,-0.0,-2.92402104033,-0.0,-0.0,-2.44919144095,3.10549299195,-16.3647602256
212,1626162.0,Kelly Oubre Jr.,1610612764.0,181.0,168.0,0.92817679558,-2.53928523195,0.239158236057,-0.99716668407,-0.0,-0.0,-0.0,-0.0,-0.826837060703,-0.0,-4.55864388022,9.1608648533,-13.9122842749
213,201980.0,Danny Green,1610612759.0,480.0,429.0,0.89375,-3.54939531219,2.55577961337,-5.26383881847,-0.0,-1.52237696052,-3.96923431504,-0.0,1.00974440895,-0.0,16.5526509482,-23.1255117597,-37.1366941562
214,200782.0,PJ Tucker,1610612756.0,466.0,386.0,0.828326180258,-3.54939531219,-5.69719370034,-0.0,-2.65498598474,-1.83392440422,-0.0,-9.11063630423,5.87313367109,-2.19319119741,16.4404478058,-22.8903348213,-61.7207975773
215,201147.0,Corey Brewer,1610612745.0,501.0,427.0,0.852295409182,-4.09484516513,-6.64931690893,-6.51265300509,0.665933257047,5.90862301332,-8.62687520852,-0.0,-2.15122461177,-0.0,-19.3833942935,0.096872073577,-66.5276136832
216,1626145.0,Tyus Jones,1610612750.0,38.0,22.0,0.578947368421,-4.09484516513,-0.0,-0.0,-0.0,-0.0,-0.0,-0.0,-0.0,-0.0,-0.0,-2.10906875052,-12.5219373926
217,101107.0,Marvin  Williams,1610612766.0,560.0,591.0,1.05535714286,0.0782772219305,2.50836000473,12.6173991533,-0.0,6.33423272541,4.61435325862,6.5434389607,-3.51405750799,2.02186830763,21.6381787365,0.0642019051119,48.8144356244
218,1626178.0,Rondae Hollis-Jefferson,1610612751.0,86.0,78.0,0.906976744186,-1.05458862423,-0.0,-0.0,-0.0,-0.0,-0.0,-0.0,-2.62906950481,-0.0,-1.12371751635,-2.96498149429,-8.73197523535
219,203099.0,Jared Cunningham,1610612739.0,104.0,86.0,0.826923076923,-4.16997466325,-4.14329377943,-0.0,-0.0,-0.0,-0.0,-0.0,-0.0,-0.0,-2.63666285306,1.8994429528,-17.7770075031
220,203496.0,Robert Covington,1610612755.0,619.0,545.0,0.880452342488,-5.03536070226,-2.82929750989,-1.99056880606,-4.68912104597,1.70849210279,-3.63502224032,-0.0,2.54840612945,24.5571458704,1.31716799539,-23.1792583292,-42.4351469372
221,203895.0,Jordan McRae,1610612756.0,22.0,20.0,0.909090909091,-0.0758760844227,-0.0,-0.0,-0.0,-0.0,-0.0,-0.0,-0.0,-0.0,-0.0,-1.18599259771,-1.28083770324
222,202407.0,Elijah Millsap,1610612762.0,42.0,25.0,0.595238095238,-0.657692280864,-0.0,-0.0,-0.0,-0.0,-0.0,-0.0,-0.0,-0.0,-4.69611811971,-2.97247783288,-15.4273019502
223,1626173.0,Rashad Vaughn,1610612749.0,155.0,117.0,0.754838709677,-1.14254030333,-0.0,-0.0,-0.0,-0.0,-2.42591159214,-0.0,-0.0,-0.0,-18.6578571617,-2.130328812,-35.203707592
224,204001.0,Kristaps Porzingis,1610612752.0,872.0,808.0,0.926605504587,-1.55279621229,-12.8980851556,-0.0,1.6501023065,7.55655776687,-0.622622291732,-8.76562827738,13.8530332001,10.1574378273,-26.271779283,-9.67996298857,-36.3214873833
225,2440.0,Matt Barnes,1610612763.0,500.0,463.0,0.926,-1.90444406614,-8.98609583993,2.49375266751,-1.70931197235,-1.58978933267,-0.915663735031,-0.0,-2.41160809372,5.99632737673,-7.44174436802,-0.292836369483,-26.4116389053
226,203960.0,JaKarr Sampson,1610612755.0,288.0,231.0,0.802083333333,-2.71117219076,-6.07369480964,11.125528201,-1.83518602976,0.146329096809,-0.0,-0.0,-0.396965857588,-0.0,-18.0818827709,-12.52646264,-57.1166178101
227,202693.0,Markieff Morris,1610612756.0,554.0,419.0,0.756317689531,-1.89715777489,-9.95977100003,-0.0,-6.46685125832,-2.13974657315,6.05104839097,-14.0272461086,-6.56324147823,-3.91260408941,-19.3329861927,-0.920332726949,-92.3593549177
228,202703.0,Nikola Mirotic,1610612741.0,507.0,459.0,0.905325443787,-3.33306075784,-5.80382389569,-4.25316534598,1.88766640253,0.741628844394,10.5915281091,-2.085492002,3.8256135042,13.8449433989,-2.9755938664,-15.7371771903,-24.1853719847
229,203187.0,Christapher Johnson,1610612762.0,160.0,121.0,0.75625,-1.85690713484,-0.0,-4.43859326346,-0.0,4.07468350402,-0.0,-0.0,-0.0,-0.0,-15.0716713304,-0.613555151299,-28.6067883312
230,203515.0,Phil Pressey,1610612756.0,25.0,18.0,0.72,-1.85690713484,-0.0,-0.0,-0.0,-0.0,-0.0,-0.0,-0.0,-0.0,-0.0,-2.10906875052,-5.99863874941
231,2746.0,Josh Smith,1610612745.0,121.0,83.0,0.685950413223,-2.85690922101,-0.0,-0.0,2.99254426841,-0.759148424013,-0.0,-0.0,-0.0,-5.08257613158,-5.40977097557,-2.21340249887,-26.8356074368
232,203798.0,PJ Hairston,1610612766.0,295.0,268.0,0.908474576271,-3.47229317386,-0.0,-3.696353946,-0.0,-0.0,-2.43545829369,-0.0,-3.21788883067,-0.0,12.2024558138,-0.475365515427,-20.6237546495
233,202341.0,James Anderson,1610612758.0,83.0,45.0,0.542168674699,-1.96408754057,-0.0,-0.0,-0.0,-0.0,-0.0,-0.0,-0.0,-0.0,-9.27419711048,-9.04799540728,-37.5222215498
234,203584.0,Troy Daniels,1610612766.0,124.0,141.0,1.13709677419,-2.12434759206,-0.0,-1.13866214189,-0.0,-0.0,-0.506655105521,-0.0,-0.0,-0.0,25.9499772716,21.6280148046,22.8201987804
235,203934.0,Lamar Patterson,1610612737.0,86.0,69.0,0.802325581395,-2.12434759206,1.01637388152,-0.0,-0.0,-0.0,-0.0,-0.0,-0.0,-0.0,-11.018663139,10.8474939778,-16.6273501072
236,202696.0,Nikola Vucevic,1610612753.0,982.0,912.0,0.928716904277,-1.63793806605,-21.572920261,-0.0,7.68049231308,-0.550078153191,0.658631990697,16.8743847814,2.06941988075,-16.4997499681,-4.94013047761,-1.64702318771,-23.6421124378
237,203922.0,Glenn Robinson III,1610612754.0,132.0,121.0,0.916666666667,-1.67845356742,6.47770369291,-0.0,-0.0,-0.0,-2.34582164223,-0.0,-0.0,-0.0,-8.26912175548,2.82687299812,-15.9514607934
238,203123.0,Kostas Papanikolaou,1610612743.0,80.0,55.0,0.6875,-0.0,-0.0,9.2535414661,-0.0,-0.458481101054,-0.0,-0.0,-0.0,-0.0,-5.40977097557,-2.97247783288,-16.4627526701
239,101162.0,Marcin Gortat,1610612764.0,678.0,678.0,1.0,-0.0,-22.4253003255,-0.0,-0.0,-4.46055785205,-0.0,-5.42760209296,-6.55856739284,30.3971439748,-2.85124715465,14.945824042,-15.4209922249
240,201572.0,Brook Lopez,1610612751.0,1187.0,1173.0,0.988205560236,-0.0,22.1231034467,-0.0,7.9926388297,-0.776222360141,-2.43545829369,23.7591320865,-1.48648343178,2.58375153646,-19.3038970281,5.18881090864,23.1563489257
241,2730.0,Dwight Howard,1610612745.0,678.0,674.0,0.994100294985,-0.0,36.5474415794,-0.0,-0.0,-1.74001262019,-0.0,-2.85896302607,3.57879211438,7.82375645758,-0.0,3.32402516739,32.9844086905
242,202328.0,Greg Monroe,1610612749.0,899.0,910.0,1.01223581758,-0.0,-3.80472981576,-0.0,3.6621338719,8.7224818617,-0.0,-4.10471983938,9.94489577134,6.15743674789,7.01609094962,7.84202371437,34.0577158593
243,201599.0,DeAndre Jordan,1610612746.0,609.0,654.0,1.07389162562,-0.0,54.041938989,-0.0,-0.0,11.2709633333,-0.0,-2.96799359382,-9.95884201849,58.1103795879,-0.0,3.92575080572,84.8036056698
244,2585.0,Zaza Pachulia,1610612742.0,577.0,518.0,0.897746967071,-0.0,-30.0173843306,-0.0,6.85544827889,-2.46880329635,-0.0,-2.55993937746,-10.2904885267,-9.5065918908,-8.71380809474,3.03501993623,-61.3631757628
245,202324.0,Derrick Favors,1610612762.0,664.0,676.0,1.01807228916,-0.0,21.3759545685,-0.0,4.80579815817,-3.26022063537,-0.0,8.46782689928,24.0187039525,7.47349723812,-14.3429448392,0.592684072181,22.9043631534
246,202702.0,Kenneth Faried,1610612743.0,613.0,627.0,1.02283849918,-0.0,-0.978052818699,-0.0,-1.81690139317,-0.315817224135,-0.0,4.61812624212,-6.64941284801,6.08407431404,-7.67111739263,28.5138169001,7.37583513932
247,202685.0,Jonas Valanciunas,1610612761.0,468.0,496.0,1.05982905983,-0.0,37.043883873,-0.0,-0.0,2.9378095746,-0.0,1.54110226389,-6.89030883919,16.6453505079,-2.73475319702,2.2911819336,36.4903181275
248,203486.0,Mason Plumlee,1610612757.0,584.0,519.0,0.888698630137,-0.0,-16.7026607265,-0.0,-5.4648080281,-4.16043314296,-0.0,1.92755249186,-5.02992545261,-9.85918008513,-6.01575909762,3.40339574771,-59.602459975
249,202389.0,Timofey Mozgov,1610612739.0,343.0,336.0,0.979591836735,-0.0,16.284301438,-0.0,-0.0,-0.0,-0.0,-9.58098788215,-2.75444268718,13.3887101095,-7.05415231989,2.89779503358,-14.5979600544
250,203500.0,Steven Adams,1610612760.0,394.0,411.0,1.04314720812,-0.0,18.6477447433,-0.0,-0.0,-0.776222360141,-0.0,1.38178457342,-8.82213024988,10.5128334779,-0.0,0.821528933234,14.9561011412
251,101106.0,Andrew  Bogut,1610612744.0,263.0,257.0,0.977186311787,-0.0,30.3351028495,-0.0,-0.0,-3.06380965369,-0.0,-3.39186642931,-0.544486274658,-3.84331586618,-0.0,3.18890817096,-6.23241559422
252,203939.0,Dwight  Powell,1610612742.0,343.0,345.0,1.00583090379,-0.0,28.7078795616,-0.0,-0.0,6.09021121093,-6.87765373532,-0.0,-3.79596304396,-5.77096152185,-10.5292841697,7.94421702828,-6.58923110049
253,203991.0,Clint Capela,1610612745.0,402.0,390.0,0.970149253731,-0.0,-18.9213322565,-0.0,-0.0,-1.62875537191,-0.0,-4.12516348798,1.88168980451,3.12959388914,-0.0,-5.42572751334,-30.2293190114
254,202355.0,Hassan Whiteside,1610612748.0,570.0,598.0,1.04912280702,-0.0,18.1149520363,-0.0,-0.0,-4.89966854113,-0.0,-11.7824884558,30.0131287866,45.7180205337,1.4103004693,1.05665612385,43.2252277175
255,203476.0,Gorgui Dieng,1610612750.0,569.0,556.0,0.977152899824,-0.0,29.8239426947,-0.0,-3.62830516499,-3.23322201968,-0.0,8.27499261208,8.65239931326,-9.95137969374,-11.4866913172,13.3253108196,7.13771094949
256,203083.0,Andre Drummond,1610612765.0,1098.0,971.0,0.884335154827,-0.0,-16.0105727923,-0.0,-5.31879355456,-3.62388225668,-0.0,-30.9032129569,9.84672479731,14.5431739562,-3.46790890269,-6.002534633,-62.041978854
257,203457.0,Nerlens Noel,1610612755.0,607.0,540.0,0.889621087315,-0.0,-20.5357481254,-0.0,-8.36673937245,-3.88823053326,-0.0,-8.51050539082,4.54384984026,-11.2871171042,-8.22350741543,32.352936622,-60.9354884596
258,201585.0,Kosta Koufos,1610612758.0,358.0,353.0,0.986033519553,-0.0,-17.900765132,-0.0,-0.0,-1.71222721083,-0.0,0.518080733486,5.05927206419,-2.86225748852,-0.0,0.592684072181,-20.7529166985
259,101133.0,Ian Mahinmi,1610612754.0,407.0,417.0,1.02457002457,-0.0,-2.61369954148,-0.0,-0.732666486796,-0.947367227935,-0.0,-1.17526149973,3.54993439574,18.9887675629,-6.99628517001,11.9163255424,11.290750104
260,202683.0,Enes Kanter,1610612760.0,639.0,677.0,1.05946791862,-0.0,7.01031938122,-0.0,-1.45498587745,0.285570440968,-0.0,7.94027272976,14.016233712,4.51229134104,4.2309014079,12.3310381215,41.9898271477
261,201959.0,Taj Gibson,1610612741.0,470.0,440.0,0.936170212766,-0.0,-24.4083591756,-0.0,-0.0,-1.52237696052,-0.0,-7.36886645032,1.5766158287,-2.64745729484,4.21308961319,-0.40306971293,-35.0154459295
262,203458.0,Alex Len,1610612756.0,467.0,401.0,0.858672376874,-0.0,-1.20648308146,-0.0,-2.22713467848,-2.78887005278,-0.0,-10.6493877575,-4.68541001065,-10.6279046289,-3.33164937748,-3.01815466991,-55.3762978787
263,203076.0,Anthony Davis,1610612740.0,1168.0,1179.0,1.00941780822,-0.0,21.501378407,-0.0,-13.694977472,8.26668200279,22.2506761034,-17.9637838909,27.6819572632,26.5145891595,-10.5301291044,42.2434074269,63.2800770037
264,202684.0,Tristan Thompson,1610612739.0,405.0,434.0,1.07160493827,-0.0,-10.4698466509,-0.0,-0.0,2.8478805427,-0.0,-2.2116742828,-10.5956688945,30.8887631612,5.78462631905,15.5786950421,19.9802763974
265,101161.0,Amir Johnson,1610612738.0,413.0,415.0,1.00484261501,-0.0,16.6118157308,-0.0,5.08504193849,-3.11617087637,-0.0,3.37057576494,1.43093348865,2.2329127918,-8.88121462868,15.1892005938,5.59883394176
266,203497.0,Rudy Gobert,1610612762.0,369.0,365.0,0.989159891599,-0.0,-15.0334257681,-0.0,-0.0,-2.05410471517,-0.0,-0.877675253177,6.77849175057,5.19404052634,-0.0,4.53501850571,-5.06736598614
267,203105.0,Festus Ezeli,1610612744.0,296.0,294.0,0.993243243243,-0.0,10.0126398853,-0.0,-0.0,-0.206531327115,-0.0,-7.20893615007,-5.69394456594,0.396066341512,-0.0,7.25143278809,-3.21480825935
268,202687.0,Bismack Biyombo,1610612761.0,322.0,301.0,0.934782608696,-0.0,-20.1354892549,-0.0,-0.0,0.806009687689,-0.0,-2.00094107283,-11.9602846993,6.97950317063,-0.0,8.79254599549,-23.2670642725
269,1626157.0,Karl-Anthony Towns,1610612750.0,966.0,990.0,1.0248447205,-0.0,25.6349626983,-0.0,20.2933679694,-3.30974171546,9.85565995348,9.36770057264,31.1043648997,-16.1919950868,2.56702898551,3.64168579919,60.1369595071
270,201577.0,Robin Lopez,1610612752.0,584.0,568.0,0.972602739726,-0.0,-16.07557099,-0.0,-0.0,-3.94142760465,-0.0,5.90199133773,32.1499061869,-2.10655363672,-3.40527427863,3.36379069213,0.730902335905
271,203089.0,John Henson,1610612749.0,278.0,276.0,0.992805755396,-0.0,0.709079420258,-0.0,-0.0,-0.50777971255,-0.0,-3.46507890123,4.69434262211,7.00780735112,-0.0,-1.97665432952,-8.9328635149
272,202334.0,Ed Davis,1610612757.0,330.0,357.0,1.08181818182,-0.0,-1.90649843139,-0.0,-0.0,0.292658193618,-0.0,1.07996054939,7.84098424607,10.2014425559,-0.0,-0.0950731030853,15.8772507016
273,200746.0,LaMarcus Aldridge,1610612759.0,893.0,894.0,1.00111982083,-0.0,19.9247140198,-0.0,-0.339981265304,0.519285255667,-5.17470579312,33.9106657775,51.3845157879,-20.5024596758,-21.9224916662,8.81178097285,31.0456550941
274,203999.0,Nikola Jokic,1610612743.0,525.0,531.0,1.01142857143,-0.0,2.43341234453,-0.0,-2.17497670084,6.63220421458,-0.0,8.55561788656,3.13465549037,-1.50437083968,9.60691459776,-5.25929794531,20.5674109335
275,201941.0,Jordan Hill,1610612754.0,526.0,479.0,0.910646387833,-0.0,-2.36618171969,-0.0,-2.53102425849,-2.89117095684,-0.0,-0.494258498323,10.9035402687,-7.87340015022,-5.52432677452,-5.30999402069,-31.9180987034
276,201143.0,Al Horford,1610612737.0,863.0,888.0,1.02896871379,-0.0,-6.37718092242,-0.0,0.0338129077353,-1.94361295658,-0.549412587592,3.35549380861,25.2686433931,31.2968027687,-16.1273188455,24.9113987958,38.8494073607
277,203469.0,Cody Zeller,1610612766.0,415.0,423.0,1.01927710843,-0.0,-6.1579804652,-0.0,-0.997483774034,-1.8758517193,-0.0114768596693,-0.0,7.18928779114,17.9735153873,-12.811580034,21.3435805785,3.10174239343
278,201168.0,Tiago Splitter,1610612737.0,190.0,195.0,1.02631578947,-0.0,7.11461717067,-0.0,-0.0,-0.474812614492,-0.0,0.56127323232,-1.10276686594,-6.31951239073,-0.0,10.2198446305,-3.90742481828
279,201188.0,Marc Gasol,1610612763.0,934.0,855.0,0.915417558887,-0.0,5.78198924349,-0.0,1.93739736302,-2.1015363208,-1.83723836403,7.61364523749,-6.95142983981,16.5705619041,-18.4719125884,1.4245822146,-10.2872235701
280,1626161.0,Willie Cauley-Stein,1610612758.0,248.0,271.0,1.09274193548,-0.0,-4.17617464865,-0.0,-0.0,-0.700512106932,-0.0,-1.03952367037,-2.70178698534,10.8100681282,-0.0,12.5243608893,8.98046249721
281,201586.0,Serge Ibaka,1610612760.0,765.0,737.0,0.96339869281,-0.0,3.70773804903,-0.0,-2.36999068034,-1.20227149811,-1.02505348938,-0.263544305384,15.7624911196,-15.2200524386,-9.24085280639,2.12679287426,-22.3583600703
282,1626143.0,Jahil Okafor,1610612755.0,937.0,871.0,0.929562433298,-0.0,-30.7804773974,-0.0,-3.25180977655,-0.621817354224,-0.0,-2.20694632589,25.2495320033,0.341251050358,-3.37470747373,18.9716321979,-13.1530549019
283,202730.0,Lavoy Allen,1610612754.0,346.0,311.0,0.898843930636,-0.0,-3.71728687225,-0.0,-0.0,-2.13403553069,-0.0,-5.48719190362,1.73928381257,-4.68309305804,-8.34175619674,2.374303691,-40.080301266
284,2200.0,Pau Gasol,1610612741.0,938.0,894.0,0.953091684435,-0.0,-1.66360858294,-0.0,6.12763212573,-1.07040832725,1.77712665109,-8.06900492291,7.09986879148,-13.7998341383,13.8962098624,6.4944243172,4.95488739848
285,203481.0,Jeff  Withey,1610612762.0,185.0,187.0,1.01081081081,-0.0,-1.43067736133,-0.0,-0.0,-1.23435194109,-0.0,-0.0,-3.17459487346,1.63825174624,-2.06149054018,4.21634163555,-5.51832153401
286,1495.0,Tim Duncan,1610612759.0,404.0,365.0,0.903465346535,-0.0,-12.6110801171,-0.0,-0.0,-3.72563639113,-0.0,3.41523726561,12.2084438874,-1.25142353036,-1.292236454,-0.720228730403,-20.6010880537
287,2199.0,Tyson Chandler,1610612756.0,298.0,271.0,0.909395973154,-0.0,-13.0954192199,-0.0,-0.0,-3.15530296479,-0.0,-0.877675253177,3.87070990924,1.1410522978,-2.55801546796,4.487012954,-26.565334353
288,101138.0,Brandon Bass,1610612747.0,306.0,333.0,1.08823529412,-0.0,24.7438553902,-0.0,-2.90484571912,0.645105748514,-0.0,8.49526880158,-3.73172282462,9.91201649749,-3.68361801242,10.1113759012,26.7520063817
289,201600.0,Omer Asik,1610612740.0,195.0,172.0,0.882051282051,-0.0,-1.19441134876,-0.0,-0.0,-0.0,-0.0,-0.0,-6.99132441408,-4.84095556981,-0.0,-0.0,-28.630193316
290,2561.0,David West,1610612759.0,364.0,367.0,1.00824175824,-0.0,6.68862320346,-0.0,-1.81415258249,-2.33741211466,-0.0,12.6769208164,17.4429841097,-1.93134420109,8.53713768116,-7.03178394677,14.6303109438
291,1626158.0,Richaun Holmes,1610612755.0,220.0,230.0,1.04545454545,-0.0,3.74011061461,-0.0,-0.0,-0.0,-0.0,-1.1058371414,17.5017457087,-1.67341436069,-6.93581780538,11.6980748893,1.42503356059
292,202344.0,Trevor  Booker,1610612762.0,374.0,313.0,0.836898395722,-0.0,-10.5813980661,-0.0,-0.0,-2.83647295194,-0.0,-2.00094107283,-14.503180491,-7.85760050922,-10.6735107642,-1.33688594583,-63.52550902
293,1626167.0,Myles Turner,1610612754.0,356.0,364.0,1.02247191011,-0.0,18.0738723716,-0.0,-1.99496754807,2.99179297302,-0.0,13.0787823816,5.17974091145,-17.1179728108,0.818064182195,14.1031901961,19.7659952837
294,201579.0,Roy Hibbert,1610612747.0,410.0,354.0,0.863414634146,-0.0,5.35772562942,-0.0,-0.0,-0.993795121148,-0.0,-18.6455065577,10.3594818229,-3.82363467408,-4.07748553681,-2.31699631516,-32.0154268324
295,2216.0,Zach Randolph,1610612763.0,755.0,706.0,0.935099337748,-0.0,7.91130080269,-0.0,1.36750917482,-1.88410369456,-0.0,-5.82837884211,11.8283336371,3.25996324232,-4.48583595378,6.56592492454,9.68586251288
296,203096.0,Jared Sullinger,1610612738.0,689.0,582.0,0.844702467344,-0.0,-7.79868421508,-0.0,-6.78220975288,-3.33475204877,-1.9794069875,-2.5199213523,0.301430121981,-12.4193098885,-17.972241147,-6.74398859069,-83.1295297171
297,203093.0,Terrence Jones,1610612745.0,446.0,418.0,0.937219730942,-0.0,-12.1936210151,-0.0,-3.618749895,-2.11254295068,-0.0,-2.36984107555,-2.68722044728,7.0653319547,-7.1433603328,8.69338510075,-23.0726182727
298,201580.0,JaVale McGee,1610612742.0,147.0,148.0,1.00680272109,-0.0,8.2158778802,-0.0,-0.0,-0.995865635787,-0.0,-2.40443812989,-3.94209265176,6.32416243919,-0.0,-0.0,-3.42936221217
299,2403.0,Nene Hilario,1610612764.0,284.0,277.0,0.975352112676,-0.0,4.04104781628,-0.0,7.3465594791,-0.814377685957,-0.0,8.67321471768,-0.0,-5.23255132658,-3.91228644645,0.0256807620448,5.77101582655
300,1626163.0,Frank Kaminsky,1610612766.0,446.0,408.0,0.914798206278,-0.0,1.46149128176,-0.0,1.18302283172,2.62920234969,-1.17480971602,-3.76862195035,9.50796533111,2.95659994025,-22.9975698817,-5.14939253358,-26.0065337585
301,203382.0,Aron Baynes,1610612765.0,342.0,318.0,0.929824561404,-0.0,-7.7221134355,-0.0,-0.0,-1.07559402415,-0.0,-0.0408080015734,-10.1618510383,10.2334617747,-3.05123905711,0.938183319289,-15.6112958028
302,1626204.0,Larry Nance,1610612747.0,218.0,225.0,1.03211009174,-0.0,0.475494250789,-0.0,-0.0,3.05638182802,-0.0,-0.0,0.715466744323,-4.61518465238,-7.5795537801,19.601579957,2.72503385809
303,203118.0,Mike Scott,1610612737.0,310.0,329.0,1.06129032258,-0.0,-9.33499448476,-0.0,-0.0,-0.0,-0.0,5.79143014761,-3.11868011614,10.540270732,4.3906287641,14.2022969372,11.1796807359
304,203101.0,Miles Plumlee,1610612749.0,113.0,120.0,1.06194690265,-0.0,2.74274778405,-0.0,-0.0,-0.784790431602,-0.0,1.88296317943,-2.18763112702,10.3700282668,-0.0,-0.0,4.36074935149
305,2449.0,Luis Scola,1610612761.0,539.0,501.0,0.929499072356,-0.0,-4.05712035748,-0.0,-0.0,0.403004843844,-0.0,-7.24637387194,-1.36165618008,-14.7467677073,-12.9334920721,21.3655681376,-29.8695587087
306,101135.0,David Lee,1610612738.0,250.0,214.0,0.856,-0.0,0.476745501795,-0.0,-2.48356010574,-0.32368848026,-0.0,-2.89593900396,-2.75444268718,-7.01829113277,-3.66148686853,-5.94495566577,-34.1189973078
307,203210.0,JaMychal Green,1610612763.0,304.0,295.0,0.970394736842,-0.0,-4.87509737845,-0.0,-1.45498587745,-0.246743006794,-0.0,-2.80575452835,-0.544486274658,0.313600567781,3.62720060299,2.15767028112,-5.73201034678
308,203530.0,Joffrey Lauvergne,1610612743.0,280.0,284.0,1.01428571429,-0.0,3.818274002,-0.0,-1.28499533421,-1.10146537721,-0.0,2.42154775092,3.61900914302,1.07056093923,-3.07388673201,16.0373538357,7.0820743655
309,201601.0,Luc Mbah a Moute,1610612746.0,170.0,153.0,0.9,-0.0,-10.0065929236,-0.0,-0.0,-0.0,-0.0,-0.0,-4.35625290657,-2.61056921164,-7.58795712145,-0.925745296348,-29.6208412414
310,203482.0,Kelly Olynyk,1610612738.0,542.0,537.0,0.990774907749,-0.0,-1.6396327904,-3.4526528835,-3.1844293549,-1.81988574905,2.58373969236,-2.72046770623,-7.63706558427,7.02900791642,10.2184775947,25.4754054912,6.5256648217
311,2744.0,Al Jefferson,1610612766.0,275.0,255.0,0.927272727273,-0.0,-1.6396327904,-0.0,-0.0,-0.692482416971,-0.0,-3.21333468964,-0.826837060703,4.88984778599,0.451345755694,-0.0,-4.66783835714
312,201582.0,Alexis Ajinca,1610612740.0,212.0,189.0,0.891509433962,-0.0,-7.7215126446,-0.0,-0.0,-1.16870605733,-0.0,-3.55559710158,1.02619886985,3.66164357441,-6.65372670807,-1.28482531419,-25.4398483813
313,203460.0,Andre Roberson,1610612760.0,230.0,223.0,0.969565217391,-0.0,1.47063040333,-0.0,-0.0,-0.151463159069,-0.0,-0.0,-0.962600226016,-0.0,-15.6359989648,11.7741538144,-13.2871302637
314,201567.0,Kevin Love,1610612739.0,894.0,870.0,0.973154362416,-0.0,-6.20173899228,-1.47446888612,5.19757688723,-2.78887005278,2.25816682525,27.9754529515,-11.1798765581,-8.4992852369,12.4565811722,9.57363952862,18.0671983039
315,1717.0,Dirk Nowitzki,1610612742.0,865.0,894.0,1.03352601156,-0.0,10.9189345103,-0.0,3.815083003,12.8242317361,-3.29899783205,48.8719848009,-5.37806152942,-4.02464138634,7.4650744876,28.4011175182,84.474780973
316,201150.0,Spencer Hawes,1610612766.0,321.0,282.0,0.878504672897,-0.0,-9.20606548971,-0.0,-0.0,-2.72698395763,-0.0,0.332407948568,2.93584061131,-0.838720025664,-4.82957463778,-3.13365803067,-27.2366691101
317,101141.0,Ersan Ilyasova,1610612765.0,605.0,573.0,0.947107438017,-0.0,-5.58632411926,-1.2816807326,-0.0,-2.23659362453,-0.156763317841,-0.313964496468,-6.36176489397,-18.1368877253,3.83038576765,19.3034825899,-29.4212281456
318,203186.0,Willie Reed,1610612751.0,102.0,111.0,1.08823529412,-0.0,-4.19558805089,-0.0,-0.0,-0.0,-0.0,0.435883657477,-1.7225772098,6.89392861476,-0.0,-0.0,0.592081071522
319,202332.0,Cole Aldrich,1610612746.0,191.0,182.0,0.952879581152,-0.0,-11.2055529093,-0.0,-0.0,-1.38271318419,-0.0,-2.35258892668,2.19051457056,8.75076507468,-0.0,-0.0,-10.6740529737
320,201589.0,Darrell Arthur,1610612743.0,378.0,340.0,0.899470899471,-0.0,-13.6555380558,-0.0,-0.0,-2.18653930766,6.25863165691,6.17782013518,-5.58993827906,-8.22742737717,1.27823577041,0.942022206857,-31.2234581531
321,203086.0,Meyers Leonard,1610612757.0,437.0,415.0,0.949656750572,-0.0,-5.69719370034,-0.0,-0.0,-2.70580824571,2.99201149776,3.36243424898,-5.00099694498,10.2427962919,-2.58736297889,-1.02920881689,-8.47096312957
322,1626168.0,Trey Lyles,1610612762.0,264.0,224.0,0.848484848485,-0.0,-8.78014155057,-0.0,-0.0,-0.82581642781,-0.0,-0.0,-4.711401459,-9.32222186872,-10.2648849843,2.63133141624,-43.101124592
323,2405.0,Amare Stoudemire,1610612748.0,145.0,135.0,0.931034482759,-0.0,-3.13430940428,-0.0,-0.0,-0.462907912902,-0.0,-1.73845229209,-2.68412678989,5.11673088733,-0.0,-0.0,-8.80125136442
324,203948.0,Johnny OBryant,1610612749.0,184.0,136.0,0.739130434783,-0.0,-9.50501107493,-0.0,-0.0,-1.11829681226,-0.0,2.15195791935,-7.52026569435,-4.3669566926,-12.2690985921,-0.0,-47.9908847295
325,201162.0,Jared Dudley,1610612764.0,454.0,496.0,1.09251101322,-0.0,6.29881236146,-0.0,-0.0,-0.199252243555,-3.93841346144,-0.0,1.36873626958,-7.04306588382,51.8647779095,6.1276784517,40.7488738681
326,200745.0,Andrea Bargnani,1610612751.0,324.0,301.0,0.929012345679,-0.0,4.48803004811,-0.0,-2.54262649446,-0.70602135403,-1.0913680093,1.88296317943,-4.40944450792,-6.13972872639,-6.56660893689,3.75195709974,-18.3569306262
327,203080.0,Thomas Robinson,1610612751.0,222.0,171.0,0.77027027027,-0.0,-4.13999774864,-0.0,-2.03665873778,-1.42306084463,-0.0,-2.31915451831,-8.89392434804,-6.86176479977,-1.54358177458,0.821528933234,-50.655289437
328,201581.0,JJ Hickson,1610612743.0,148.0,132.0,0.891891891892,-0.0,-8.17771929802,-0.0,-0.0,-0.728846435888,-0.0,-0.877675253177,-1.24025559105,3.76864110897,-3.06151741965,-1.28482531419,-19.2480102575
329,203112.0,Quincy Acy,1610612758.0,103.0,119.0,1.15533980583,-0.0,6.99538411902,-0.0,-0.0,2.03007040364,-0.0,-0.0,-1.44696485623,-1.79980000838,6.992858401,4.487012954,12.8822555176
330,203092.0,Tyler Zeller,1610612738.0,234.0,216.0,0.923076923077,-0.0,-5.97526488496,-0.0,-0.0,-1.46241205505,-0.0,0.132963179427,-4.63895797232,-3.00231615484,-3.42235420851,7.71891756071,-16.1189634935
331,202325.0,Wesley Johnson,1610612746.0,372.0,363.0,0.975806451613,-0.0,9.45635818158,-0.384276056221,-0.0,-1.34231605913,-4.26205201395,-0.0,-0.0,3.04504113833,1.68019709873,-2.46975688594,-2.46773340049
332,201973.0,Jonas Jerebko,1610612738.0,245.0,217.0,0.885714285714,-0.0,-4.67948318804,-0.0,-0.0,2.5206722681,-0.0,-2.19301578025,-4.40944450792,-5.60322485533,-6.66329875496,-1.23312368682,-26.7628231136
333,203124.0,Kyle O'Quinn,1610612752.0,247.0,212.0,0.858299595142,-0.0,-5.77428246821,-0.0,4.20264555157,-2.0141320186,-0.0,-2.89593900396,9.70364332821,-10.7518295373,-4.13347284925,3.36379069213,-22.0713741391
334,2555.0,Nick Collison,1610612760.0,116.0,95.0,0.818965517241,-0.0,-9.56123627509,-0.0,-0.0,-1.38271318419,-0.0,-0.0,-5.25813900962,-1.35273457424,-0.0,-0.0,-22.2499305866
335,2564.0,Boris Diaw,1610612759.0,386.0,379.0,0.981865284974,-0.0,-2.05266015507,-0.0,4.35754792688,-1.64425106134,-0.0,21.4498477542,-3.22683691765,-4.19028278229,10.0256775502,3.03501993623,19.1879480249
336,201149.0,Joakim Noah,1610612741.0,192.0,118.0,0.614583333333,-0.0,-2.05266015507,-0.0,-0.0,-1.81287164518,-0.0,-1.59301563719,-14.7650842588,-4.95975590926,-3.12719979296,-4.21922961816,-64.2800208436
337,203488.0,Mike Muscala,1610612737.0,141.0,146.0,1.03546099291,-0.0,1.23591268301,-0.0,-0.0,3.46136425095,-0.0,-0.0,-2.04363345815,2.86067124953,-2.56602000573,3.75195709974,5.65663432161
338,201578.0,Marreese Speights,1610612744.0,363.0,299.0,0.823691460055,-0.0,-12.5630560493,-0.0,-1.92317461118,-1.90839376109,-7.65842644158,-3.87625081382,-10.9743855544,-1.97180687674,-0.270096999394,6.16551906075,-54.6832598616
339,202379.0,Jeremy Evans,1610612742.0,43.0,55.0,1.27906976744,-0.0,8.99604424584,-0.0,-0.0,-0.0,-0.0,-0.0,-0.0,5.41361743829,-1.3820060731,-0.0,8.23095252477
340,203943.0,Noah Vonleh,1610612757.0,232.0,190.0,0.818965517241,-0.0,-2.45780248188,-0.0,-0.0,-0.700512106932,-0.0,-3.47957149204,-0.033986798516,-7.25449479477,-12.9654296185,4.69908063808,-39.2092854826
341,202087.0,Alonzo Gee,1610612740.0,224.0,212.0,0.946428571429,-0.0,-5.60369203721,-0.0,-0.0,-1.41541608955,-0.0,-0.0,-4.0757508253,-0.0,-6.72207783419,10.4192555708,-15.2656924219
342,2760.0,Anderson Varejao,1610612739.0,96.0,75.0,0.78125,-0.0,-2.02856017874,-0.0,-0.0,0.63085940182,-0.0,-0.765502628551,-2.73304080821,-1.99078402495,-3.91228644645,-0.0,-19.8437974035
343,202720.0,Jon Leuer,1610612756.0,410.0,399.0,0.973170731707,-0.0,-8.10356082247,-0.0,0.715754717838,-1.93907153905,-0.0,-3.25521614069,6.47213698038,33.4487977287,-15.585188279,10.8428631962,0.227303583326
344,203994.0,Jusuf  Nurkic,1610612743.0,157.0,112.0,0.713375796178,-0.0,-0.241296616293,-0.0,-0.0,-0.277447268794,-0.0,-7.96507818597,-7.39574014909,-8.42254920545,-0.0,-0.0,-39.4632038261
345,1626257.0,Salah Mejri,1610612742.0,33.0,45.0,1.36363636364,-0.0,7.19683539667,-0.0,-0.0,-0.0,-0.0,-0.0,-0.0,4.66151771875,-0.0,-0.0,8.5714998463
346,1626149.0,Montrezl Harrell,1610612745.0,98.0,106.0,1.08163265306,-0.0,1.51267516413,-0.0,-0.0,1.4482542072,-0.0,3.08891006759,2.25334132055,-0.306199374449,-0.0,0.586453607846,8.18067704662
347,201160.0,Jason Smith,1610612753.0,318.0,304.0,0.955974842767,-0.0,-6.2362272261,-0.0,-0.0,-2.2366021829,-0.0,-0.0,-2.88022517874,1.09178830608,10.1714395341,-0.514604408443,-6.99213558134
348,2746.0,Josh Smith,1610612746.0,224.0,166.0,0.741071428571,-0.0,-7.78751344665,-0.0,-0.0,-1.78201937974,-0.0,-0.64339229198,1.36873626958,-15.1859638626,-0.698101337775,-8.08479688387,-52.7028778395
349,101112.0,Channing Frye,1610612753.0,220.0,225.0,1.02272727273,-0.0,11.5472309721,-0.0,-0.0,0.041346805008,-4.88999854637,-0.32169614599,-2.3557007295,7.3594171085,5.45385808653,11.5916820881,13.5585459665
350,201967.0,Dante Cunningham,1610612740.0,229.0,224.0,0.978165938865,-0.0,-6.82776902791,-0.0,-0.0,-1.18496484586,-0.0,-0.0,-5.13347089113,13.0671389702,-4.23566802627,21.6630333103,-4.03128919514
351,201171.0,Carl  Landry,1610612755.0,86.0,93.0,1.08139534884,-0.0,6.76656315557,-0.0,-0.0,-0.0,-0.0,-2.07904734074,-0.826837060703,14.8772019659,-2.71618005158,-0.0,7.05426669702
352,201148.0,Brandan Wright,1610612763.0,36.0,41.0,1.13888888889,-0.0,4.56876347296,-0.0,-0.0,-0.0,-0.0,-0.0,-0.0,-1.23412789969,-0.0,-0.0,1.90523853616
353,1626171.0,Bobby Portis,1610612741.0,308.0,264.0,0.857142857143,-0.0,-1.78043772944,-0.0,-5.38979967948,-1.16992964404,-0.0,-5.87408679135,6.86487008136,-2.64745729484,-7.49907654018,-3.36031236019,-32.6218078261
354,203473.0,Dewayne Dedmon,1610612753.0,86.0,80.0,0.93023255814,-0.0,-7.3359768606,-0.0,-0.0,-0.808131037015,-0.0,-0.0,-3.53355109425,11.0802809006,-0.0,-0.0,-6.55735654409
355,204028.0,Tarik Black,1610612747.0,57.0,63.0,1.10526315789,-0.0,1.26422447305,-0.0,-0.0,-0.0,-0.0,-0.0,-2.04363345815,2.98723567766,-0.0,-0.0,1.49388611531
356,203524.0,Solomon Hill,1610612754.0,97.0,84.0,0.865979381443,-0.0,5.39762654751,-0.0,-1.28211640745,-0.0,-0.0,-0.0,-0.689030883919,-0.0,-8.70964201921,3.17542224327,-15.2139201953
357,101111.0,Charlie Villanueva,1610612742.0,299.0,250.0,0.836120401338,-0.0,3.32078566997,0.369267238611,-0.0,-0.820542596494,-6.72297072821,-0.78603141744,-2.99672066988,2.77229941245,-22.5018771981,1.17752775857,-43.0833419889
358,202357.0,Nemanja Bjelica,1610612750.0,203.0,192.0,0.945812807882,-0.0,3.68114780741,-0.0,-3.91079891184,-1.11458199791,-0.0,-0.0,-1.24025559105,9.54513152598,-1.85958848928,2.02708724325,-1.08031556013
359,201177.0,Josh McRoberts,1610612748.0,122.0,95.0,0.77868852459,-0.0,6.39789064592,-0.0,-0.00628317880053,-1.47744719727,-0.0,-0.0,-0.0,-3.63957389263,-7.98447204969,-0.0,-15.9123924076
360,201946.0,Tyler Hansbrough,1610612766.0,75.0,65.0,0.866666666667,-0.0,-8.62697787708,-0.0,-0.0,0.96340618474,-0.0,-0.0,0.528164867852,0.819125873121,-0.0,-0.0,-11.1002853172
361,203141.0,Mirza Teletovic,1610612756.0,563.0,600.0,1.06571936057,-0.0,-0.468466511542,-1.58351012955,4.20264555157,3.66765819362,0.84122891585,3.53874701683,4.04338145771,-1.6870960317,54.688733168,-0.665511721597,58.0765027332
362,2743.0,Kris Humphries,1610612764.0,191.0,179.0,0.937172774869,-0.0,-2.80184601861,-0.0,-0.0,-0.877447233031,-0.0,-0.0,-2.11580449041,5.97447135533,-8.96317881395,2.89779503358,-10.5527178688
363,202713.0,Kyle Singler,1610612760.0,158.0,125.0,0.791139240506,-0.0,-2.60171416013,-2.38953294052,-0.0,-0.851632903304,-0.0,-0.0,-0.181495424886,-0.0,-11.5105568783,-1.73019619592,-30.2441347731
364,202335.0,Patrick Patterson,1610612761.0,388.0,355.0,0.914948453608,-0.0,-2.40158230166,-0.0,-0.0,-1.46241205505,-0.0,-1.86201049632,-5.88925182375,2.31127697026,-1.17550642668,-7.05413858796,-24.3418772329
365,203094.0,Andrew Nicholson,1610612753.0,231.0,208.0,0.900432900433,-0.0,-3.32465845446,-0.0,-0.0,-1.26061612155,-0.0,0.546158699945,3.90252399765,-8.67957284121,12.2797406473,-0.720228730403,-8.79390145478
366,202338.0,Kevin Seraphin,1610612752.0,179.0,123.0,0.687150837989,-0.0,-3.89375672333,-0.0,-0.0,-1.29607684442,-0.0,-11.532467438,-0.689030883919,-4.45744850599,-1.95614322323,-2.97247783288,-40.5847278956
367,708.0,Kevin Garnett,1610612750.0,133.0,117.0,0.87969924812,-0.0,-3.89375672333,-0.0,-0.0,-1.24378884861,-0.0,1.38178457342,-0.0,6.83321822337,-4.15373624482,-0.30677757565,-8.03287401142
368,201627.0,Anthony Morrow,1610612760.0,239.0,243.0,1.01673640167,-0.0,-2.00131858472,-2.09137844546,-0.0,2.05800958148,-0.420386679065,-0.0,-0.0,-0.0,19.4890646619,-2.82799669834,12.2324482697
369,1626174.0,Christian Wood,1610612755.0,12.0,10.0,0.833333333333,-0.0,-3.6679884303,-0.0,-0.0,-0.0,-0.0,-0.0,-0.0,-0.0,-0.0,-0.0,-4.40158611636
370,201575.0,Brandon Rush,1610612744.0,192.0,207.0,1.078125,-0.0,-4.85845829133,-0.0,-0.0,5.41928475499,3.09681255947,-0.0,-0.0,-0.0,10.392693601,7.10055783821,17.297504619
371,202700.0,Donatas Motiejunas,1610612745.0,72.0,60.0,0.833333333333,-0.0,-4.26771899131,-0.0,-0.0,-0.0,-0.0,-0.313964496468,-0.0,-1.10164639632,-2.07497470176,-0.0,-10.4205663897
372,203135.0,Robert Sacre,1610612747.0,53.0,38.0,0.716981132075,-0.0,-3.50092309275,-0.0,-0.0,-0.458481101054,-0.0,-1.92028590659,-0.0,-1.21864002913,-0.0,-0.0,-10.8100733189
373,203501.0,Tim Hardaway Jr.,1610612737.0,110.0,98.0,0.890909090909,-0.0,-0.0,-1.19787512034,-0.0,-0.0,-1.8259131515,-0.0,-0.0,-0.0,-6.15715854632,-0.920332726949,-12.4860338592
374,1718.0,Paul Pierce,1610612746.0,339.0,285.0,0.840707964602,-0.0,-0.0,-0.0,0.215149582543,-1.18496484586,1.08203827043,-0.748897009046,-0.0,-5.39484296054,-18.5960175611,-6.36235758355,-39.887961903
375,203940.0,Adreian Payne,1610612750.0,98.0,67.0,0.683673469388,-0.0,-0.0,-0.0,-1.81415258249,-0.0,-0.0,-2.78369903676,-0.0,-3.35758508719,-3.43107705469,-0.0,-20.9853542156
376,2034.0,Mike Miller,1610612743.0,43.0,32.0,0.744186046512,-0.0,-0.0,-0.0,-0.0,-0.820542596494,-0.0,-0.0,-0.0,-0.0,-1.90068581781,-0.0,-5.10596467576
377,203527.0,Ryan Kelly,1610612747.0,99.0,80.0,0.808080808081,-0.0,-0.0,-0.0,-0.0,-0.820542596494,-0.0,-0.425885746174,-0.0,-3.87059455493,-6.9336722387,6.36107020775,-13.9409815192
378,201229.0,Anthony Tolliver,1610612765.0,273.0,270.0,0.989010989011,-0.0,-0.0,-0.0,-0.0,-0.759148424013,-2.41048933661,-0.0,-0.0,-0.452642553533,11.9639965281,-0.593637919985,2.98479227914
379,2592.0,James Jones,1610612739.0,89.0,80.0,0.898876404494,-0.0,-0.0,-0.0,-0.0,-0.0,-1.79432763548,-0.0,-0.0,-0.0,-5.45576016084,1.21400797449,-7.42079097901
380,1626148.0,Anthony Brown,1610612747.0,87.0,71.0,0.816091954023,-0.0,-0.0,-0.0,-0.0,-0.0,-1.95886453766,-0.0,-0.0,-0.0,-3.97929002632,-4.58535412811,-16.2794069858
381,201593.0,Nikola Pekovic,1610612750.0,47.0,35.0,0.744680851064,-0.0,-0.0,-0.0,-0.0,-0.0,-0.0,-4.77205549159,-0.0,-0.146443179084,-0.0,-0.0,-7.30452641647
382,2400.0,Drew Gooden,1610612764.0,75.0,54.0,0.72,-0.0,-0.0,-0.0,-0.0,-0.0,-0.0,-0.0,3.62193823216,-7.16398568429,-6.81886993555,-0.0,-21.6007473233
383,200797.0,Ryan Hollins,1610612763.0,15.0,23.0,1.53333333333,-0.0,-0.0,-0.0,-0.0,-0.0,-0.0,-0.0,-0.0,11.9603897903,-0.0,-0.0,7.80025421106
384,204014.0,Damjan Rudez,1610612750.0,37.0,38.0,1.02702702703,-0.0,-0.0,-0.0,-0.0,-0.0,-0.0,-0.0,-0.0,-0.159756195365,1.77343586118,-0.0,1.54547059423
385,202693.0,Markieff Morris,1610612764.0,10.0,4.0,0.4,-0.0,-0.0,-0.0,-0.0,-0.0,-0.0,-0.0,-0.0,-2.45325204128,-0.0,-0.0,-6.1331301032
386,202337.0,Luke Babbitt,1610612740.0,69.0,72.0,1.04347826087,-0.0,-0.0,-0.0,-0.0,-0.0,-0.0,-0.0,-0.0,-0.0,2.59779085629,0.704437415898,3.16778447277
387,2446.0,Rasual Butler,1610612759.0,77.0,87.0,1.12987012987,-0.0,-0.0,-0.0,-0.0,-0.0,-0.0,-0.0,-0.0,-0.0,1.5515010352,11.3829539639,9.37728188536
388,203200.0,Justin Holiday,1610612737.0,62.0,43.0,0.693548387097,-0.0,-0.0,-0.0,-0.0,-0.0,-0.0,-0.0,-0.0,-0.0,-7.4028725518,-6.81898838159,-20.4270685733
389,201228.0,CJ Watson,1610612753.0,32.0,35.0,1.09375,-0.0,-0.0,-0.0,-0.0,-0.0,-0.0,-0.0,-0.0,-0.0,7.23078289881,-3.24719563024,1.7429321265
390,203930.0,Sean Kilpatrick,1610612743.0,12.0,15.0,1.25,-0.0,-0.0,-0.0,-0.0,-0.0,-0.0,-0.0,-0.0,-0.0,4.17313664596,-0.0,3.33850931677
391,202699.0,Tobias Harris,1610612765.0,15.0,15.0,1.0,-0.0,-0.0,-0.0,-0.0,-0.0,-0.0,-0.0,-0.0,-0.0,0.423136645963,-0.0,0.423136645963
392,2399.0,Mike Dunleavy,1610612741.0,12.0,13.0,1.08333333333,-0.0,-0.0,-0.0,-0.0,-0.0,-0.0,-0.0,-0.0,-0.0,1.45000888423,-0.0,1.33846973929
393,203923.0,James Young,1610612738.0,26.0,23.0,0.884615384615,-0.0,-0.0,-0.0,-0.0,-0.0,-0.0,-0.0,-0.0,-0.0,-2.0707815735,-0.988327164762,-3.53698140907
394,2406.0,Caron Butler,1610612758.0,14.0,10.0,0.714285714286,-0.0,-0.0,-0.0,-0.0,-0.0,-0.0,-0.0,-0.0,-0.0,-2.5750486093,-0.0,-3.60506805302
395,2743.0,Kris Humphries,1610612756.0,12.0,7.0,0.583333333333,-0.0,-0.0,-0.0,-0.0,-0.0,-0.0,-0.0,-0.0,-0.0,-2.71920512379,-0.0,-4.66149449793
