C.48,C.pct,C,PID,MP,PG MP,Is Regular Season,Period,Pf.48,PF.pct,PF,PF MP,C MP,SF MP,SG MP,Pg.48,PG.pct,PG,Player,Sf.48,SF.pct,SF,Sg.48,SG.pct,SG,Team,Mins,Pos.Est
0,0,0,Aaron BrooksCHIAll1,656.783333333,561.633333333,1,All,0,0,0,0,0,0,95.15,7.43545611,0.855,33698,Aaron Brooks,0,0,0,-18.160798739,0.145,5709,CHI,39407,1.144872738
0,0.002,100,Aaron GordonORLAll1,1083.95,0,1,All,-4.013341253,0.673,43774,729.566666667,1.666666667,350.466666667,2.25,0,0,0,Aaron Gordon,2.328324139,0.323,21028,0,0.002,135,ORL,65037,3.674062457
0,0,0,Aaron HarrisonCHAAll1,54.933333333,0,1,All,0,0,0,0,0,51.883333333,3.05,0,0,0,Aaron Harrison,4.62576293,0.944,3113,-78.68852459,0.056,183,CHA,3296,2.944478155
17.777777778,0.08,1458,Adreian PayneMINAll1,303.35,0,1,All,-11.180791973,0.92,16743,279.05,24.3,0,0,0,0,0,Adreian Payne,0,0,0,0,0,0,MIN,18201,4.080105489
1.588527303,0.904,92463,Al HorfordATLAll1,1704,0,1,All,3.534826634,0.096,9777,162.95,1541.05,0,0,0,0,0,Al Horford,0,0,0,0,0,0,ATL,102240,4.904372066
-1.103832753,1,28700,Al JeffersonCHAAll1,478.333333333,0,1,All,0,0,0,0,478.333333333,0,0,0,0,0,Al Jefferson,0,0,0,0,0,0,CHA,28700,5
0,0.003,294,Al-Farouq AminuPORAll1,1556.433333333,0,1,All,6.175456043,0.345,32179,536.316666667,4.9,1015.216666667,0,0,0,0,Al Farouq Aminu,0.283683286,0.652,60913,0,0,0,POR,93386,3.350877005
0,0,0,Alec BurksUTAAll1,760.133333333,223.916666667,1,All,0,0,0,0,0,2.083333333,534.133333333,-0.214365463,0.295,13435,Alec Burks,0,0.003,125,-1.61757364,0.703,32048,UTA,45608,1.708165234
-4.377232312,0.899,52636,Alex LenPHXAll1,975.5,0,1,All,-26.386155412,0.101,5894,98.233333333,877.266666667,0,0,0,0,0,Alex Len,0,0,0,0,0,0,PHX,58530,4.899299505
0,0.997,27968,Alexis AjincaNOPAll1,467.4,0,1,All,0,0.003,76,1.266666667,466.133333333,0,0,0,0,0,Alexis Ajinca,0,0,0,0,0,0,NOP,28044,4.997289973
0,0,0,Allen CrabbePORAll1,1345.866666667,0.4,1,All,0,0,0,0,0,241.883333333,1103.583333333,0,0,24,Allen Crabbe,8.334596569,0.18,14513,-2.653175262,0.82,66215,POR,80752,2.179425897
0,0.002,118,Alonzo GeeNOPAll1,1089.15,0,1,All,-2.668519805,0.066,4317,71.95,1.966666667,1001.283333333,13.95,0,0,0,Alonzo Gee,-5.321171164,0.919,60077,0,0.013,837,NOP,65349,3.056863915
-5.685813669,1,21274,Amar'e StoudemireMIAAll1,354.566666667,0,1,All,0,0,0,0,354.566666667,0,0,0,0,0,Amare Stoudemire,0,0,0,0,0,0,MIA,21274,5
5.489645288,0.976,69775,Amir JohnsonBOSAll1,1191.3,0,1,All,0,0.024,1703,28.383333333,1162.916666667,0,0,0,0,0,Amir Johnson,0,0,0,0,0,0,BOS,71478,4.976174487
8.901329601,0.984,17148,Anderson VarejaoCLEAll1,290.566666667,0,1,All,0,0.016,286,4.766666667,285.8,0,0,0,0,0,Anderson Varejao,0,0,0,0,0,0,CLE,17434,4.983595274
3.529675922,1,106888,Andre DrummondDETAll1,1781.466666667,0,1,All,0,0,0,0,1781.466666667,0,0,0,0,0,Andre Drummond,0,0,0,0,0,0,DET,106888,5
0,0,0,Andre IguodalaGSWAll1,1371.733333333,0,1,All,3.113254615,0.146,12026,200.433333333,0,1159.833333333,11.466666667,0,0,0,Andre Iguodala,17.464578244,0.846,69590,0,0.008,688,GSW,82304,3.137757582
0,0,0,Andre MillerMINAll1,269.616666667,269.616666667,1,All,0,0,0,0,0,0,0,-2.314396983,1,16177,Andre Miller,0,0,0,0,0,0,MIN,16177,1
0,0.002,95,Andre RobersonOKCAll1,978.383333333,0.333333333,1,All,13.809938971,0.039,2294,38.233333333,1.583333333,312.8,625.433333333,0,0,20,Andre Roberson,0.920716113,0.32,18768,14.735383467,0.639,37526,OKC,58703,2.40238148
-17.328519856,0.676,25761,Andrea BargnaniBKNAll1,634.916666667,0,1,All,-8.172531215,0.324,12334,205.566666667,429.35,0,0,0,0,0,Andrea Bargnani,0,0,0,0,0,0,BKN,38095,4.676230476
14.866137153,1,55019,Andrew BogutGSWAll1,916.983333333,0,1,All,0,0,0,0,916.983333333,0,0,0,0,0,Andrew  Bogut,0,0,0,0,0,0,GSW,55019,5
0,0.021,687,Andrew NicholsonORLAll1,532.666666667,0,1,All,2.404778727,0.974,31138,518.966666667,11.45,2.25,0,0,0,0,Andrew Nicholson,0,0.004,135,0,0,0,ORL,31960,4.017271589
0,0,0,Andrew WigginsMINAll1,1824.216666667,0.016666667,1,All,-11.745009659,0.043,4659,77.65,0,978.533333333,768.016666667,0,0,1,Andrew  Wiggins,-3.728028342,0.536,58712,-0.749983724,0.421,46081,MIN,109453,2.621536184
125.217391304,0.047,207,Anthony BennettTORAll1,73.833333333,0,1,All,-16.749914471,0.66,2923,48.716666667,3.45,21.666666667,0,0,0,0,Anthony Bennett,-24.369230769,0.293,1300,0,0,0,TOR,4430,3.753273138
0,0,0,Anthony BrownLALAll1,473.816666667,0,1,All,0,0,13,0.216666667,0,441.916666667,31.683333333,0,0,0,Anthony Brown,-0.760324345,0.933,26515,9.089952656,0.067,1901,LAL,28429,2.933588941
0.378051982,0.556,53326,Anthony DavisNOPAll1,1599.05,0,1,All,-4.798085271,0.444,42617,710.283333333,888.766666667,0,0,0,0,0,Anthony Davis,0,0,0,0,0,0,NOP,95943,4.555809178
0,0,0,Anthony MorrowOKCAll1,673.95,0,1,All,0,0,0,0,0,405.516666667,268.433333333,0,0,0,Anthony Morrow,2.840820353,0.602,24331,9.834844157,0.398,16106,OKC,40437,2.601701412
0,0.002,122,Anthony TolliverDETAll1,1025.366666667,0,1,All,2.204560261,0.998,61400,1023.333333333,2.033333333,0,0,0,0,0,Anthony Tolliver,0,0,0,0,0,0,DET,61522,4.00198303
0,0,0,Archie GoodwinPHXAll1,652.133333333,91.75,1,All,0,0.009,335,5.583333333,0,62.8,492,-20.403269755,0.141,5505,Archie Goodwin,3.057324841,0.096,3768,-4.975609756,0.754,29520,PHX,39128,1.972730525
-4.989762167,1,44443,Aron BaynesDETAll1,740.716666667,0,1,All,0,0,0,0,740.716666667,0,0,0,0,0,Aron Baynes,0,0,0,0,0,0,DET,44443,5
0,0,0,Arron AfflaloNYKAll1,1603.95,1.766666667,1,All,0,0,6,0.1,0,343.366666667,1258.716666667,0,0.001,106,Arron Afflalo,-8.247742938,0.214,20602,1.372826821,0.785,75523,NYK,96237,2.213098912
0,0,0,Austin RiversLACAll1,992.816666667,534.7,1,All,0,0,0,0,0,5.9,452.216666667,-8.528146624,0.539,32082,Austin Rivers,0,0.006,354,2.229020013,0.455,27133,LAC,59569,1.46737397
0,0,0,Avery BradleyBOSAll1,1611.883333333,235.316666667,1,All,0,0.002,166,2.766666667,0,96.366666667,1277.433333333,2.447765422,0.146,14119,Avery Bradley,16.437218955,0.06,5782,6.350233541,0.793,76646,BOS,96713,1.917229328
0,0,0,Ben McLemoreSACAll1,1021.3,0,1,All,0,0.008,484,8.066666667,0,310.966666667,702.266666667,0,0,0,Ben McLemore,1.852288563,0.304,18658,1.708752611,0.688,42136,SAC,61278,2.320278077
0,0,0,Beno UdrihMEMAll1,120.433333333,120.366666667,1,All,0,0,0,0,0,0,0.066666667,-8.773193021,0.999,7222,Beno Udrih,0,0,0,0,0.001,4,MEM,7226,1.000553557
0,0,0,Beno UdrihMIAAll1,549.9,549.9,1,All,0,0,0,0,0,0,0,-2.09492635,1,32994,Beno Udrih,0,0,0,0,0,0,MIA,32994,1
0,0,0,Beno UdrihTOTAll1,670.333333333,670.266666667,1,All,0,0,0,0,0,0,0.066666667,-3.294211259,1,40216,Beno Udrih,0,0,0,0,0,4,TOT,40220,1.000099453
3.263503501,1,68834,Bismack BiyomboTORAll1,1147.233333333,0,1,All,0,0,0,0,1147.233333333,0,0,0,0,0,Bismack Biyombo,0,0,0,0,0,0,TOR,68834,5
-12.33220474,0.16,10042,Blake GriffinLACAll1,1043.983333333,0,1,All,7.994372303,0.84,52597,876.616666667,167.366666667,0,0,0,0,0,Blake Griffin,0,0,0,0,0,0,LAC,62639,4.160315458
8.566525569,1,17482,Boban MarjanovicSASAll1,291.366666667,0,1,All,0,0,0,0,291.366666667,0,0,0,0,0,Boban Marjanovic,0,0,0,0,0,0,SAS,17482,5
-5.474339036,0.195,5787,Bobby PortisCHIAll1,495.45,0,1,All,-10.22556391,0.805,23940,399,96.45,0,0,0,0,0,Bobby Portis,0,0,0,0,0,0,CHI,29727,4.194671511
0,0,15,Bojan BogdanovicBKNAll1,1399.316666667,0,1,All,-6.706891077,0.113,9447,157.45,0.25,1241.616666667,0,0,0,0,Bojan  Bogdanovic,-9.471522343,0.887,74497,0,0,0,BKN,83959,3.112876523
35.713020372,0.038,2258,Boris DiawSASAll1,993.866666667,0,1,All,12.774765895,0.953,56812,946.866666667,37.633333333,9.366666667,0,0,0,0,Boris Diaw,0,0.009,562,0,0,0,SAS,59632,4.028441105
0,0,0,Bradley BealWASAll1,917.65,0,1,All,-10.484458135,0.065,3571,59.516666667,0,440.866666667,417.266666667,0,0,0,Bradley Beal,1.415393921,0.48,26452,-4.946477073,0.455,25036,WAS,55059,2.61014548
-18.624605678,0.885,6340,Brandan WrightMEMAll1,119.333333333,0,1,All,-52.682926829,0.115,820,13.666666667,105.666666667,0,0,0,0,0,Brandan Wright,0,0,0,0,0,0,MEM,7160,4.88547486
-4.269956114,0.646,33724,Brandon BassLALAll1,870.216666667,0,1,All,-7.476878144,0.354,18489,308.15,562.066666667,0,0,0,0,0,Brandon Bass,0,0,0,0,0,0,LAL,52213,4.645892785
0,0,0,Brandon JenningsDETAll1,388.416666667,388.416666667,1,All,0,0,0,0,0,0,0,5.066723879,1,23305,Brandon Jennings,0,0,0,0,0,0,DET,23305,1
0,0,0,Brandon KnightPHXAll1,1525.416666667,515.9,1,All,0,0,0,0,0,47.166666667,962.35,-9.118046133,0.338,30954,Brandon Knight,17.300353357,0.031,2830,-3.990232244,0.631,57741,PHX,91525,1.692717837
0,0,0,Brandon RushGSWAll1,648.5,0,1,All,0,0.038,1475,24.583333333,0,535.333333333,88.583333333,0,0,0,Brandon Rush,8.069738481,0.825,32120,-33.053621825,0.137,5315,GSW,38910,2.901310717
0,0,0,Brian RobertsCHAAll1,331.6,268.466666667,1,All,0,0,0,0,0,0,63.133333333,-8.760864167,0.81,16108,Brian  Roberts,0,0,0,13.68532207,0.19,3788,CHA,19896,1.190390028
-4.144853044,1,107005,Brook LopezBKNAll1,1783.416666667,0,1,All,0,0,0,0,1783.416666667,0,0,0,0,0,Brook Lopez,0,0,0,0,0,0,BKN,107005,5
0,0,0,Bryce Dejean-JonesNOPAll1,199.716666667,0,1,All,0,0,0,0,0,44.766666667,154.95,0,0,0,Bryce Dejean-Jones,-2.144452718,0.224,2686,-1.23910939,0.776,9297,NOP,11983,2.22415088
-4.366282596,0.769,3298,Cameron BairstowCHIAll1,71.466666667,0,1,All,2.909090909,0.231,990,16.5,54.966666667,0,0,0,0,0,Cameron Bairstow,0,0,0,0,0,0,CHI,4288,4.769123134
0,0,0,Cameron PayneOKCAll1,425.016666667,387.883333333,1,All,0,0,0,0,0,0,37.133333333,-0.2474971,0.913,23273,Cameron Payne,0,0,0,-29.73070018,0.087,2228,OKC,25501,1.087369123
-6.228373702,0.489,4624,Carl LandryPHIAll1,157.633333333,0,1,All,-1.191559785,0.511,4834,80.566666667,77.066666667,0,0,0,0,0,Carl  Landry,0,0,0,0,0,0,PHI,9458,4.488898287
0,0,0,Carmelo AnthonyNYKAll1,1673.8,0,1,All,-5.433962264,0.063,6360,106,0,1536.966666667,30.833333333,0,0,0,Carmelo Anthony,0.437224837,0.918,92218,0,0.018,1850,NYK,100428,3.044907795
0,0.003,17,Caron ButlerSACAll1,86.8,0,1,All,8.311688312,0.133,693,11.55,0.283333333,74.033333333,0.933333333,0,0,0,Caron Butler,-30.472760018,0.853,4442,0,0.011,56,SAC,5208,3.128840246
0,0,2,Chandler ParsonsDALAll1,1325.4,0,1,All,-4.600394015,0.236,18781,313.016666667,0.033333333,1012.2,0.15,0,0,0,Chandler Parsons,-1.090693539,0.764,60732,0,0,9,DAL,79524,3.236104824
-3.65575019,0.087,3939,Channing FryeORLAll1,753.316666667,0,1,All,3.420261755,0.913,41260,687.666666667,65.65,0,0,0,0,0,Channing Frye,0,0,0,0,0,0,ORL,45199,4.087147946
0,0.015,456,Charlie VillanuevaDALAll1,521.85,0,1,All,-6.878125233,0.856,26798,446.633333333,7.6,67.616666667,0,0,0,0,Charlie Villanueva,-29.815134336,0.13,4057,0,0,0,DAL,31311,3.884992495
0,0,6,Chase BudingerINDAll1,617.733333333,0,1,All,0.992989312,0.235,8701,145.016666667,0.1,352.566666667,120.05,0,0,0,Chase Budinger,1.361444644,0.571,21154,4.39816743,0.194,7203,IND,37064,3.040740341
3.097863186,0.453,48343,Chris BoshMIAAll1,1778.65,0,1,All,-1.776072359,0.547,58376,972.933333333,805.716666667,0,0,0,0,0,Chris Bosh,0,0,0,0,0,0,MIA,106719,4.452993375
0,0,0,Chris CopelandMILAll1,156.416666667,0,1,All,-31.700234192,0.455,4270,71.166666667,0,85.25,0,0,0,0,Chris Copeland,-20.269794721,0.545,5115,0,0,0,MIL,9385,3.454981353
0,0,0,Chris JohnsonUTAAll1,485.083333333,0,1,All,-40.958083832,0.046,1336,22.266666667,0,357.566666667,105.25,0,0,0,Christapher Johnson,5.772350144,0.737,21454,-2.736342043,0.217,6315,UTA,29105,2.828929737
-35.460385439,0.487,1868,Chris KamanPORAll1,63.933333333,0,1,All,-13.170731707,0.513,1968,32.8,31.133333333,0,0,0,0,0,Chris Kaman,0,0,0,0,0,0,POR,3836,4.486965589
0,0,0,Chris PaulLACAll1,1536.066666667,1536.066666667,1,All,0,0,0,0,0,0,0,10.312052428,1,92164,Chris Paul,0,0,0,0,0,0,LAC,92164,1
7.005405405,0.555,3700,Christian WoodPHIAll1,111.1,0,1,All,-23.304113284,0.445,2966,49.433333333,61.666666667,0,0,0,0,0,Christian Wood,0,0,0,0,0,0,PHI,6666,4.555055506
0,0,0,CJ McCollumPORAll1,1791.833333333,644.566666667,1,All,0,0,0,0,0,2.75,1144.516666667,-0.744686353,0.36,38674,CJ McCollum,0,0.002,165,4.781057506,0.639,68671,POR,107510,1.641810064
0,0,0,CJ MilesINDAll1,1154.483333333,0.25,1,All,19.737292975,0.025,1751,29.183333333,0,842.366666667,282.683333333,0,0,15,CJ Miles,-3.134027146,0.73,50542,9.508873298,0.245,16961,IND,69269,2.779988162
0,0,0,CJ WatsonORLAll1,156.466666667,103.666666667,1,All,0,0,0,0,0,0,52.8,7.408360129,0.663,6220,CJ Watson,0,0,0,9.090909091,0.337,3168,ORL,9388,1.337452066
-0.900957267,0.733,47949,Clint CapelaHOUAll1,1090.183333333,0,1,All,9.236055435,0.267,17462,291.033333333,799.15,0,0,0,0,0,Clint Capela,0,0,0,0,0,0,HOU,65411,4.733041843
4.319335487,0.793,52008,Cody ZellerCHAAll1,1093.133333333,0,1,All,-9.543446244,0.207,13580,226.333333333,866.8,0,0,0,0,0,Cody Zeller,0,0,0,0,0,0,CHA,65588,4.79294993
-1.106468809,1,20823,Cole AldrichLACAll1,347.05,0,1,All,0,0,0,0,347.05,0,0,0,0,0,Cole Aldrich,0,0,0,0,0,0,LAC,20823,5
0,0,0,Corey BrewerHOUAll1,1149.083333333,0,1,All,-8.825895422,0.151,10442,174.033333333,0,945.283333333,29.766666667,0,0,0,Corey Brewer,-2.843591868,0.823,56717,-11.287793953,0.026,1786,HOU,68945,3.125549351
-12.696546657,0.446,1361,Cory JeffersonPHXAll1,50.866666667,0,1,All,-5.10940272,0.554,1691,28.183333333,22.683333333,0,0,0,0,0,Cory Jefferson,0,0,0,0,0,0,PHX,3052,4.44593709
0,0,0,Cory JosephTORAll1,1306.333333333,561.5,1,All,0,0,0,0,0,0,744.833333333,-0.940338379,0.43,33690,Cory Joseph,0,0,0,15.402103379,0.57,44690,TOR,78380,1.570170962
0,0,0,Courtney LeeMEMAll1,1428.95,32.833333333,1,All,0,0,0,0,0,37.483333333,1358.633333333,0,0.023,1970,Courtney Lee,21.769675411,0.026,2249,0,0.951,81518,MEM,85737,2.003254138
0,0,0,D.J. AugustinOKCAll1,518.183333333,518.183333333,1,All,0,0,0,0,0,0,0,-1.759994854,1,31091,DJ Augustin,0,0,0,0,0,0,OKC,31091,1
0,0,0,D'Angelo RussellLALAll1,1406.933333333,1279.583333333,1,All,0,0,0,0,0,0,127.35,-10.690980137,0.909,76775,Dangelo Russell,0,0,0,10.176678445,0.091,7641,LAL,84416,1.090516016
0,0,0,Damian LillardPORAll1,1659.65,1659.65,1,All,0,0,0,0,0,0,0,1.388244509,1,99579,Damian Lillard,0,0,0,0,0,0,POR,99579,1
0,0,0,Damjan RudezMINAll1,196.133333333,0,1,All,-3.076923077,0.636,7488,124.8,0,71.333333333,0,0,0,0,Damjan Rudez,-5.38317757,0.364,4280,0,0,0,MIN,11768,3.636301835
0,0.013,1262,Danilo GallinariDENAll1,1628.016666667,0,1,All,-5.703516785,0.321,31307,521.783333333,21.033333333,1085.2,0,0,0,0,Danilo Gallinari,-1.857722079,0.667,65112,0,0,0,DEN,97681,3.346341663
0,0,0,Danny GreenSASAll1,1325.566666667,5.6,1,All,0,0.001,113,1.883333333,0,279.683333333,1038.4,0,0.004,336,Danny Green,14.931172159,0.211,16781,10.354391371,0.783,62304,SAS,79534,2.209608469
0,0.022,1266,Dante CunninghamNOPAll1,969.433333333,0,1,All,-13.70672812,0.343,19961,332.683333333,21.1,615.633333333,0.016666667,0,0,0,Dante Cunningham,0.311873951,0.635,36938,0,0,1,NOP,58166,3.38668638
-15.540931824,0.399,22794,Darrell ArthurDENAll1,953.05,0,1,All,8.291023292,0.601,34389,573.15,379.9,0,0,0,0,0,Darrell Arthur,0,0,0,0,0,0,DEN,57183,4.398614973
0,0,0,Darren CollisonSACAll1,1318.583333333,695.433333333,1,All,0,0,0,0,0,0,623.15,0,0.527,41726,Darren Collison,0,0,0,-2.850036107,0.473,37389,SAC,79115,1.472590533
0,0,0,Darrun HilliardDETAll1,178.25,0,1,All,0,0,0,0,0,34.633333333,143.616666667,0,0,0,Darrun Hilliard,-2.771896054,0.194,2078,5.013345712,0.806,8617,DET,10695,2.1942964
-3.378695448,0.15,4262,David LeeBOSAll1,472.5,0,1,All,-4.18465626,0.85,24088,401.466666667,71.033333333,0,0,0,0,0,David Lee,0,0,0,0,0,0,BOS,28350,4.150335097
12.374234666,0.53,27929,David WestSASAll1,878.133333333,0,1,All,15.470737913,0.47,24759,412.65,465.483333333,0,0,0,0,0,David West,0,0,0,0,0,0,SAS,52688,4.530082751
8.594296555,1,101202,DeAndre JordanLACAll1,1686.7,0,1,All,0,0,0,0,1686.7,0,0,0,0,0,DeAndre Jordan,0,0,0,0,0,0,LAC,101202,5
-8.472555547,0.989,12917,DeJuan BlairWASAll1,217.733333333,0,1,All,0,0.011,147,2.45,215.283333333,0,0,0,0,0,DeJuan Blair,0,0,0,0,0,0,WAS,13064,4.988747704
0,0,0,DeMar DeRozanTORAll1,1852.016666667,0,1,All,0,0.02,2268,37.8,0,953.95,860.266666667,0,0,0,DeMar DeRozan,6.994077258,0.515,57237,-2.622442653,0.465,51616,TOR,111121,2.555907524
3.684708238,0.815,71908,DeMarcus CousinsSACAll1,1470.716666667,0,1,All,-5.112947658,0.185,16335,272.25,1198.466666667,0,0,0,0,0,DeMarcus Cousins,0,0,0,0,0,0,SAC,88243,4.814886167
0,0,0,DeMarre CarrollTORAll1,747.433333333,0,1,All,8.176538908,0.173,7749,129.15,0,612.366666667,5.916666667,0,0,0,DeMarre Carroll,-0.15676882,0.819,36742,0,0.008,355,TOR,44846,3.164875351
0,0,0,Dennis SchroderATLAll1,1078.066666667,1078.066666667,1,All,0,0,0,0,0,0,0,8.459588152,1,64684,Dennis Schroder,0,0,0,0,0,0,ATL,64684,1
0,0,0,Deron WilliamsDALAll1,1475.6,725.35,1,All,0,0,0,0,0,6.2,744.05,-3.176397601,0.492,43521,Deron Williams,0,0.004,372,1.677306633,0.504,44643,DAL,88536,1.512638927
-1.090378063,0.564,36978,Derrick FavorsUTAAll1,1092,0,1,All,4.439772966,0.436,28542,475.7,616.3,0,0,0,0,0,Derrick Favors,0,0,0,0,0,0,UTA,65520,4.564377289
0,0,0,Derrick RoseCHIAll1,1415.883333333,1415.883333333,1,All,0,0,0,0,0,0,0,-3.254505432,1,84953,Derrick Rose,0,0,0,0,0,0,CHI,84953,1
0,0.006,342,Derrick WilliamsNYKAll1,910.65,0,1,All,-6.471291294,0.383,20917,348.616666667,5.7,556.333333333,0,0,0,0,Derrick Williams,-6.470940683,0.611,33380,0,0,0,NYK,54639,3.395340325
0,0,0,Devin BookerPHXAll1,1076.866666667,405.366666667,1,All,0,0.003,182,3.033333333,0,98.9,569.566666667,-11.959542801,0.376,24322,Devin Booker,5.338725986,0.092,5934,-9.185930825,0.529,34174,PHX,64612,1.721042531
0,0,0,Devin HarrisDALAll1,780.483333333,4.15,1,All,0,0,0,0,0,184.616666667,591.716666667,0,0.005,249,Devin Harris,-7.279949445,0.237,11077,-2.352477255,0.758,35503,DAL,46829,2.231224241
-2.971829533,0.971,19382,Dewayne DedmonORLAll1,332.766666667,0,1,All,-14.794520548,0.029,584,9.733333333,323.033333333,0,0,0,0,0,Dewayne Dedmon,0,0,0,0,0,0,ORL,19966,4.970750275
0,0,0,Dion WaitersOKCAll1,1498.683333333,0.083333333,1,All,0,0,0,0,0,86.316666667,1412.283333333,0,0,5,Dion Waiters,6.117011006,0.058,5179,6.185727604,0.942,84737,OKC,89921,2.057539396
2.9878725,0.307,27953,Dirk NowitzkiDALAll1,1517.9,0,1,All,4.927678586,0.693,63121,1052.016666667,465.883333333,0,0,0,0,0,Dirk Nowitzki,0,0,0,0,0,0,DAL,91074,4.306926236
0,0,0,Donald SloanBKNAll1,652.466666667,609.516666667,1,All,0,0,0,0,0,0,42.95,-4.252549835,0.934,36571,Donald Sloan,0,0,0,2.235157159,0.066,2577,BKN,39148,1.065827118
-4.90797546,0.259,2934,Donatas MotiejunasHOUAll1,188.55,0,1,All,1.374865736,0.741,8379,139.65,48.9,0,0,0,0,0,Donatas Motiejunas,0,0,0,0,0,0,HOU,11313,4.259347653
0,0,0,Doug McDermottCHIAll1,1104.25,0,1,All,8.149021457,0.064,4241,70.683333333,0,1029.866666667,3.7,0,0,0,Doug  McDermott,-3.309166235,0.933,61792,0,0.003,222,CHI,66255,3.060659573
32.486437127,0.182,18617,Draymond GreenGSWAll1,1708.366666667,0,1,All,17.681349467,0.818,83885,1398.083333333,310.283333333,0,0,0,0,0,Draymond Green,0,0,0,0,0,0,GSW,102502,4.181625724
-0.65633546,0.271,4388,Drew GoodenWASAll1,270.016666667,0,1,All,-10.727164988,0.729,11813,196.883333333,73.133333333,0,0,0,0,0,Drew Gooden,0,0,0,0,0,0,WAS,16201,4.270847479
0.06939759,1,83000,Dwight HowardHOUAll1,1383.333333333,0,1,All,0,0,0,0,1383.333333333,0,0,0,0,0,Dwight Howard,0,0,0,0,0,0,HOU,83000,5
-12.074371127,0.318,16458,Dwight PowellDALAll1,861.983333333,0,1,All,0.571736479,0.682,35261,587.683333333,274.3,0,0,0,0,0,Dwight  Powell,0,0,0,0,0,0,DAL,51719,4.31821961
0,0,0,Dwyane WadeMIAAll1,1511.05,37.9,1,All,0,0,0,0,0,72.066666667,1401.083333333,-27.862796834,0.025,2274,Dwyane Wade,1.998149861,0.048,4324,-1.781478618,0.927,84065,MIA,90663,2.022611209
0,0,0,E'Twaun MooreCHIAll1,717.15,243.283333333,1,All,0,0,0,0,0,5.95,467.916666667,-2.170308968,0.339,14597,Etwaun Moore,0,0.008,357,-0.307747106,0.652,28075,CHI,43029,1.669060401
0.139598009,0.928,61892,Ed DavisPORAll1,1111.283333333,0,1,All,6.018808777,0.072,4785,79.75,1031.533333333,0,0,0,0,0,Ed Davis,0,0,0,0,0,0,POR,66677,4.928236123
0,0,0,Elfrid PaytonORLAll1,1392.783333333,1392.783333333,1,All,0,0,0,0,0,0,0,-3.239556284,1,83567,Elfrid Payton,0,0,0,0,0,0,ORL,83567,1
0,0,0,Elijah MillsapUTAAll1,172.716666667,3.583333333,1,All,0,0,0,0,0,52.783333333,116.35,0,0.021,215,Elijah Millsap,5.456267761,0.306,3167,7.425870219,0.674,6981,UTA,10363,2.284859597
0,0,0,Emmanuel MudiayDENAll1,1173.416666667,1041.316666667,1,All,0,0,0,0,0,0,132.1,-4.56345332,0.887,62479,Emmanuel Mudiay,0,0,0,1.45344436,0.113,7926,DEN,70405,1.112577232
3.474121015,0.947,62174,Enes KanterOKCAll1,1093.966666667,0,1,All,10.808314088,0.053,3464,57.733333333,1036.233333333,0,0,0,0,0,Enes Kanter,0,0,0,0,0,0,OKC,65638,4.947225692
0,0,0,Eric BledsoePHXAll1,1058.35,913.816666667,1,All,0,0,0,0,0,0,144.533333333,-3.992048004,0.863,54829,Eric Bledsoe,0,0,0,10.959409594,0.137,8672,PHX,63501,1.136564779
0,0,0,Eric GordonNOPAll1,1369.633333333,316.85,1,All,0,0,0,0,0,191.116666667,861.666666667,0.454473726,0.231,19011,Eric Gordon,0.502310979,0.14,11467,-3.955125725,0.629,51700,NOP,82178,1.908199275
0,0.001,44,Ersan IlyasovaDETAll1,1432.133333333,0,1,All,-0.335539193,0.999,85832,1430.533333333,0.733333333,0.866666667,0,0,0,0,Ersan Ilyasova,0,0.001,52,0,0,0,DET,85928,3.999906899
0,0,0,Evan FournierORLAll1,1595.116666667,30.666666667,1,All,0,0.001,143,2.383333333,0,510.266666667,1051.8,0,0.019,1840,Evan Fournier,-9.124640711,0.32,30616,0.73017684,0.659,63108,ORL,95707,2.30365595
0,0.001,102,Evan TurnerBOSAll1,1462.083333333,5.716666667,1,All,0,0.009,761,12.683333333,1.7,874.333333333,567.65,0,0.004,343,Evan Turner,2.52535265,0.598,52460,2.029419537,0.388,34059,BOS,87725,2.614933029
13.381203801,1,42615,Festus EzeliGSWAll1,710.25,0,1,All,0,0,0,0,710.25,0,0,0,0,0,Festus Ezeli,0,0,0,0,0,0,GSW,42615,5
-7.175334787,0.049,3211,Frank KaminskyCHAAll1,1086.783333333,0,1,All,-0.093069851,0.949,61889,1031.483333333,53.516666667,1.783333333,0,0,0,0,Frank Kaminsky,0,0.002,107,0,0,0,CHA,65207,4.047602251
0,0,0,Garrett TempleWASAll1,1236.2,0.216666667,1,All,0,0.009,677,11.283333333,0,391.683333333,833.016666667,0,0,13,Garrett Temple,-0.73528786,0.317,23501,2.996338609,0.674,49981,WAS,74172,2.33492423
0,0,0,Gary HarrisDENAll1,1456.866666667,9.233333333,1,All,0,0.002,141,2.35,0,82.3,1362.983333333,0,0.006,554,Gary Harris,-13.997569866,0.056,4938,-3.310385307,0.936,81779,DEN,87412,2.053379399
0,0,0,Gary NealWASAll1,810.25,0.533333333,1,All,0,0,0,0,0,122.766666667,686.95,0,0.001,32,Gary Neal,-8.210697801,0.152,7366,-10.620860325,0.848,41217,WAS,48615,2.150858788
0,0,0,George HillINDAll1,1543.25,1543.25,1,All,0,0,0,0,0,0,0,2.985906366,1,92595,George Hill,0,0,0,0,0,0,IND,92595,1
0,0,0,Gerald GreenMIAAll1,1211.816666667,0,1,All,0,0.001,82,1.366666667,0,729.483333333,480.966666667,0,0,0,Gerald Green,2.697799813,0.602,43769,0.498995079,0.397,28858,MIA,72709,2.604230563
0,0,0,Gerald HendersonPORAll1,780.15,0,1,All,-5.506692161,0.156,7322,122.033333333,0,593.366666667,64.75,0,0,0,Gerald Henderson,2.75040728,0.761,35602,-3.706563707,0.083,3885,POR,46809,3.073426051
0,0.018,1907,Giannis AntetokounmpoMILAll1,1763.55,0,1,All,-3.175241779,0.977,103400,1723.333333333,31.783333333,8.433333333,0,0,0,0,Giannis Antetokounmpo,0,0.005,506,0,0,0,MIL,105813,4.013240339
0,0,6,Glenn RobinsonINDAll1,425.233333333,0,1,All,-15.830866808,0.371,9460,157.666666667,0.1,172.5,94.966666667,0,0,0,Glenn Robinson,-2.504347826,0.406,10350,15.668655669,0.223,5698,IND,25514,3.14791879
0,0,0,Goran DragicMIAAll1,1422.416666667,1368.883333333,1,All,0,0,0,0,0,0,53.533333333,2.735076035,0.962,82133,Goran Dragic,0,0,0,19.726027397,0.038,3212,MIA,85345,1.03763548
0,0,0,Gordon HaywardUTAAll1,1837.566666667,11.6,1,All,0,0.024,2594,43.233333333,0,1392.583333333,390.15,0,0.006,696,Gordon Hayward,0.413619771,0.758,83555,4.675124952,0.212,23409,UTA,110254,2.798583271
-2.528305297,0.965,77459,Gorgui DiengMINAll1,1338.35,0,1,All,-16.213933849,0.035,2842,47.366666667,1290.983333333,0,0,0,0,0,Gorgui Dieng,0,0,0,0,0,0,MIN,80301,4.964608162
-1.730750657,1,93185,Greg MonroeMILAll1,1553.083333333,0,1,All,0,0,0,0,1553.083333333,0,0,0,0,0,Greg Monroe,0,0,0,0,0,0,MIL,93185,5
0,0,0,Greivis VasquezMILAll1,360.95,360.783333333,1,All,0,0,0,0,0,0,0.166666667,-7.716542708,1,21647,Greivis Vasquez,0,0,0,0,0,10,MIL,21657,1.000461744
0,0.022,1379,Harrison BarnesGSWAll1,1036.9,0,1,All,15.242018538,0.562,34956,582.6,22.983333333,425.15,6.166666667,0,0,0,Harrison Barnes,7.790191697,0.41,25509,0,0.006,370,GSW,62214,3.600250747
-0.113488592,1,76131,Hassan WhitesideMIAAll1,1268.85,0,1,All,0,0,0,0,1268.85,0,0,0,0,0,Hassan Whiteside,0,0,0,0,0,0,MIA,76131,5
0,0.002,153,Hollis ThompsonPHIAll1,1354.2,0,1,All,-13.544249679,0.058,4678,77.966666667,2.55,1034.533333333,239.15,0,0,0,Hollis Thompson,-6.95965975,0.764,62072,-11.641229354,0.177,14349,PHI,81252,2.884741299
0,0,0,Ian ClarkGSWAll1,407.183333333,183.083333333,1,All,0,0,0,0,0,2.066666667,222.033333333,-6.554392353,0.45,10985,Ian Clark,0,0.005,124,-5.188410149,0.545,13322,GSW,24431,1.555441857
4.104378594,1,61047,Ian MahinmiINDAll1,1017.45,0,1,All,0,0,0,0,1017.45,0,0,0,0,0,Ian Mahinmi,0,0,0,0,0,0,IND,61047,5
0,0,0,Iman ShumpertCLEAll1,704.983333333,11.416666667,1,All,0,0,16,0.266666667,0,148.133333333,545.166666667,0,0.016,685,Iman Shumpert,-4.860486049,0.21,8888,10.477529807,0.773,32710,CLE,42299,2.194685454
0,0,0,Isaiah CanaanPHIAll1,1253.683333333,307.216666667,1,All,0,0,0,0,0,9.016666667,937.45,-17.967775186,0.245,18433,Isaiah Canaan,0,0.007,541,-6.246733159,0.748,56247,PHI,75221,1.762140892
0,0,0,Isaiah ThomasBOSAll1,1744.466666667,1744.466666667,1,All,0,0,0,0,0,0,0,5.50311461,1,104668,Isaiah Thomas,0,0,0,0,0,0,BOS,104668,1
0,0,0,Ish SmithNOPAll1,615.15,615.15,1,All,0,0,0,0,0,0,0,-2.653011461,1,36909,Ish Smith,0,0,0,0,0,0,NOP,36909,1
0,0,0,Ish SmithPHIAll1,622.6,622.6,1,All,0,0,0,0,0,0,0,-9.405717957,1,37356,Ish Smith,0,0,0,0,0,0,PHI,37356,1
0,0,0,Ish SmithTOTAll1,1237.75,1237.75,1,All,0,0,0,0,0,0,0,-6.049686932,1,74265,Ish Smith,0,0,0,0,0,0,TOT,74265,1
0,0,0,J.R. SmithCLEAll1,1430.6,8.216666667,1,All,0,0.001,128,2.133333333,0,233.233333333,1187.016666667,0,0.006,493,JR Smith,17.081606403,0.163,13994,5.297313994,0.83,71221,CLE,85836,2.160270749
0,0,0,Jabari ParkerMILAll1,1341.683333333,0,1,All,-7.637480227,0.267,21494,358.233333333,0,981.5,1.95,0,0,0,Jabari Parker,-3.032093734,0.732,58890,0,0.001,117,MIL,80501,3.265549496
0,0.001,128,Jae CrowderBOSAll1,1718.333333333,0,1,All,0.815125099,0.171,17666,294.433333333,2.133333333,1410.816666667,10.95,0,0,0,Jae Crowder,6.634455221,0.821,84649,0,0.006,657,BOS,103100,3.167458778
-14.612291786,1,83568,Jahlil OkaforPHIAll1,1392.8,0,1,All,0,0,0,0,1392.8,0,0,0,0,0,Jahil Okafor,0,0,0,0,0,0,PHI,83568,5
0,0,0,JaKarr SampsonPHIAll1,687,0.916666667,1,All,0,0.01,430,7.166666667,0,338.683333333,340.233333333,0,0.001,55,JaKarr Sampson,-6.802814822,0.493,20321,-14.390124424,0.495,20414,PHI,41220,2.512518195
0,0,0,Jamal CrawfordLACAll1,1359.766666667,8.733333333,1,All,0,0.004,354,5.9,0,338.85,1006.283333333,0,0.006,524,Jamal Crawford,7.366091191,0.249,20331,1.860311046,0.74,60377,LAC,81586,2.251452455
0,0,0,Jameer NelsonDENAll1,1028.666666667,1028.666666667,1,All,0,0,0,0,0,0,0,-6.019442644,1,61720,Jameer  Nelson,0,0,0,0,0,0,DEN,61720,1
0,0,0,James AndersonSACAll1,330.95,0,1,All,-21.984732824,0.04,786,13.1,0,248.383333333,69.466666667,0,0,0,James Anderson,-10.821982151,0.751,14903,16.583493282,0.21,4168,SAC,19857,2.829682228
0,0,0,James HardenHOUAll1,2012.766666667,24.683333333,1,All,0,0.002,211,3.516666667,0,139.8,1844.766666667,0,0.012,1481,James Harden,19.570815451,0.069,8388,-2.341759572,0.917,110686,HOU,120766,2.060687611
0,0,0,James JohnsonTORAll1,613.716666667,0,1,All,15.537239622,0.181,6673,111.216666667,0,502.5,0,0,0,0,James Johnson,-2.292537313,0.819,30150,0,0,0,TOR,36823,3.18121826
0,0,0,James JonesCLEAll1,339.883333333,0,1,All,-22.394257883,0.574,11703,195.05,0,144.833333333,0,0,0,0,James Jones,12.593785961,0.426,8690,0,0,0,CLE,20393,3.573873388
-10.947968639,0.476,4209,James Michael McAdooGSWAll1,147.516666667,0,1,All,-17.992244722,0.524,4642,77.366666667,70.15,0,0,0,0,0,James Michael McAdoo,0,0,0,0,0,0,GSW,8851,4.475539487
0,0,0,James YoungBOSAll1,163.4,33.35,1,All,0,0,0,0,0,11.783333333,118.266666667,-14.392803598,0.204,2001,James Young,0,0.072,707,-6.493799324,0.724,7096,BOS,9804,1.868013056
-8.143644847,0.173,7073,JaMychal GreenMEMAll1,681.983333333,0,1,All,-1.880620937,0.823,33691,561.516666667,117.883333333,2.583333333,0,0,0,0,JaMychal Green,0,0.004,155,0,0,0,MEM,40919,4.169065715
0,0,0,Jared CunninghamCLEAll1,355.083333333,116.783333333,1,All,0,0,0,0,0,14.95,223.35,1.644070215,0.329,7007,Jared Cunningham,-6.421404682,0.042,897,-3.223640027,0.629,13401,CLE,21305,1.713212861
-1.007345226,0.068,5718,Jared DudleyWASAll1,1407.283333333,0,1,All,-0.147514534,0.925,78094,1301.566666667,95.3,10.416666667,0,0,0,0,Jared Dudley,0,0.007,625,0,0,0,WAS,84437,4.06031716
7.370037289,0.369,27354,Jared SullingerBOSAll1,1234.533333333,0,1,All,3.637142001,0.631,46718,778.633333333,455.9,0,0,0,0,0,Jared Sullinger,0,0,0,0,0,0,BOS,74072,4.36928934
0,0,0,Jarell EddieWASAll1,79.333333333,0,1,All,13.302540416,0.364,1732,28.866666667,0,47.75,2.716666667,0,0,0,Jarell Eddie,-19.09947644,0.602,2865,-70.674846626,0.034,163,WAS,4760,3.329621849
0,0,0,Jarrett JackBKNAll1,1027.15,912.933333333,1,All,0,0,0,0,0,0,114.216666667,-6.151599241,0.889,54776,Jarrett Jack,0,0,0,-6.724062454,0.111,6853,BKN,61629,1.11119765
3.198079232,0.809,33320,Jason SmithORLAll1,686.266666667,0,1,All,-13.197556008,0.191,7856,130.933333333,555.333333333,0,0,0,0,0,Jason Smith,0,0,0,0,0,0,ORL,41176,4.809209248
0,0,0,Jason TerryHOUAll1,738.983333333,453.25,1,All,0,0,0,0,0,8.033333333,277.7,-2.541643685,0.613,27195,Jason Terry,0,0.011,482,9.679510263,0.376,16662,HOU,44339,1.397528136
-14.28217208,0.801,8066,Jason ThompsonGSWAll1,167.75,0,1,All,2.88144072,0.199,1999,33.316666667,134.433333333,0,0,0,0,0,Jason Thompson,0,0,0,0,0,0,GSW,10065,4.801390959
-7.569162671,1,21688,JaVale McGeeDALAll1,361.466666667,0,1,All,0,0,0,0,361.466666667,0,0,0,0,0,JaVale McGee,0,0,0,0,0,0,DAL,21688,5
0,0.004,348,Jeff GreenMEMAll1,1480.55,0,1,All,-1.239691889,0.497,44140,735.666666667,5.8,739.083333333,0,0,0,0,Jeff Green,-2.338031345,0.499,44345,0,0,0,MEM,88833,3.504722344
0,0,0,Jeff TeagueATLAll1,1461.95,1351.183333333,1,All,0,0,0,0,0,0,110.766666667,-1.207830174,0.924,81071,Jeff Teague,0,0,0,-10.833584111,0.076,6646,ATL,87717,1.075766385
4.985119951,0.983,32930,Jeff WitheyUTAAll1,558.516666667,0,1,All,0,0.017,581,9.683333333,548.833333333,0,0,0,0,0,Jeff  Withey,0,0,0,0,0,0,UTA,33511,4.982662409
0,0.022,1681,Jerami GrantPHIAll1,1279.083333333,0,1,All,-12.438489398,0.766,58811,980.183333333,28.016666667,270.883333333,0,0,0,0,Jerami Grant,-11.163477512,0.212,16253,0,0,0,PHI,76745,3.810124438
26.181818182,0.2,2970,Jeremy EvansDALAll1,247.433333333,0,1,All,-15.436893204,0.666,9888,164.8,49.5,33.133333333,0,0,0,0,Jeremy Evans,-8.692152918,0.134,1988,0,0,0,DAL,14846,4.066145763
0,0,0,Jeremy LambCHAAll1,879.35,0,1,All,0,0,0,0,0,341.55,537.8,0,0,0,Jeremy Lamb,-3.09178744,0.388,20493,7.8542209,0.612,32268,CHA,52761,2.388411895
0,0,0,Jeremy LinCHAAll1,1318.783333333,441.266666667,1,All,0,0,0,0,0,0,877.516666667,4.677443723,0.335,26476,Jeremy Lin,0,0,0,1.42219521,0.665,52651,CHA,79127,1.665398663
0,0,0,Jerian GrantNYKAll1,806.566666667,775.65,1,All,0,0,0,0,0,0,30.916666667,-3.651131309,0.962,46539,Jerian Grant,0,0,0,-23.288409704,0.038,1855,NYK,48394,1.038331198
0,0,0,Jerryd BaylessMILAll1,987.483333333,347.283333333,1,All,0,0,0,0,0,15.183333333,625.016666667,-8.569371791,0.352,20837,Jerryd Bayless,0,0.015,911,-6.835017733,0.633,37501,MIL,59249,1.663690526
0,0,0,Jimmy ButlerCHIAll1,1816.233333333,2.466666667,1,All,0,0.002,175,2.916666667,0,320.316666667,1490.533333333,0,0.001,148,Jimmy Butler,-0.149851709,0.176,19219,0.418642097,0.821,89432,CHI,108974,2.178216822
-5.648904871,1,18354,JJ HicksonDENAll1,305.9,0,1,All,0,0,0,0,305.9,0,0,0,0,0,JJ Hickson,0,0,0,0,0,0,DEN,18354,5
0,0,0,JJ RedickLACAll1,1346.7,0,1,All,0,0.006,508,8.466666667,0,362.566666667,975.666666667,0,0,0,JJ Redick,15.489565137,0.269,21754,8.609497779,0.724,58540,LAC,80802,2.281799955
-3.907992719,0.793,30215,Joakim NoahCHIAll1,634.95,0,1,All,10.596295357,0.207,7882,131.366666667,503.583333333,0,0,0,0,0,Joakim Noah,0,0,0,0,0,0,CHI,38097,4.793107069
0,0,0,Joe InglesUTAAll1,720.683333333,0,1,All,1.498569075,0.267,11531,192.183333333,0,528.5,0,0,0,0,Joe  Ingles,0.635761589,0.733,31710,0,0,0,UTA,43241,3.266668208
0,0,0,Joe JohnsonBKNAll1,1806.083333333,11.433333333,1,All,0,0.006,633,10.55,0,753.316666667,1030.783333333,0,0.006,686,Joe Johnson,-3.377065864,0.417,45199,-4.61008618,0.571,61847,BKN,108365,2.422451899
0,0,0,Joe YoungINDAll1,245.116666667,224.516666667,1,All,0,0,0,0,0,0,20.6,-2.351718506,0.916,13471,Joe Young,0,0,0,-20.970873786,0.084,1236,IND,14707,1.084041613
0,0.999,3127,Joel AnthonyDETAll1,52.15,0,1,All,0,0.001,2,0.033333333,52.116666667,0,0,0,0,0,Joel Anthony,0,0,0,0,0,0,DET,3129,4.999360818
-18.531524342,0.616,20048,Joffrey LauvergneDENAll1,542.366666667,0,1,All,-8.759404514,0.384,12494,208.233333333,334.133333333,0,0,0,0,0,Joffrey Lauvergne,0,0,0,0,0,0,DEN,32542,4.616065392
-6.751122195,0.959,40100,John HensonMILAll1,696.9,0,1,All,-18.483080513,0.041,1714,28.566666667,668.333333333,0,0,0,0,0,John Henson,0,0,0,0,0,0,MIL,41814,4.959008944
0,0,0,John JenkinsDALAll1,177.616666667,25.55,1,All,0,0.012,131,2.183333333,0,51.416666667,98.466666667,7.514677104,0.144,1533,John Jenkins,-0.933549433,0.289,3085,0.487474611,0.554,5908,DAL,10657,2.170216759
0,0,0,John WallWASAll1,1799.75,1799.75,1,All,0,0,0,0,0,0,0,-0.666759272,1,107985,John Wall,0,0,0,0,0,0,WAS,107985,1
0,0.011,462,Johnny O'BryantMILAll1,673.383333333,0,1,All,-3.782653111,0.509,20557,342.616666667,7.7,323.066666667,0,0,0,0,Johnny Obryant,-7.8745357,0.48,19384,0,0,0,MIL,40403,3.53166844
6.821411653,0.405,21110,Jon LeuerPHXAll1,869.433333333,0,1,All,-8.160741886,0.595,31056,517.6,351.833333333,0,0,0,0,0,Jon Leuer,0,0,0,0,0,0,PHX,52166,4.404669708
0,0.008,334,Jonas JerebkoBOSAll1,720.1,0,1,All,7.056415346,0.746,32243,537.383333333,5.566666667,177.15,0,0,0,0,Jonas Jerebko,-9.212531753,0.246,10629,0,0,0,BOS,43206,3.761722909
5.854531891,1,53620,Jonas ValanciunasTORAll1,893.666666667,0,1,All,0,0,0,0,893.666666667,0,0,0,0,0,Jonas Valanciunas,0,0,0,0,0,0,TOR,53620,5
0,0,0,Jonathon SimmonsSASAll1,541.45,51.933333333,1,All,0,0,0,0,0,117.866666667,371.65,0,0.096,3116,Jonathan Simmons,16.696832579,0.218,7072,14.206915108,0.686,22299,SAS,32487,2.121771786
0,0,0,Jordan ClarksonLALAll1,1671.416666667,908.066666667,1,All,0,0,0,0,0,0,763.35,-12.844871889,0.543,54484,Jordan  Clarkson,0,0,0,-8.174494007,0.457,45801,LAL,100285,1.456708381
7.225474429,0.745,46635,Jordan HillINDAll1,1042.866666667,0,1,All,-1.445692414,0.255,15937,265.616666667,777.25,0,0,0,0,0,Jordan Hill,0,0,0,0,0,0,IND,62572,4.745301413
0,0,0,Jordan McRaePHXAll1,67.616666667,3.766666667,1,All,0,0,0,0,0,55.7,8.15,25.486725664,0.056,226,Jordan McRae,5.170556553,0.824,3342,5.889570552,0.121,489,PHX,4057,2.768055213
0,0,0,Jose CalderonNYKAll1,1405.2,1405.183333333,1,All,0,0,0,0,0,0,0.016666667,-3.2792874,1,84311,Jose Calderon,0,0,0,0,0,1,NYK,84312,1.000011861
0,0,0,Jose Juan BareaDALAll1,1070.3,449.783333333,1,All,0,0.001,78,1.3,0,48.366666667,570.85,3.094823434,0.42,26987,J.J. Barea,-11.909028256,0.045,2902,-5.381448717,0.533,34251,DAL,64218,1.627378617
6.90647482,0.038,834,Josh McRobertsMIAAll1,367.633333333,0,1,All,1.899736148,0.962,21224,353.733333333,13.9,0,0,0,0,0,Josh McRoberts,0,0,0,0,0,0,MIA,22058,4.037809412
0,0,0,Josh RichardsonMIAAll1,263.683333333,34.133333333,1,All,0,0,0,0,0,29.25,200.3,-30.9375,0.129,2048,Josh Richardson,-1.641025641,0.111,1755,-16.055916126,0.76,12018,MIA,15821,1.981480311
13.757961783,0.275,3140,Josh SmithHOUAll1,190.483333333,0,1,All,-16.330076004,0.725,8289,138.15,52.333333333,0,0,0,0,0,Josh Smith,0,0,0,0,0,0,HOU,11429,4.274739697
-7.114379273,0.631,17407,Josh SmithLACAll1,459.633333333,0,1,All,-20.953691869,0.369,10171,169.516666667,290.116666667,0,0,0,0,0,Josh Smith,0,0,0,0,0,0,LAC,27578,4.631191529
-3.924660534,0.527,20547,Josh SmithTOTAll1,650.116666667,0,1,All,-18.877573131,0.473,18460,307.666666667,342.45,0,0,0,0,0,Josh Smith,0,0,0,0,0,0,TOT,39007,4.526751609
0,0,0,Jrue HolidayNOPAll1,1166.533333333,610.183333333,1,All,0,0,0,0,0,10.433333333,545.916666667,2.359946464,0.523,36611,Jrue Holiday,0,0.009,626,1.406808121,0.468,32755,NOP,69992,1.485869814
0,0.016,1408,Julius RandleLALAll1,1446.483333333,0,1,All,-10.83074616,0.984,85357,1422.616666667,23.466666667,0.4,0,0,0,0,Julius Randle,0,0,24,0,0,0,LAL,86789,4.015946721
0,0.001,17,Justin AndersonDALAll1,292.95,12.766666667,1,All,0,0.023,396,6.6,0.283333333,224.466666667,48.833333333,15.039164491,0.044,766,Justin Anderson,6.629046629,0.766,13468,0.982935154,0.167,2930,DAL,17577,2.770609319
0,0,0,Justin HolidayATLAll1,253.7,0.383333333,1,All,0,0,0,0,0,3.4,249.916666667,0,0.002,23,Justin Holiday,0,0.013,204,-3.457152384,0.985,14995,ATL,15222,2.011890685
0,0,28,Justise WinslowMIAAll1,1387.616666667,0,1,All,3.182658591,0.565,47055,784.25,0.466666667,602.9,0,0,0,0,Justise Winslow,-0.23884558,0.434,36174,0,0,0,MIA,83257,3.565850319
-1.374373658,1,12573,Jusuf NurkicDENAll1,209.55,0,1,All,0,0,0,0,209.55,0,0,0,0,0,Jusuf  Nurkic,0,0,0,0,0,0,DEN,12573,5
-3.664747599,0.675,64441,Karl-Anthony TownsMINAll1,1590.416666667,0,1,All,-1.208365608,0.325,30984,516.4,1074.016666667,0,0,0,0,0,Karl-Anthony Towns,0,0,0,0,0,0,MIN,95425,4.675305214
0,0.002,149,Kawhi LeonardSASAll1,1622.05,0,1,All,19.92252352,0.111,10842,180.7,2.483333333,1437.7,1.166666667,0,0,0,Kawhi Leonard,14.18933018,0.886,86262,0,0.001,70,SAS,97323,3.113744952
3.946065456,0.495,32113,Kelly OlynykBOSAll1,1080.2,0,1,All,9.424141411,0.505,32699,544.983333333,535.216666667,0,0,0,0,0,Kelly Olynyk,0,0,0,0,0,0,BOS,64812,4.495479232
0,0,4,Kelly OubreWASAll1,504.85,0,1,All,-27.603833866,0.052,1565,26.083333333,0.066666667,450.05,28.65,0,0,0,Kelly Oubre Jr.,-0.746583713,0.891,27003,-31.832460733,0.057,1719,WAS,30291,2.995180086
0,0,0,Kemba WalkerCHAAll1,1820.133333333,1820.133333333,1,All,0,0,0,0,0,0,0,1.160354553,1,109208,Kemba Walker,0,0,0,0,0,0,CHA,109208,1
0,0,0,Kendall MarshallPHIAll1,200.016666667,189.133333333,1,All,0,0,0,0,0,0,10.883333333,-14.212195982,0.946,11348,Kendall Marshall,0,0,0,0,0.054,653,PHI,12001,1.054412132
-28.498879761,1,5356,Kendrick PerkinsNOPAll1,89.266666667,0,1,All,0,0,0,0,89.266666667,0,0,0,0,0,Kendrick Perkins,0,0,0,0,0,0,NOP,5356,5
6.967340591,0.238,17361,Kenneth FariedDENAll1,1216.883333333,0,1,All,-7.555523611,0.762,55652,927.533333333,289.35,0,0,0,0,0,Kenneth Faried,0,0,0,0,0,0,DEN,73013,4.237779574
0,0,0,Kent BazemoreATLAll1,1391.483333333,0,1,All,0,0.007,585,9.75,0,1049.8,331.933333333,0,0,0,Kent  Bazemore,2.240426748,0.754,62988,-1.879895561,0.239,19916,ATL,83489,2.768460516
0,0,0,Kentavious Caldwell-PopeDETAll1,1847.433333333,0,1,All,0,0,0,0,0,2.65,1844.783333333,0,0,0,Kentavious Caldwell-Pope,0,0.001,159,2.914163362,0.999,110687,DET,110846,2.001434423
0,0,48,Kevin DurantOKCAll1,1663.883333333,0,1,All,8.110312682,0.206,20596,343.266666667,0.8,1319.483333333,0.333333333,0,0,0,Kevin Durant,13.714458942,0.793,79169,0,0,20,OKC,99833,3.2070658
0,0.006,214,Kevin GarnettMINAll1,555.583333333,0,1,All,4.260869565,0.994,33120,552,3.566666667,0.016666667,0,0,0,0,Kevin Garnett,0,0,1,0,0,0,MIN,33335,4.006389681
21.470545242,0.071,6841,Kevin LoveCLEAll1,1616.083333333,0,1,All,7.669433225,0.929,90124,1502.066666667,114.016666667,0,0,0,0,0,Kevin Love,0,0,0,0,0,0,CLE,96965,4.07055123
0,0,0,Kevin MartinMINAll1,790.4,0.166666667,1,All,0,0,0,0,0,35.166666667,755.066666667,0,0,10,Kevin Martin,24.568720379,0.044,2110,-5.467066926,0.955,45304,MIN,47424,2.044281377
-10.03950732,1,21515,Kevin SeraphinNYKAll1,358.583333333,0,1,All,0,0,0,0,358.583333333,0,0,0,0,0,Kevin Seraphin,0,0,0,0,0,0,NYK,21515,5
0,0,0,Khris MiddletonMILAll1,1911.316666667,1.95,1,All,0,0.01,1154,19.233333333,0,893.25,996.883333333,0,0.001,117,Khris Middleton,-1.235936188,0.467,53595,-1.25190176,0.522,59813,MIL,114679,2.486453492
0,0,0,Kirk HinrichCHIAll1,544.583333333,268.75,1,All,0,0,0,0,0,15.283333333,260.55,0.178604651,0.493,16125,Kirk Hinrich,-37.688113413,0.028,917,3.500287853,0.478,15633,CHI,32675,1.534567712
0,0,0,KJ McDanielsHOUAll1,61.683333333,1.483333333,1,All,45.714285714,0.034,126,2.1,0,31.9,26.2,0,0.024,89,KJ McDaniels,0,0.517,1914,47.633587786,0.425,1572,HOU,3701,2.561199676
0,0,0,Klay ThompsonGSWAll1,1596.116666667,13.066666667,1,All,0,0.004,427,7.116666667,0,281.1,1294.833333333,0,0.008,784,Klay Thompson,10.245464248,0.176,16866,20.203372377,0.811,77690,GSW,95767,2.176845886
0,0,0,Kobe BryantLALAll1,1284.683333333,0,1,All,0,0.017,1318,21.966666667,0,1252.433333333,10.283333333,0,0,0,Kobe Bryant,-12.570728981,0.975,75146,0,0.008,617,LAL,77081,3.009094329
-9.545544489,1,60644,Kosta KoufosSACAll1,1010.733333333,0,1,All,0,0,0,0,1010.733333333,0,0,0,0,0,Kosta Koufos,0,0,0,0,0,0,SAC,60644,5
0,0.024,414,Kostas PapanikolaouDENAll1,293.566666667,0,1,All,10.849029267,0.392,6902,115.033333333,6.9,171.633333333,0,0,0,0,Kostas Papanikolaou,-5.593319091,0.585,10298,0,0,0,DEN,17614,3.438855456
-8.309975268,0.26,7278,Kris HumphriesWASAll1,465.95,0,1,All,-8.495575221,0.74,20679,344.65,121.3,0,0,0,0,0,Kris Humphries,0,0,0,0,0,0,WAS,27957,4.260328361
1.681260946,0.28,25695,Kristaps PorzingisNYKAll1,1529.616666667,0,1,All,1.612541993,0.72,66082,1101.366666667,428.25,0,0,0,0,0,Kristaps Porzingis,0,0,0,0,0,0,NYK,91777,4.279972106
0,0.001,38,Kyle AndersonSASAll1,623,0.833333333,1,All,4.004171011,0.231,8631,143.85,0.633333333,414.75,62.933333333,0,0.001,50,Kyle  Anderson,12.499095841,0.666,24885,24.406779661,0.101,3776,SAS,37380,3.129240235
0,0,0,Kyle KorverATLAll1,1573.366666667,4.783333333,1,All,0,0,0,0,0,105.916666667,1462.666666667,0,0.003,287,Kyle Korver,8.61054288,0.067,6355,3.741112124,0.93,87760,ATL,94402,2.064278299
0,0,0,Kyle LowryTORAll1,1854.883333333,1854.883333333,1,All,0,0,0,0,0,0,0,6.598797768,1,111293,Kyle Lowry,0,0,0,0,0,0,TOR,111293,1
0.23662805,0.843,24342,Kyle O'QuinnNYKAll1,481.266666667,0,1,All,-17.785619762,0.157,4534,75.566666667,405.7,0,0,0,0,0,Kyle O'Quinn,0,0,0,0,0,0,NYK,28876,4.842983793
0,0,0,Kyle SinglerOKCAll1,542.35,0,1,All,-21.686746988,0.102,3320,55.333333333,0,435.883333333,51.133333333,0,0,0,Kyle Singler,0.440484839,0.804,26153,-22.529335072,0.094,3068,OKC,32541,3.007744077
0,0,0,Kyrie IrvingCLEAll1,738.216666667,738.216666667,1,All,0,0,0,0,0,0,0,8.907953853,1,44293,Kyrie Irving,0,0,0,0,0,0,CLE,44293,1
0,0,0,Lamar PattersonATLAll1,408.483333333,0.216666667,1,All,0,0.015,367,6.116666667,0,244.05,158.1,0,0.001,13,Lamar Patterson,2.360172096,0.597,14643,3.339658444,0.387,9486,ATL,24509,2.626871761
10.782892526,0.489,41666,LaMarcus AldridgeSASAll1,1420.9,0,1,All,12.025328072,0.511,43588,726.466666667,694.433333333,0,0,0,0,0,LaMarcus Aldridge,0,0,0,0,0,0,SAS,85254,4.488727802
0,0,0,Lance StephensonLACAll1,657.766666667,0,1,All,10.404624277,0.105,4152,69.2,0,522.3,66.266666667,0,0,0,Lance Stephenson,-1.92992533,0.794,31338,-25.352112676,0.101,3976,LAC,39466,3.004459535
0,0.004,250,Lance ThomasNYKAll1,1093.433333333,0,1,All,-2.72800386,0.853,55953,932.55,4.166666667,156.716666667,0,0,0,0,Lance Thomas,-8.882271615,0.143,9403,0,0,0,NYK,65606,3.860485321
0,0,0,Langston GallowayNYKAll1,1373.333333333,468.816666667,1,All,0,0,0,0,0,0.25,904.266666667,3.583490348,0.341,28129,Langston Galloway,0,0,15,-4.458861693,0.658,54256,NYK,82400,1.65881068
-13.095100865,0.32,15615,Larry Nance Jr.LALAll1,813.6,0,1,All,-8.674437517,0.68,33201,553.35,260.25,0,0,0,0,0,Larry Nance,0,0,0,0,0,0,LAL,48816,4.319874631
-8.873409243,0.115,7465,Lavoy AllenINDAll1,1082.716666667,0,1,All,10.31827194,0.885,57498,958.3,124.416666667,0,0,0,0,0,Lavoy Allen,0,0,0,0,0,0,IND,64963,4.114911565
0,0,0,Leandro BarbosaGSWAll1,567.95,4.95,1,All,0,0,0,0,0,42.716666667,520.283333333,0,0.009,297,Leandro Barbosa,-5.618415919,0.075,2563,5.350930583,0.916,31217,GSW,34077,2.066496464
0,0.001,148,LeBron JamesCLEAll1,1793.25,0,1,All,10.711457708,0.232,25005,416.75,2.466666667,1374.033333333,0,0,0,0,LeBron James,9.886223042,0.766,82442,0,0,0,CLE,107595,3.235150332
0,0,0,Lorenzo BrownPHXAll1,60.733333333,60.733333333,1,All,0,0,0,0,0,0,0,-21.339187706,1,3644,Lorenzo Brown,0,0,0,0,0,0,PHX,3644,1
-8.73388931,0.404,3957,Lou AmundsonNYKAll1,163.15,0,1,All,-6.419753086,0.596,5832,97.2,65.95,0,0,0,0,0,Lou Amundson,0,0,0,0,0,0,NYK,9789,4.404229237
0,0,0,Lou WilliamsLALAll1,1515.55,77,1,All,0,0,0,0,0,8.15,1430.4,-3.116883117,0.051,4620,Louis Williams,0,0.005,489,-13.255033557,0.944,85824,LAL,90933,1.954570948
0,0.004,202,Luc Mbah a MouteLACAll1,820.05,0,1,All,9.592553725,0.445,21917,365.283333333,3.366666667,449.716666667,1.683333333,0,0,0,Luc Mbah a Moute,4.803024126,0.548,26983,0,0.002,101,LAC,49203,3.45159848
-6.980482204,1,7839,Lucas NogueiraTORAll1,130.65,0,1,All,0,0,0,0,130.65,0,0,0,0,0,Lucas Nogueira,0,0,0,0,0,0,TOR,7839,5
9.726742401,0.185,13028,Luis ScolaTORAll1,1170.666666667,0,1,All,-1.61085087,0.815,57212,953.533333333,217.133333333,0,0,0,0,0,Luis Scola,0,0,0,0,0,0,TOR,70240,4.18547836
0,0,0,Luke BabbittNOPAll1,315.366666667,0,1,All,-8.983156581,0.085,1603,26.716666667,0,254.316666667,34.333333333,0,0,0,Luke Babbitt,-1.321187496,0.806,15259,-30.757281553,0.109,2060,NOP,18922,2.975848219
0,0,0,Luol DengMIAAll1,1434.183333333,0,1,All,-6.680692669,0.215,18537,308.95,0,1117.016666667,8.216666667,0,0,0,Luol Deng,-2.406409931,0.779,67021,0,0.006,493,MIA,86051,3.209689603
0,0,0,Manu GinobiliSASAll1,847.8,7.183333333,1,All,0,0,0,0,0,20.066666667,820.55,0,0.008,431,Manu Ginobili,0,0.024,1204,16.554749863,0.968,49233,SAS,50868,2.015196194
-0.164249187,1,105206,Marc GasolMEMAll1,1753.433333333,0,1,All,0,0,0,0,1753.433333333,0,0,0,0,0,Marc Gasol,0,0,0,0,0,0,MEM,105206,5
0,0,0,Marcelo HuertasLALAll1,331.166666667,331.166666667,1,All,0,0,0,0,0,0,0,1.884247609,1,19870,Marcelo Huertas,0,0,0,0,0,0,LAL,19870,1
-2.713469506,1,82787,Marcin GortatWASAll1,1379.783333333,0,1,All,0,0,0,0,1379.783333333,0,0,0,0,0,Marcin Gortat,0,0,0,0,0,0,WAS,82787,5
0,0,0,Marco BelinelliSACAll1,1341.666666667,3.55,1,All,0,0,0,0,0,410.283333333,927.833333333,0,0.003,213,Marco Belinelli,-7.253523987,0.306,24617,-6.466678642,0.692,55670,SAC,80500,2.30315528
0,0,47,Marcus MorrisDETAll1,1880.833333333,0,1,All,7.577839497,0.061,6841,114.016666667,0.783333333,1766.033333333,0,0,0,0,Marcus Morris,2.690775939,0.939,105962,0,0,0,DET,112850,3.061453257
0,0,0,Marcus SmartBOSAll1,900.616666667,468.25,1,All,0,0,0,0,0,2.766666667,429.6,3.075280299,0.52,28095,Marcus Smart,0,0.003,166,8.491620112,0.477,25776,BOS,54037,1.483150434
0,0,0,Marcus ThorntonHOUAll1,870.183333333,8.533333333,1,All,0,0.016,835,13.916666667,0,536.433333333,311.3,0,0.01,512,Marcus Thornton,1.073758777,0.616,32186,-6.013491809,0.358,18678,HOU,52211,2.638639367
0,0,0,Mario ChalmersMEMAll1,939.566666667,805.616666667,1,All,0,0,0,0,0,0,133.95,-1.429960486,0.857,48337,Mario Chalmers,0,0,0,7.883538634,0.143,8037,MEM,56374,1.142565722
0,0,0,Mario ChalmersMIAAll1,119.85,119.85,1,All,0,0,0,0,0,0,0,22.027534418,1,7191,Mario Chalmers,0,0,0,0,0,0,MIA,7191,1
0,0,0,Mario ChalmersTOTAll1,1059.416666667,925.466666667,1,All,0,0,0,0,0,0,133.95,1.607837487,0.874,55528,Mario Chalmers,0,0,0,7.883538634,0.126,8037,TOT,63565,1.126437505
0,0,0,Mario HezonjaORLAll1,730.433333333,0,1,All,0,0.008,362,6.033333333,0,416.866666667,307.533333333,0,0,0,Mario Hezonja,-0.115144731,0.571,25012,-3.277693475,0.421,18452,ORL,43826,2.587231324
0,0,0,Markel BrownBKNAll1,377.033333333,0,1,All,-5.838824126,0.087,1973,32.883333333,0,189.733333333,154.416666667,0,0,0,Markel Brown,-8.348559382,0.503,11384,-10.257960065,0.41,9265,BKN,22622,2.677658916
-2.61738867,0.187,9903,Markieff MorrisPHXAll1,880.533333333,0,1,All,-8.184677025,0.813,42929,715.483333333,165.05,0,0,0,0,0,Markieff Morris,0,0,0,0,0,0,PHX,52832,4.187443216
0.8033921,0.649,17924,Marreese SpeightsGSWAll1,460.15,0,1,All,-17.073749111,0.305,8434,140.566666667,298.733333333,20.85,0,0,0,0,Marreese Speights,-4.604316547,0.045,1251,0,0,0,GSW,27609,4.60389728
0,0,12,Marvin WilliamsCHAAll1,1522.766666667,0,1,All,3.306860588,0.801,73157,1219.283333333,0.2,303.283333333,0,0,0,0,Marvin  Williams,-1.107874924,0.199,18197,0,0,0,CHA,91366,3.800965348
0.461072387,1,81202,Mason PlumleePORAll1,1353.366666667,0,1,All,0,0,0,0,1353.366666667,0,0,0,0,0,Mason Plumlee,0,0,0,0,0,0,POR,81202,5
0,0,0,Matt BarnesMEMAll1,1235.233333333,0,1,All,6.871781992,0.107,7963,132.716666667,0,896.783333333,205.733333333,0,0,0,Matt Barnes,-6.208857584,0.726,53807,6.06610499,0.167,12344,MEM,74114,2.940888361
11.374407583,0.369,2532,Matt BonnerSASAll1,114.366666667,0,1,All,21.104422926,0.557,3821,63.683333333,42.2,8.483333333,0,0,0,0,Matt Bonner,11.316306483,0.074,509,0,0,0,SAS,6862,4.294812008
0,0,0,Matthew DellavedovaCLEAll1,1215.15,1107.766666667,1,All,0,0,0,0,0,0,107.383333333,11.742545061,0.912,66466,Matthew Dellavedova,0,0,0,6.70495111,0.088,6443,CLE,72909,1.088370434
0,0,0,Maurice HarklessPORAll1,873.483333333,0,1,All,-12.413793103,0.031,1624,27.066666667,0,673.316666667,173.1,0,0,0,Maurice  Harkless,-4.134755811,0.771,40399,-5.54592721,0.198,10386,POR,52409,2.832814975
0,0,0,Metta World PeaceLALAll1,331.716666667,0,1,All,3.388235294,0.128,2550,42.5,0,289.216666667,0,0,0,0,Metta World Peace,-3.485276321,0.872,17353,0,0,0,LAL,19903,3.128121389
16.095658955,0.12,7694,Meyers LeonardPORAll1,1066.2,0,1,All,0.614148881,0.88,56273,937.883333333,128.233333333,0.083333333,0,0,0,0,Meyers Leonard,0,0,5,0,0,0,POR,63972,4.12019321
0,0,0,Michael Carter-WilliamsMILAll1,1467.383333333,1422.816666667,1,All,0,0,0,0,0,0,44.566666667,-3.06996685,0.97,85369,Michael Carter-Williams,0,0,0,-12.924457741,0.03,2674,MIL,88043,1.030371523
0,0,0,Michael Kidd-GilchristCHAAll1,185.216666667,0,1,All,0,0,0,0,0,185.216666667,0,0,0,0,Michael Kidd-Gilchrist,13.994420948,1,11113,0,0,0,CHA,11113,3
0,0,0,Mike ConleyMEMAll1,1414.783333333,1414.783333333,1,All,0,0,0,0,0,0,0,-0.542839304,1,84887,Mike Conley,0,0,0,0,0,0,MEM,84887,1
0,0.002,41,Mike MillerDENAll1,313.45,0,1,All,-10.47163931,0.512,9626,160.433333333,0.683333333,152.333333333,0,0,0,0,Mike Miller,-3.150984683,0.486,9140,0,0,0,DEN,18807,3.51619078
-5.932498812,0.737,18933,Mike MuscalaATLAll1,428.383333333,0,1,All,-9.358936484,0.263,6770,112.833333333,315.55,0,0,0,0,0,Mike Muscala,0,0,0,0,0,0,ATL,25703,4.736606622
0,0.016,648,Mike ScottATLAll1,682.783333333,0,1,All,7.264553832,0.977,40041,667.35,10.8,4.633333333,0,0,0,0,Mike Scott,0,0.007,278,0,0,0,ATL,40967,4.00903166
-15.012611401,1,17841,Miles PlumleeMILAll1,297.35,0,1,All,0,0,0,0,297.35,0,0,0,0,0,Miles Plumlee,0,0,0,0,0,0,MIL,17841,5
4.721311475,0.098,5490,Mirza TeletovicPHXAll1,929.516666667,0,1,All,-4.28588902,0.88,49054,817.566666667,91.5,20.45,0,0,0,0,Mirza Teletovic,0,0.022,1227,0,0,0,PHX,55771,4.076437575
-85.970149254,0.139,469,Mitch McGaryOKCAll1,56.15,0,1,All,-30.786206897,0.861,2900,48.333333333,7.816666667,0,0,0,0,0,Mitch McGary,0,0,0,0,0,0,OKC,3369,4.139210448
0,0,0,Mo WilliamsCLEAll1,678,489.783333333,1,All,0,0,0,0,0,0,188.216666667,-9.800251812,0.722,29387,Mo Williams,0,0,0,12.24121137,0.278,11293,CLE,40680,1.277605703
0,0,0,Monta EllisINDAll1,1712.866666667,319.6,1,All,0,0,0,0,0,16.333333333,1376.933333333,11.113892365,0.187,19176,Monta Ellis,0,0.01,980,2.056744456,0.804,82616,IND,102772,1.822947885
-37.698391055,0.223,3667,Montrezl HarrellHOUAll1,273.483333333,0,1,All,5.917964119,0.771,12653,210.883333333,61.116666667,1.483333333,0,0,0,0,Montrezl Harrell,0,0.005,89,0,0,0,HOU,16409,4.21805107
-4.525232608,0.893,32458,Myles TurnerINDAll1,605.55,0,1,All,17.094193548,0.107,3875,64.583333333,540.966666667,0,0,0,0,0,Myles Turner,0,0,0,0,0,0,IND,36333,4.893347645
0,0.023,1127,Nemanja BjelicaMINAll1,811.883333333,0,1,All,-4.677395541,0.973,47411,790.183333333,18.783333333,2.916666667,0,0,0,0,Nemanja Bjelica,0,0.004,175,0,0,0,MIN,48713,4.019543038
4.103025531,0.885,26673,NeneWASAll1,502.033333333,0,1,All,-18.370542186,0.115,3449,57.483333333,444.55,0,0,0,0,0,Nene Hilario,0,0,0,0,0,0,WAS,30122,4.885498971
-6.685899748,0.549,44368,Nerlens NoelPHIAll1,1348.133333333,0,1,All,-17.428258488,0.451,36520,608.666666667,739.466666667,0,0,0,0,0,Nerlens Noel,0,0,0,0,0,0,PHI,80888,4.548511522
11.158465711,0.166,5162,Nick CollisonOKCAll1,517.8,0,1,All,-0.444684629,0.834,25906,431.766666667,86.033333333,0,0,0,0,0,Nick Collison,0,0,0,0,0,0,OKC,31068,4.166151667
0,0,0,Nick YoungLALAll1,828.4,0,1,All,0,0,0,0,0,595.65,232.75,0,0,0,Nick Young,-13.296398892,0.719,35739,-5.77443609,0.281,13965,LAL,49704,2.719036697
0,0,0,Nicolas BatumCHAAll1,1513.483333333,0,1,All,0,0.016,1442,24.033333333,0,1281.866666667,207.583333333,0,0,0,Nicolas Batum,1.610151862,0.847,76912,-0.69369731,0.137,12455,CHA,90809,2.878723475
0,0,0,Nik StauskasPHIAll1,1102.383333333,7.65,1,All,0,0,0,0,0,143.8,950.933333333,0,0.007,459,Nik Stauskas,-17.69123783,0.13,8628,-12.467750981,0.863,57056,PHI,66143,2.123505133
4.653816347,0.997,60647,Nikola JokicDENAll1,1014,0,1,All,0,0.003,193,3.216666667,1010.783333333,0,0,0,0,0,Nikola Jokic,0,0,0,0,0,0,DEN,60840,4.996827745
0,0,0,Nikola MiroticCHIAll1,1054.6,0,1,All,3.716661887,0.772,48818,813.633333333,0,240.966666667,0,0,0,0,Nikola Mirotic,-2.589569788,0.228,14458,0,0,0,CHI,63276,3.771508945
-19.347408829,1,9378,Nikola PekovicMINAll1,156.3,0,1,All,0,0,0,0,156.3,0,0,0,0,0,Nikola Pekovic,0,0,0,0,0,0,MIN,9378,5
-2.199288722,1,91666,Nikola VucevicORLAll1,1527.766666667,0,1,All,0,0,0,0,1527.766666667,0,0,0,0,0,Nikola Vucevic,0,0,0,0,0,0,ORL,91666,5
0,0.011,532,Noah VonlehPORAll1,795.35,0,1,All,-2.563309246,0.989,47189,786.483333333,8.866666667,0,0,0,0,0,Noah Vonleh,0,0,0,0,0,0,POR,47721,4.011148132
0,0,0,Norman PowellTORAll1,143.966666667,0,1,All,0,0,0,0,0,20.833333333,123.133333333,0,0,0,Norman Powell,25.344,0.145,1250,-1.169463996,0.855,7388,TOR,8638,2.144709423
0,0,0,Norris ColeNOPAll1,879.183333333,810.783333333,1,All,0,0,0,0,0,0,68.4,-4.736160503,0.922,48647,Norris Cole,0,0,0,-16.140350877,0.078,4104,NOP,52751,1.077799473
0,0,0,O.J. MayoMILAll1,804.466666667,189.616666667,1,All,0,0,0,0,0,101.05,513.8,-4.809703788,0.236,11377,OJ Mayo,-15.200395844,0.126,6063,-0.093421565,0.639,30828,MIL,48268,1.889906356
-4.247695478,1,46105,Omer AsikNOPAll1,768.416666667,0,1,All,0,0,0,0,768.416666667,0,0,0,0,0,Omer Asik,0,0,0,0,0,0,NOP,46105,5
0,0,0,Omri CasspiSACAll1,1386.566666667,0,1,All,2.190702045,0.269,22349,372.483333333,0,1004.15,9.933333333,0,0,0,Omri Casspi,1.864263307,0.724,60249,0,0.007,596,SAC,83194,3.261473183
0,0.016,1254,Otto PorterWASAll1,1326.683333333,0,1,All,3.240907454,0.279,22216,370.266666667,20.9,935.516666667,0,0,0,0,Otto Porter Jr.,-4.617769147,0.705,56131,0,0,0,WAS,79601,3.310599113
0,0,0,Pablo PrigioniLACAll1,441.5,435.35,1,All,0,0,0,0,0,0,6.15,-2.425634547,0.986,26121,Pablo Prigioni,0,0,0,0,0.014,369,LAC,26490,1.013929785
0,0,0,Pat ConnaughtonPORAll1,58.283333333,0,1,All,0,0.005,18,0.3,0,12.616666667,45.366666667,0,0,0,Pat Connaughton,3.804491413,0.216,757,-14.812637766,0.778,2722,POR,3497,2.226765799
0,0,0,Patrick BeverleyHOUAll1,1140.283333333,1013.966666667,1,All,0,0,0,0,0,0,126.316666667,3.171701897,0.889,60838,Patrick Beverley,0,0,0,-11.779918195,0.111,7579,HOU,68417,1.110776561
11.088295688,0.052,3896,Patrick PattersonTORAll1,1241.583333333,0,1,All,9.749713169,0.948,70599,1176.65,64.933333333,0,0,0,0,0,Patrick Patterson,0,0,0,0,0,0,TOR,74495,4.052298812
0,0,0,Patty MillsSASAll1,1041.916666667,941.283333333,1,All,0,0,0,0,0,0,100.633333333,16.726100891,0.903,56477,Patty Mills,0,0,0,10.97052004,0.097,6038,SAS,62515,1.09658482
1.723293841,1,91917,Pau GasolCHIAll1,1531.95,0,1,All,0,0,0,0,1531.95,0,0,0,0,0,Pau Gasol,0,0,0,0,0,0,CHI,91917,5
0,0.009,984,Paul GeorgeINDAll1,1814.466666667,0,1,All,-1.301477523,0.468,50896,848.266666667,16.4,949.766666667,0.033333333,0,0,0,Paul George,10.259361949,0.523,56986,0,0,2,IND,108868,3.485560495
4.317841079,0.051,5336,Paul MillsapATLAll1,1730.183333333,0,1,All,1.235249812,0.921,95592,1593.2,88.933333333,48.05,0,0,0,0,Paul Millsap,7.991675338,0.028,2883,0,0,0,ATL,103811,4.02362948
0,0.001,69,Paul PierceLACAll1,822.25,0,1,All,-2.025174038,0.288,14221,237.016666667,1.15,577.5,6.583333333,0,0,0,Paul Pierce,0.415584416,0.702,34650,0,0.008,395,LAC,49335,3.283044492
0,0,0,Phil PresseyPHIAll1,169.016666667,169.016666667,1,All,0,0,0,0,0,0,0,-3.123952273,1,10141,Phil Pressey,0,0,0,0,0,0,PHI,10141,1
0,0,0,PJ HairstonCHAAll1,936.966666667,0,1,All,0,0.017,949,15.816666667,0,264.866666667,656.283333333,0,0,0,PJ Hairston,-9.967279134,0.283,15892,-3.291261396,0.7,39377,CHA,56218,2.31644669
0,0,16,PJ TuckerPHXAll1,1575.333333333,6.516666667,1,All,6.652550529,0.055,5195,86.583333333,0.266666667,1340.466666667,141.5,0,0.004,391,PJ Tucker,-7.734619784,0.851,80428,-8.141342756,0.09,8490,PHX,94520,2.957204824
-25.191873589,0.185,3544,Quincy AcySACAll1,318.833333333,0,1,All,-3.880405492,0.815,15586,259.766666667,59.066666667,0,0,0,0,0,Quincy Acy,0,0,0,0,0,0,SAC,19130,4.185258756
0,0,0,Rajon RondoSACAll1,1750.55,1750.55,1,All,0,0,0,0,0,0,0,-3.125874725,1,105033,Rajon Rondo,0,0,0,0,0,0,SAC,105033,1
0,0,0,Ramon SessionsWASAll1,1029,598.55,1,All,0,0,0,0,0,0,430.45,-8.500542979,0.582,35913,Ramon Sessions,0,0,0,4.23742595,0.418,25827,WAS,61740,1.418318756
0,0,0,Randy FoyeDENAll1,1047.35,389.783333333,1,All,0,0,0,0,0,30.366666667,627.2,7.758156241,0.372,23387,Randy Foye,-12.645444566,0.029,1822,-7.576530612,0.599,37632,DEN,62841,1.656832323
0,0,0,Rashad VaughnMILAll1,526.25,26.816666667,1,All,0,0,0,0,0,123.566666667,375.866666667,30.428837787,0.051,1609,Rashad Vaughn,-6.603722687,0.235,7414,-16.218517205,0.714,22552,MIL,31575,2.183847981
0,0,0,Rasual ButlerSASAll1,308.716666667,0,1,All,37.663469922,0.062,1147,19.116666667,0,207.3,82.3,0,0,0,Rasual Butler,6.714905933,0.671,12438,12.831105711,0.267,4938,SAS,18523,2.795335529
0,0,0,Raul NetoUTAAll1,1010.433333333,1010.433333333,1,All,0,0,0,0,0,0,0,3.040279748,1,60626,Raul Neto,0,0,0,0,0,0,UTA,60626,1
0,0,0,Ray McCallumSASAll1,223.216666667,205.633333333,1,All,0,0,0,0,0,0,17.583333333,9.803858,0.921,12338,Ray McCallum,0,0,0,24.568720379,0.079,1055,SAS,13393,1.078772493
0,0,0,Raymond FeltonDALAll1,1472.483333333,1466.283333333,1,All,0,0,0,0,0,0,6.2,-1.014810689,0.996,87977,Raymond Felton,0,0,0,0,0.004,372,DAL,88349,1.004210574
0,0,0,Reggie BullockDETAll1,89.916666667,0,1,All,0,0,0,0,0,0.95,88.966666667,0,0,0,Reggie Bullock,0,0.011,57,-37.227426002,0.989,5338,DET,5395,2.010565338
0,0,0,Reggie JacksonDETAll1,1636.633333333,1628.083333333,1,All,0,0,0,0,0,0,8.55,2.977734555,0.995,97685,Reggie Jackson,0,0,0,0,0.005,513,DET,98198,1.005224139
0,0,0,Richard JeffersonCLEAll1,869.25,0,1,All,8.578147045,0.122,6379,106.316666667,0,547.1,215.833333333,0,0,0,Richard Jefferson,-6.580149881,0.629,32826,2.891119691,0.248,12950,CLE,52155,2.874010162
-4.517292761,0.419,12751,Richaun HolmesPHIAll1,506.616666667,0,1,All,-6.365181911,0.581,17646,294.1,212.516666667,0,0,0,0,0,Richaun Holmes,0,0,0,0,0,0,PHI,30397,4.419482186
0,0,0,Ricky RubioMINAll1,1417.733333333,1416.533333333,1,All,0,0,0,0,0,0,1.2,0.914909639,0.999,84992,Ricky Rubio,0,0,0,0,0.001,72,MIN,85064,1.000846422
0,0,0,RJ HunterBOSAll1,247.683333333,60.016666667,1,All,0,0,0,0,0,28.333333333,159.333333333,3.998889197,0.242,3601,RJ Hunter,-16.941176471,0.114,1700,-6.326359833,0.643,9560,BOS,14861,1.872081287
0,0.001,52,Robert CovingtonPHIAll1,1151.733333333,0,1,All,2.302894611,0.362,25012,416.866666667,0.866666667,718.033333333,15.966666667,0,0,0,Robert Covington,-14.840536651,0.623,43082,0,0.014,958,PHI,69104,3.349589025
-12.834962622,1,13912,Robert SacreLALAll1,231.866666667,0,1,All,0,0,0,0,231.866666667,0,0,0,0,0,Robert Sacre,0,0,0,0,0,0,LAL,13912,5
-1.513092694,1,83749,Robin LopezNYKAll1,1395.816666667,0,1,All,0,0,0,0,1395.816666667,0,0,0,0,0,Robin Lopez,0,0,0,0,0,0,NYK,83749,5
0,0,0,Rodney HoodUTAAll1,1535.75,69.05,1,All,0,0.001,90,1.5,0,149.433333333,1315.766666667,-7.646632875,0.045,4143,Rodney Hood,4.818202097,0.097,8966,2.006434778,0.857,78946,UTA,92145,2.054294861
0,0,0,Rodney StuckeyINDAll1,797.833333333,379.383333333,1,All,0,0,0,0,0,0,418.45,-1.391732197,0.476,22763,Rodney  Stuckey,0,0,0,2.982435177,0.524,25107,IND,47870,1.524482975
0,0,0,Rondae Hollis-JeffersonBKNAll1,418.666666667,0,1,All,0,0.021,538,8.966666667,0,326.55,83.15,0,0,0,Rondae Hollis-Jefferson,-4.850711989,0.78,19593,1.731809982,0.199,4989,BKN,25120,2.82281051
0,0,0,Ronnie PricePHXAll1,503.833333333,503.833333333,1,All,0,0,0,0,0,0,0,2.381739993,1,30230,Ronnie Price,0,0,0,0,0,0,PHX,30230,1
-13.550757332,1,77575,Roy HibbertLALAll1,1292.916666667,0,1,All,0,0,0,0,1292.916666667,0,0,0,0,0,Roy Hibbert,0,0,0,0,0,0,LAL,77575,5
0,0.012,1063,Rudy GaySACAll1,1495.316666667,0,1,All,-2.549884409,0.68,60991,1016.516666667,17.716666667,461.083333333,0,0,0,0,Rudy Gay,0.208205314,0.308,27665,0,0,0,SAC,89719,3.703496472
4.376404404,1,61859,Rudy GobertUTAAll1,1030.983333333,0,1,All,0,0,0,0,1030.983333333,0,0,0,0,0,Rudy Gobert,0,0,0,0,0,0,UTA,61859,5
0,0,0,Russ SmithMEMAll1,66.9,54.4,1,All,0,0,0,0,0,0,12.5,-32.647058824,0.813,3264,Russ Smith,0,0,0,0,0.187,750,MEM,4014,1.186846039
0,0,0,Russell WestbrookOKCAll1,1825.3,1656.783333333,1,All,0,0,0,0,0,0,168.516666667,12.776565031,0.908,99407,Russell Westbrook,0,0,0,10.254178617,0.092,10111,OKC,109518,1.092322723
-6.999042639,0.147,13579,Ryan AndersonNOPAll1,1538.016666667,0,1,All,1.501659609,0.852,78633,1310.55,226.316666667,1.15,0,0,0,0,Ryan Anderson,0,0.001,69,0,0,0,NOP,92281,4.146400668
-15.286624204,0.958,7536,Ryan HollinsMEMAll1,131.1,0,1,All,-17.454545455,0.042,330,5.5,125.6,0,0,0,0,0,Ryan Hollins,0,0,0,0,0,0,MEM,7866,4.958047292
-15.694072658,0.969,10460,Ryan HollinsTOTAll1,179.833333333,0,1,All,-17.454545455,0.031,330,5.5,174.333333333,0,0,0,0,0,Ryan Hollins,0,0,0,0,0,0,TOT,10790,4.969416126
0,0,0,Ryan KellyLALAll1,251,0,1,All,-10.273718872,0.968,14577,242.95,0,8.05,0,0,0,0,Ryan Kelly,59.627329193,0.032,483,0,0,0,LAL,15060,3.967928287
-21.50712831,0.328,2946,Salah MejriDALAll1,149.816666667,0,1,All,-6.900958466,0.418,3756,62.6,49.1,25.35,12.766666667,0,0,0,Salah Mejri,17.041420118,0.169,1521,15.039164491,0.085,766,DAL,8989,3.988096562
0,0,0,Sasha VujacicNYKAll1,486.7,12.75,1,All,0,0,0,0,0,34.533333333,439.416666667,15.058823529,0.026,765,Sasha Vujacic,25.019305019,0.071,2072,-8.848094064,0.903,26365,NYK,29202,2.044757208
0,0,0,Sean KilpatrickDENAll1,82.483333333,82.4,1,All,0,0,0,0,0,0,0.083333333,-4.660194175,0.999,4944,Sean Kilpatrick,0,0,0,0,0.001,5,DEN,4949,1.001010305
3.35984728,0.091,9429,Serge IbakaOKCAll1,1726.85,0,1,All,11.897793165,0.909,94162,1569.366666667,157.15,0.333333333,0,0,0,0,Serge Ibaka,0,0,20,0,0,0,OKC,103611,4.090810821
0,0,0,Sergey KarasevBKNAll1,132.233333333,9.583333333,1,All,0,0,0,0,0,13.333333333,109.316666667,35.060869565,0.072,575,Sergey Karasev,-7.2,0.101,800,-11.855465772,0.827,6559,BKN,7934,2.028358961
0,0,0,Seth CurrySACAll1,265.25,70.55,1,All,0,0,0,0,0,8.2,186.5,7.484053863,0.266,4233,Seth Curry,5.853658537,0.031,492,1.286863271,0.703,11190,SAC,15915,1.764938737
0,0,0,Shabazz MuhammadMINAll1,1072.466666667,0,1,All,0,0.004,244,4.066666667,0,527.3,541.1,0,0,0,Shabazz Muhammad,-12.015930211,0.492,31638,-4.790242099,0.505,32466,MIN,64348,2.499254056
0,0,0,Shabazz NapierORLAll1,526.666666667,488.766666667,1,All,0,0,0,0,0,0,37.9,-2.160540135,0.928,29326,Shabazz Napier,0,0,0,-8.865435356,0.072,2274,ORL,31600,1.071962025
0,0,0,Shane LarkinBKNAll1,1003.266666667,1003.266666667,1,All,0,0,0,0,0,0,0,-9.61658582,1,60196,Shane Larkin,0,0,0,0,0,0,BKN,60196,1
0,0,0,Shaun LivingstonGSWAll1,928.65,604.966666667,1,All,0,0,0,0,0,0,323.683333333,-5.871397873,0.651,36298,Shaun Livingston,0,0,0,19.871273364,0.349,19421,GSW,55719,1.348552558
0,0,0,Shelvin MackATLAll1,172.95,162.516666667,1,All,0,0,0,0,0,0,10.433333333,-4.725669162,0.94,9751,Shelvin Mack,0,0,0,0,0.06,626,ATL,10377,1.06032572
0,0,0,Solomon HillINDAll1,318.616666667,10.566666667,1,All,0,0.001,10,0.166666667,0,144.033333333,163.85,27.255520505,0.033,634,Solomon Hill,3.332561907,0.452,8642,-5.566066524,0.514,9831,IND,19117,2.419940367
0,0,0,Sonny WeemsPHXAll1,364.166666667,8.95,1,All,7.024390244,0.056,1230,20.5,0,123.033333333,211.683333333,10.726256983,0.025,537,Sonny Weems,-0.390138174,0.338,7382,-22.90213369,0.581,12701,PHX,21850,2.425858124
0,0,0,Spencer DinwiddieDETAll1,111.066666667,111.066666667,1,All,0,0,0,0,0,0,0,-21.176470588,1,6664,Spencer Dinwiddie,0,0,0,0,0,0,DET,6664,1
1.374937937,0.998,52366,Spencer HawesCHAAll1,874.733333333,0,1,All,0,0.002,118,1.966666667,872.766666667,0,0,0,0,0,Spencer Hawes,0,0,0,0,0,0,CHA,52484,4.997751696
0,0,0,Stanley JohnsonDETAll1,1258.316666667,0,1,All,0,0.008,596,9.933333333,0,772.716666667,475.666666667,0,0,0,Stanley Johnson,-2.484739987,0.614,46363,-0.908199019,0.378,28540,DET,75499,2.629875892
0,0,0,Stephen CurryGSWAll1,1660.983333333,1660.983333333,1,All,0,0,0,0,0,0,0,21.760603658,1,99659,Stephen Curry,0,0,0,0,0,0,GSW,99659,1
0,0,0,Steve BlakeDETAll1,450.283333333,450.283333333,1,All,0,0,0,0,0,0,0,-4.05078284,1,27017,Steve Blake,0,0,0,0,0,0,DET,27017,1
12.549758568,1,76419,Steven AdamsOKCAll1,1273.65,0,1,All,0,0,0,0,1273.65,0,0,0,0,0,Steven Adams,0,0,0,0,0,0,OKC,76419,5
-1.730769231,0.225,18304,Taj GibsonCHIAll1,1353.666666667,0,1,All,-1.464810223,0.775,62916,1048.6,305.066666667,0,0,0,0,0,Taj Gibson,0,0,0,0,0,0,CHI,81220,4.225363211
5.327413984,0.982,13515,Tarik BlackLALAll1,229.316666667,0,1,All,0,0.018,244,4.066666667,225.25,0,0,0,0,0,Tarik Black,0,0,0,0,0,0,LAL,13759,4.982266153
0,0,14,Tayshaun PrinceMINAll1,1129.833333333,0,1,All,-14.4,0.156,10600,176.666666667,0.233333333,952.916666667,0.016666667,0,0,0,Tayshaun Prince,-0.050371666,0.843,57175,0,0,1,MIN,67790,3.156763534
-7.191267746,0.233,14017,Terrence JonesHOUAll1,1004.6,0,1,All,-9.15194881,0.767,46259,770.983333333,233.616666667,0,0,0,0,0,Terrence Jones,0,0,0,0,0,0,HOU,60276,4.232546951
0,0,0,Terrence RossTORAll1,1067.55,2.9,1,All,0,0,0,0,0,341.733333333,722.916666667,0,0.003,174,Terrence Ross,18.400312134,0.32,20504,3.054293948,0.677,43375,TOR,64053,2.317393409
0,0,0,Terry RozierBOSAll1,106.05,58.866666667,1,All,0,0,0,0,0,4.433333333,42.75,-3.261608154,0.555,3532,Terry Rozier,-43.308270677,0.042,266,-1.122807018,0.403,2565,BOS,6363,1.486720101
0,0,0,Thabo SefoloshaATLAll1,1136.416666667,0,1,All,-13.342836778,0.041,2806,46.766666667,0,1088.2,1.45,0,0,0,Thabo Sefolosha,1.720272009,0.958,65292,0,0.001,87,ATL,68185,3.039876806
0,0.009,912,Thaddeus YoungBKNAll1,1735.533333333,0,1,All,-6.23231441,0.99,103050,1717.5,15.2,2.833333333,0,0,0,0,Thaddeus Young,0,0.002,170,0,0,0,BKN,104132,4.007125571
-14.436090226,0.369,10374,Thomas RobinsonBKNAll1,468.383333333,0,1,All,-8.284731231,0.631,17729,295.483333333,172.9,0,0,0,0,0,Thomas Robinson,0,0,0,0,0,0,BKN,28103,4.369142084
9.39031076,0.996,34657,Tiago SplitterATLAll1,579.866666667,0,1,All,0,0.004,135,2.25,577.616666667,0,0,0,0,0,Tiago Splitter,0,0,0,0,0,0,ATL,34792,4.996119798
-7.614011897,0.924,4539,Tibor PleissUTAAll1,81.833333333,0,1,All,0,0.076,371,6.183333333,75.65,0,0,0,0,0,Tibor Pleiss,0,0,0,0,0,0,UTA,4910,4.924439919
16.632962764,1,57659,Tim DuncanSASAll1,960.983333333,0,1,All,0,0,0,0,960.983333333,0,0,0,0,0,Tim Duncan,0,0,0,0,0,0,SAS,57659,5
0,0,0,Tim FrazierPORAll1,280.133333333,253.416666667,1,All,0,0,0,0,0,0,26.716666667,-3.409404801,0.905,15205,Tim Frazier,0,0,0,5.389893949,0.095,1603,POR,16808,1.095371252
0,0,0,Tim Hardaway Jr.ATLAll1,337.183333333,4.066666667,1,All,0,0,0,0,0,57.166666667,275.95,0,0.012,244,Tim Hardaway Jr.,-2.518950437,0.17,3430,10.784562421,0.818,16557,ATL,20231,2.157481093
1.655303631,1,50456,Timofey MozgovCLEAll1,840.933333333,0,1,All,0,0,0,0,840.933333333,0,0,0,0,0,Timofey Mozgov,0,0,0,0,0,0,CLE,50456,5
0,0,0,TJ McConnellPHIAll1,1094.716666667,1079.95,1,All,0,0,0,0,0,0,14.766666667,-6.355849808,0.987,64797,T.J. McConnell,0,0,0,0,0.013,886,PHI,65683,1.013489031
0,0.008,508,TJ WarrenPHXAll1,1067.083333333,0,1,All,-1.128084606,0.239,15318,255.3,8.466666667,799.55,3.766666667,0,0,0,TJ Warren,-8.044525045,0.749,47973,0,0.004,226,PHX,64025,3.251589223
0,0.001,138,Tobias HarrisORLAll1,1607.833333333,0,1,All,-4.777109683,0.25,24115,401.916666667,2.3,1200.433333333,3.183333333,0,0,0,Tobias Harris,0.159942243,0.747,72026,0,0.002,191,ORL,96470,3.250855188
0,0,0,Toney DouglasNOPAll1,442.466666667,94.883333333,1,All,0,0,0,0,0,38.75,308.833333333,-16.188301423,0.214,5693,Toney Douglas,-9.909677419,0.088,2325,2.020507285,0.698,18530,NOP,26548,1.873135453
0,0,0,Tony AllenMEMAll1,1117.916666667,14.816666667,1,All,0,0.003,183,3.05,0,549.333333333,550.716666667,0,0.013,889,Tony Allen,7.689320388,0.491,32960,-8.280119844,0.493,33043,MEM,67075,2.483592993
0,0,0,Tony ParkerSASAll1,1282.75,1282.75,1,All,0,0,0,0,0,0,0,12.236211265,1,76965,Tony Parker,0,0,0,0,0,0,SAS,76965,1
0,0,0,Tony SnellCHIAll1,1018.383333333,0,1,All,0,0.007,420,7,0,838.6,172.783333333,0,0,0,Tony Snell,5.552110661,0.823,50316,-1.111218289,0.17,10367,CHI,61103,2.837209302
0,0,0,Tony WrotenPHIAll1,144.033333333,138.466666667,1,All,0,0,0,0,0,0,5.566666667,-24.265767935,0.961,8308,Tony Wroten,0,0,0,34.491017964,0.039,334,PHI,8642,1.038648461
0,0.008,826,Trevor ArizaHOUAll1,1832.516666667,0,1,All,2.437298046,0.473,51992,866.533333333,13.766666667,952.216666667,0,0,0,0,Trevor Ariza,-4.58719129,0.52,57133,0,0,0,HOU,109951,3.48789006
-13.464935065,0.175,11550,Trevor BookerUTAAll1,1098.566666667,0,1,All,4.397108327,0.825,54363,906.05,192.5,0.016666667,0,0,0,0,Trevor  Booker,0,0,1,0,0,0,UTA,65914,4.175213157
0,0,0,Trey BurkeUTAAll1,1162.35,1138.4,1,All,0,0,0,0,0,0,23.95,0.801124385,0.979,68304,Trey Burke,0,0,0,0,0.021,1437,UTA,69741,1.020604809
8.293736501,0.027,1389,Trey LylesUTAAll1,853.766666667,0,1,All,-1.444709754,0.973,49837,830.616666667,23.15,0,0,0,0,0,Trey Lyles,0,0,0,0,0,0,UTA,51226,4.027115137
7.644615596,0.846,72710,Tristan ThompsonCLEAll1,1432.016666667,0,1,All,7.84800545,0.154,13211,220.183333333,1211.833333333,0,0,0,0,0,Tristan Thompson,0,0,0,0,0,0,CLE,85921,4.846242479
0,0,0,Troy DanielsCHAAll1,283.916666667,0,1,All,0,0,0,0,0,99.416666667,184.5,0,0,0,Troy Daniels,10.621961442,0.35,5965,-10.666666667,0.65,11070,CHA,17035,2.350161432
0,0,0,Ty LawsonHOUAll1,1114.133333333,1114.133333333,1,All,0,0,0,0,0,0,0,-5.90234562,1,66848,Ty Lawson,0,0,0,0,0,0,HOU,66848,1
0,0,0,Tyler EnnisMILAll1,208.983333333,208.983333333,1,All,0,0,0,0,0,0,0,-9.646702289,1,12539,Tyler Ennis,0,0,0,0,0,0,MIL,12539,1
-7.992255566,0.959,15495,Tyler HansbroughCHAAll1,269.2,0,1,All,52.602739726,0.041,657,10.95,258.25,0,0,0,0,0,Tyler Hansbrough,0,0,0,0,0,0,CHA,16152,4.959323923
0,0,0,Tyler JohnsonMIAAll1,861.433333333,447.433333333,1,All,0,0,0,0,0,0,414,-8.689562691,0.519,26846,Tyler Johnson,0,0,0,9.507246377,0.481,24840,MIA,51686,1.480594358
-2.202528229,1,22229,Tyler ZellerBOSAll1,370.483333333,0,1,All,0,0,0,0,370.483333333,0,0,0,0,0,Tyler Zeller,0,0,0,0,0,0,BOS,22229,5
0,0,0,Tyreke EvansNOPAll1,765.25,4.333333333,1,All,0,0.011,511,8.516666667,0,295.95,456.45,0,0.006,260,Tyreke Evans,0.810947795,0.387,17757,-1.577390733,0.596,27387,NOP,45915,2.403332244
-14.153249273,1,61860,Tyson ChandlerPHXAll1,1031,0,1,All,0,0,0,0,1031,0,0,0,0,0,Tyson Chandler,0,0,0,0,0,0,PHX,61860,5
0,0,0,Tyus JonesMINAll1,110.416666667,107.383333333,1,All,0,0,0,0,0,0,3.033333333,-28.160794661,0.973,6443,Tyus Jones,0,0,0,-142.417582418,0.027,182,MIN,6625,1.027471698
-1.300225734,0.367,4430,Udonis HaslemMIAAll1,201,0,1,All,-5.661861075,0.633,7630,127.166666667,73.833333333,0,0,0,0,0,Udonis Haslem,0,0,0,0,0,0,MIA,12060,4.367330017
0,0,0,Victor OladipoORLAll1,1463.266666667,459.7,1,All,0,0,0,0,0,6.916666667,996.65,2.297150315,0.314,27582,Victor Oladipo,0,0.005,415,-4.093713942,0.681,59799,ORL,87796,1.690566768
0,0,0,Vince CarterMEMAll1,421.433333333,0,1,All,31.616766467,0.04,1002,16.7,0,224.15,180.583333333,0,0,0,Vince Carter,-5.781842516,0.532,13449,-7.17674204,0.428,10835,MEM,25286,2.611128688
-5.708622398,1,4036,Walter TavaresATLAll1,67.266666667,0,1,All,0,0,0,0,67.266666667,0,0,0,0,0,Walter Tavares,0,0,0,0,0,0,ATL,4036,5
0,0,0,Wayne EllingtonBKNAll1,1050.95,6.566666667,1,All,0,0,0,0,0,25.916666667,1018.466666667,0,0.006,394,Wayne Ellington,-11.112540193,0.025,1555,-9.661582771,0.969,61108,BKN,63057,2.018411913
0,0.007,408,Wesley JohnsonLACAll1,1012.6,0,1,All,3.803402813,0.748,45433,757.216666667,6.8,248.583333333,0,0,0,0,Wesley Johnson,2.317130406,0.245,14915,0,0,0,LAC,60756,3.761225229
0,0.001,126,Wesley MatthewsDALAll1,1690.133333333,0,1,All,12.342857143,0.028,2800,46.666666667,2.1,1030.516666667,610.85,0,0,0,Wesley Matthews,1.071307273,0.61,61831,0.942948351,0.361,36651,DAL,101408,2.668675055
0,0,3,Will BartonDENAll1,1518.383333333,0,1,All,-14.436090226,0.031,2793,46.55,0.05,1036.45,435.333333333,0,0,0,Will Barton,-3.05658739,0.683,62187,2.646248086,0.287,26120,DEN,91103,2.744015016
9.44329603,0.3,14029,Willie Cauley-SteinSACAll1,778.666666667,0,1,All,-2.466733963,0.7,32691,544.85,233.816666667,0,0,0,0,0,Willie Cauley-Stein,0,0,0,0,0,0,SAC,46720,4.300278253
-4.731135692,0.571,9131,Willie ReedBKNAll1,266.416666667,0,1,All,-10.504814707,0.429,6854,114.233333333,152.183333333,0,0,0,0,0,Willie Reed,0,0,0,0,0,0,BKN,15985,4.571223022
0,0,0,Zach LaVineMINAll1,1274.216666667,774.466666667,1,All,0,0,0,0,0,0,499.75,-9.048807782,0.608,46468,Zach LaVine,0,0,0,-4.130065033,0.392,29985,MIN,76453,1.392201745
4.203983614,0.263,21237,Zach RandolphMEMAll1,1347.783333333,0,1,All,-2.17340265,0.737,59630,993.833333333,353.95,0,0,0,0,0,Zach Randolph,0,0,0,0,0,0,MEM,80867,4.262616395
1.628646075,1,88417,Zaza PachuliaDALAll1,1474,0,1,All,0,0,23,0.383333333,1473.616666667,0,0,0,0,0,Zaza Pachulia,0,0,0,0,0,0,DAL,88440,4.999739937
