,CATCH_SHOOT_EFG_PCT,CATCH_SHOOT_FG3A,CATCH_SHOOT_FG3M,CATCH_SHOOT_FG3_PCT,CATCH_SHOOT_FGA,CATCH_SHOOT_FGM,CATCH_SHOOT_FG_PCT,CATCH_SHOOT_PTS,TEAM_ID,TEAM_NAME,Year,BLK,DEF_RIM_FGA,DEF_RIM_FGM,DEF_RIM_FG_PCT,DREB_x,STL,DRIVES,DRIVE_AST,DRIVE_AST_PCT,DRIVE_FGA,DRIVE_FGM,DRIVE_FG_PCT,DRIVE_FTA,DRIVE_FTM,DRIVE_FT_PCT,DRIVE_PASSES,DRIVE_PASSES_PCT,DRIVE_PF,DRIVE_PF_PCT,DRIVE_PTS,DRIVE_PTS_PCT,DRIVE_TOV,DRIVE_TOV_PCT,AST,AST_ADJ,AST_POINTS_CREATED,AST_TO_PASS_PCT,AST_TO_PASS_PCT_ADJ,FT_AST,PASSES_MADE,PASSES_RECEIVED,POTENTIAL_AST,SECONDARY_AST,PULL_UP_EFG_PCT,PULL_UP_FG3A,PULL_UP_FG3M,PULL_UP_FG3_PCT,PULL_UP_FGA,PULL_UP_FGM,PULL_UP_FG_PCT,PULL_UP_PTS,AVG_DREB_DIST,AVG_OREB_DIST,AVG_REB_DIST,DREB_y,DREB_CHANCES,DREB_CHANCE_DEFER,DREB_CHANCE_PCT,DREB_CHANCE_PCT_ADJ,DREB_CONTEST,DREB_CONTEST_PCT,DREB_UNCONTEST,OREB,OREB_CHANCES,OREB_CHANCE_DEFER,OREB_CHANCE_PCT,OREB_CHANCE_PCT_ADJ,OREB_CONTEST,OREB_CONTEST_PCT,OREB_UNCONTEST,REB,REB_CHANCES,REB_CHANCE_DEFER,REB_CHANCE_PCT,REB_CHANCE_PCT_ADJ,REB_CONTEST,REB_CONTEST_PCT,REB_UNCONTEST,AVG_SPEED,AVG_SPEED_DEF,AVG_SPEED_OFF,DIST_FEET,DIST_MILES,DIST_MILES_DEF,DIST_MILES_OFF,MIN1,ELBOW_TOUCHES,ELBOW_TOUCH_AST,ELBOW_TOUCH_AST_PCT,ELBOW_TOUCH_FGA,ELBOW_TOUCH_FGM,ELBOW_TOUCH_FG_PCT,ELBOW_TOUCH_FOULS,ELBOW_TOUCH_FOULS_PCT,ELBOW_TOUCH_FTA,ELBOW_TOUCH_FTM,ELBOW_TOUCH_FT_PCT,ELBOW_TOUCH_PASSES,ELBOW_TOUCH_PASSES_PCT,ELBOW_TOUCH_PTS,ELBOW_TOUCH_PTS_PCT,ELBOW_TOUCH_TOV,ELBOW_TOUCH_TOV_PCT,TOUCHES_x,POST_TOUCHES,POST_TOUCH_AST,POST_TOUCH_AST_PCT,POST_TOUCH_FGA,POST_TOUCH_FGM,POST_TOUCH_FG_PCT,POST_TOUCH_FOULS,POST_TOUCH_FOULS_PCT,POST_TOUCH_FTA,POST_TOUCH_FTM,POST_TOUCH_FT_PCT,POST_TOUCH_PASSES,POST_TOUCH_PASSES_PCT,POST_TOUCH_PTS,POST_TOUCH_PTS_PCT,POST_TOUCH_TOV,POST_TOUCH_TOV_PCT,TOUCHES_y,PAINT_TOUCHES,PAINT_TOUCH_AST,PAINT_TOUCH_AST_PCT,PAINT_TOUCH_FGA,PAINT_TOUCH_FGM,PAINT_TOUCH_FG_PCT,PAINT_TOUCH_FOULS,PAINT_TOUCH_FOULS_PCT,PAINT_TOUCH_FTA,PAINT_TOUCH_FTM,PAINT_TOUCH_FT_PCT,PAINT_TOUCH_PASSES,PAINT_TOUCH_PASSES_PCT,PAINT_TOUCH_PTS,PAINT_TOUCH_PTS_PCT,PAINT_TOUCH_TOV,PAINT_TOUCH_TOV_PCT,TOUCHES,ORtg,DRtg
0,0.545,20.0,7.7,0.384,28.5,11.7,0.41,31.1,1610612737,Atlanta Hawks,2013,3.9,34.4,18.4,0.533,31.4,8.3,26.3,2.1,0.079,13.0,5.5,0.423,4.6,3.6,0.786,8.4,0.321,3.0,0.116,14.6,0.554,1.9,0.073,24.9,34.6,59.2,0.077,0.107,2.5,321.8,320.7,48.6,7.2,0.396,5.2,1.6,0.309,16.3,5.7,0.347,12.9,62.5,44.6,66.9,31.4,53.6,11.1,0.586,0.739,7.2,0.229,24.2,8.7,18.5,1.8,0.471,0.523,5.3,0.613,3.4,40.1,72.1,12.9,0.556,0.678,12.5,0.312,27.6,4.14,3.77,4.52,88177.9,16.7,7.72,8.98,241.85,17.8,1.3,0.071,5.6,2.8,0.504,0.9,0.049,1.2,0.9,0.74,10.3,0.577,6.6,0.368,0.9,0.053,442.8,18.3,1.0,0.053,9.3,5.7,0.613,2.1,0.116,3.3,2.3,0.712,5.7,0.311,13.8,0.752,0.9,0.047,442.8,15.0,0.6,0.043,8.2,5.1,0.621,1.8,0.123,2.9,2.1,0.718,3.7,0.249,12.3,0.821,0.8,0.054,442.8,103.4,104.1
1,0.494,15.5,5.4,0.35,25.6,9.9,0.388,25.3,1610612738,Boston Celtics,2013,4.2,32.0,17.5,0.548,30.5,7.1,21.3,1.6,0.074,11.4,4.8,0.422,4.7,3.5,0.754,5.9,0.279,2.9,0.138,13.1,0.614,1.5,0.071,21.0,28.0,48.9,0.069,0.092,1.8,305.6,304.7,43.2,5.1,0.404,5.0,1.5,0.302,21.8,8.0,0.369,17.6,62.1,46.0,67.1,30.5,51.4,10.6,0.595,0.75,6.4,0.21,24.1,12.0,22.8,2.5,0.524,0.589,8.0,0.671,3.9,42.5,74.2,13.2,0.573,0.697,14.5,0.34,28.0,4.1,3.81,4.38,86946.27,16.47,7.55,8.91,240.61,16.6,1.2,0.07,4.6,2.0,0.424,0.6,0.037,0.9,0.7,0.808,10.6,0.637,4.7,0.28,0.6,0.037,426.3,17.8,0.8,0.043,9.5,5.4,0.566,2.0,0.115,3.2,2.5,0.799,4.5,0.255,13.3,0.748,1.2,0.069,426.3,13.1,0.5,0.042,7.3,4.4,0.598,1.7,0.13,2.7,2.2,0.817,3.0,0.224,10.9,0.828,0.9,0.067,426.3,99.7,105.2
2,0.549,18.4,7.1,0.388,24.6,9.9,0.404,27.0,1610612751,Brooklyn Nets,2013,3.8,30.0,15.8,0.526,29.4,8.6,25.5,1.8,0.072,12.6,5.9,0.469,6.3,4.9,0.772,7.2,0.282,4.0,0.157,16.7,0.658,1.9,0.075,20.7,28.5,50.2,0.07,0.096,2.3,295.9,295.2,41.2,5.5,0.416,4.2,1.2,0.294,19.6,7.5,0.385,16.3,64.1,50.6,71.0,29.4,47.6,7.9,0.617,0.74,6.3,0.214,23.1,8.8,17.3,1.7,0.507,0.562,5.2,0.595,3.5,38.1,64.9,9.6,0.588,0.69,11.5,0.301,26.6,4.02,3.76,4.27,85620.06,16.22,7.55,8.67,242.47,19.6,1.5,0.078,3.6,1.4,0.405,0.9,0.045,1.1,0.8,0.717,13.8,0.708,3.7,0.191,1.0,0.049,411.2,18.1,0.8,0.044,9.3,5.8,0.626,2.6,0.144,4.0,3.0,0.738,5.0,0.276,14.6,0.804,1.1,0.062,411.2,14.4,0.6,0.041,7.6,5.0,0.651,2.2,0.152,3.3,2.4,0.736,3.6,0.251,12.3,0.855,0.9,0.063,411.2,104.4,104.9
3,0.483,14.0,5.1,0.365,24.0,9.1,0.377,23.2,1610612766,Charlotte Bobcats,2013,5.2,31.1,16.0,0.516,33.2,6.1,22.1,1.4,0.062,11.5,5.0,0.436,6.2,4.9,0.78,5.8,0.262,3.8,0.17,14.9,0.674,1.3,0.06,21.8,29.8,50.0,0.064,0.088,2.2,338.2,337.2,43.5,5.8,0.388,3.4,1.0,0.309,20.6,7.5,0.363,16.0,62.9,50.9,70.1,33.2,54.1,11.7,0.614,0.782,7.5,0.226,25.7,9.5,18.1,1.4,0.524,0.567,5.9,0.623,3.6,42.7,72.2,13.0,0.591,0.721,13.4,0.314,29.3,4.2,3.8,4.59,89941.22,17.03,7.59,9.44,242.78,20.1,1.5,0.075,5.9,2.4,0.404,0.7,0.036,1.1,0.7,0.667,12.4,0.618,5.5,0.275,0.9,0.045,455.6,18.1,0.9,0.048,9.9,6.0,0.6,2.3,0.125,3.7,2.5,0.67,5.0,0.275,14.4,0.795,0.9,0.049,455.6,12.7,0.5,0.04,7.3,4.5,0.619,1.7,0.137,2.7,1.8,0.643,3.0,0.234,10.8,0.847,0.7,0.056,455.6,101.2,101.2
4,0.482,13.1,4.7,0.359,26.0,10.2,0.391,25.0,1610612741,Chicago Bulls,2013,5.2,27.3,13.4,0.49,32.7,7.2,17.0,1.5,0.088,8.6,3.3,0.385,3.9,3.0,0.779,4.9,0.29,2.3,0.133,9.6,0.566,1.3,0.078,22.7,31.8,52.3,0.07,0.098,2.9,324.2,323.2,46.6,6.3,0.403,4.1,1.4,0.346,16.5,6.0,0.36,13.3,58.4,45.4,63.7,32.7,53.3,10.3,0.614,0.762,7.7,0.236,25.0,11.4,21.6,2.8,0.528,0.608,7.4,0.645,4.1,44.1,74.9,13.1,0.589,0.715,15.1,0.342,29.0,4.17,3.86,4.47,88913.11,16.84,7.51,9.33,243.05,25.5,2.4,0.093,6.7,2.9,0.434,0.9,0.037,1.4,1.0,0.717,16.4,0.642,6.8,0.267,1.2,0.048,442.9,23.2,1.0,0.045,12.6,6.6,0.525,3.2,0.139,4.7,3.7,0.788,5.6,0.24,17.0,0.73,1.5,0.063,442.9,16.8,0.8,0.048,9.5,5.0,0.529,2.6,0.153,3.9,3.0,0.789,3.6,0.214,13.1,0.783,0.8,0.048,442.9,99.7,97.8
5,0.503,14.4,5.3,0.366,22.6,8.7,0.386,22.7,1610612739,Cleveland Cavaliers,2013,3.7,26.7,14.5,0.543,32.1,7.1,24.3,1.8,0.072,12.6,5.4,0.43,5.4,4.2,0.785,6.9,0.282,3.4,0.138,15.0,0.619,1.8,0.075,21.2,29.0,49.6,0.07,0.095,2.5,304.9,304.2,42.1,5.3,0.418,5.1,1.7,0.34,24.7,9.5,0.383,20.6,63.2,51.6,70.1,32.1,52.6,11.1,0.609,0.772,6.8,0.212,25.3,12.1,25.0,2.8,0.483,0.543,7.8,0.646,4.3,44.1,77.6,13.9,0.569,0.692,14.6,0.331,29.5,4.26,3.9,4.62,91074.45,17.25,7.92,9.33,243.05,20.8,1.5,0.073,5.4,2.6,0.486,0.7,0.035,0.9,0.6,0.708,13.8,0.663,5.9,0.283,0.8,0.039,427.4,16.6,0.6,0.034,8.8,4.8,0.539,2.1,0.129,3.3,2.3,0.701,4.1,0.25,11.9,0.717,0.8,0.051,427.4,12.6,0.5,0.037,6.8,3.9,0.57,1.8,0.145,2.9,2.0,0.706,2.8,0.22,9.8,0.771,0.6,0.05,427.4,101.3,104.8
6,0.565,17.6,7.1,0.403,24.9,10.5,0.422,28.1,1610612742,Dallas Mavericks,2013,4.3,32.7,17.7,0.542,30.7,8.6,23.0,2.5,0.107,11.2,5.2,0.467,5.1,4.1,0.805,7.1,0.309,3.2,0.137,14.6,0.635,1.8,0.079,23.6,31.5,55.6,0.075,0.1,2.1,313.7,312.9,45.4,5.8,0.421,4.7,1.4,0.305,22.2,8.6,0.389,18.7,67.0,47.4,74.4,30.7,51.6,10.2,0.594,0.741,7.0,0.229,23.6,10.2,19.0,1.8,0.539,0.594,6.4,0.623,3.9,40.9,70.6,12.0,0.579,0.698,13.4,0.327,27.5,4.1,3.8,4.4,87292.45,16.53,7.57,8.96,241.83,16.8,1.3,0.077,5.2,2.2,0.427,0.8,0.05,0.9,0.8,0.877,9.9,0.591,5.3,0.315,0.8,0.046,435.5,16.3,0.7,0.043,10.0,6.5,0.65,1.7,0.103,2.6,1.9,0.722,3.7,0.228,14.9,0.912,0.9,0.054,435.5,13.2,0.5,0.041,8.5,5.7,0.666,1.5,0.114,2.5,1.9,0.756,2.5,0.189,13.2,0.998,0.8,0.057,435.5,109.0,105.9
7,0.514,16.9,6.3,0.375,23.8,9.0,0.381,24.4,1610612743,Denver Nuggets,2013,5.6,31.8,16.5,0.519,33.1,7.5,27.3,2.6,0.094,13.1,6.0,0.457,5.9,4.5,0.751,8.9,0.325,3.8,0.139,16.4,0.601,2.0,0.074,22.4,30.6,53.4,0.086,0.117,2.9,261.9,261.1,44.6,5.3,0.396,6.2,2.0,0.331,18.8,6.4,0.342,14.9,68.3,51.1,74.0,33.1,54.5,10.6,0.608,0.756,7.1,0.215,26.0,12.3,24.5,2.9,0.503,0.57,8.0,0.647,4.3,45.4,78.9,13.5,0.576,0.695,15.1,0.332,30.4,4.2,3.84,4.58,89100.65,16.88,7.99,8.88,240.91,15.9,1.1,0.071,4.6,1.9,0.405,1.0,0.061,1.2,0.8,0.64,9.6,0.601,4.5,0.285,0.9,0.054,388.2,22.2,0.8,0.034,12.6,7.1,0.563,2.8,0.124,4.2,2.7,0.645,5.2,0.232,16.9,0.76,1.3,0.057,388.2,18.7,0.7,0.037,11.1,6.5,0.583,2.4,0.128,3.5,2.3,0.641,3.8,0.201,15.2,0.813,1.1,0.06,388.2,103.3,105.4
8,0.452,13.4,4.4,0.329,19.1,6.4,0.337,17.3,1610612765,Detroit Pistons,2013,4.8,32.9,17.4,0.531,30.8,8.4,23.8,1.8,0.077,13.3,5.7,0.43,6.0,4.5,0.742,6.0,0.25,3.8,0.16,16.0,0.67,1.4,0.06,20.9,28.2,47.6,0.079,0.107,2.7,263.0,262.1,41.0,4.6,0.386,5.3,1.6,0.311,18.8,6.5,0.343,14.5,56.1,46.9,64.8,30.8,49.9,9.4,0.617,0.76,7.6,0.248,23.2,14.6,26.8,3.5,0.544,0.625,10.1,0.694,4.5,45.4,76.7,12.9,0.591,0.711,17.8,0.391,27.6,4.08,3.85,4.32,86738.89,16.43,7.8,8.63,241.22,16.4,1.2,0.076,5.2,2.2,0.415,0.9,0.054,1.2,0.8,0.688,9.4,0.569,5.1,0.313,0.9,0.053,388.2,17.5,0.6,0.036,9.9,6.2,0.624,2.4,0.136,3.7,2.2,0.596,3.8,0.217,14.5,0.832,1.0,0.059,388.2,14.0,0.4,0.026,8.6,5.5,0.633,2.1,0.148,3.2,2.0,0.616,2.2,0.154,12.9,0.921,0.7,0.051,388.2,102.9,107.3
9,0.558,15.7,6.4,0.409,22.1,9.1,0.414,24.7,1610612744,Golden State Warriors,2013,5.0,31.1,15.2,0.49,34.5,7.8,20.7,1.6,0.079,10.9,5.0,0.456,4.7,3.6,0.764,5.5,0.267,2.9,0.139,13.6,0.655,1.7,0.082,23.3,31.2,54.7,0.095,0.127,2.2,246.6,246.0,43.2,5.7,0.445,8.3,2.8,0.337,23.1,8.9,0.384,20.5,62.1,49.1,68.1,34.5,57.2,11.9,0.603,0.762,7.3,0.211,27.2,10.9,19.6,2.1,0.557,0.623,7.1,0.648,3.9,45.5,76.9,14.0,0.591,0.723,14.4,0.316,31.1,4.15,3.78,4.54,88328.04,16.73,7.92,8.81,241.85,14.8,1.3,0.091,6.3,2.6,0.413,1.2,0.079,1.6,1.2,0.789,6.0,0.406,6.5,0.437,1.0,0.066,368.5,15.7,0.9,0.058,9.3,6.0,0.648,1.8,0.115,2.7,2.0,0.738,3.4,0.216,14.0,0.897,0.8,0.054,368.5,12.2,0.6,0.048,7.7,5.2,0.675,1.5,0.124,2.3,1.7,0.745,2.1,0.172,12.1,0.991,0.6,0.053,368.5,105.3,99.9
10,0.555,19.6,7.4,0.38,21.6,8.3,0.383,24.0,1610612745,Houston Rockets,2013,5.6,33.6,16.9,0.503,34.1,7.6,31.1,2.3,0.075,16.2,7.5,0.461,6.9,5.4,0.772,8.8,0.282,4.2,0.136,20.3,0.653,2.1,0.068,21.4,29.1,51.7,0.072,0.098,2.5,296.5,295.6,40.2,5.3,0.406,6.3,1.9,0.303,14.0,4.7,0.338,11.4,60.8,49.4,69.1,34.1,55.2,10.3,0.618,0.759,8.1,0.238,26.0,11.2,20.8,2.0,0.539,0.598,6.9,0.615,4.3,45.3,76.0,12.3,0.596,0.712,15.0,0.331,30.3,4.13,3.8,4.48,87925.46,16.65,7.88,8.78,241.83,9.7,0.6,0.06,2.0,1.0,0.509,0.7,0.068,1.0,0.6,0.61,6.6,0.681,2.6,0.273,0.5,0.046,419.5,18.0,0.7,0.039,10.4,6.5,0.632,2.4,0.13,3.3,2.0,0.596,3.9,0.214,15.1,0.836,1.1,0.061,419.5,13.5,0.4,0.032,8.2,5.4,0.661,1.9,0.144,3.0,1.7,0.583,2.4,0.178,12.6,0.936,0.6,0.047,419.5,108.6,103.1
11,0.518,13.8,5.3,0.386,25.1,10.4,0.412,26.0,1610612754,Indiana Pacers,2013,5.4,30.3,14.0,0.46,34.5,6.7,18.2,1.2,0.064,10.0,4.7,0.468,4.4,3.6,0.813,4.5,0.25,2.9,0.157,13.0,0.714,1.3,0.069,20.1,27.9,47.2,0.066,0.091,2.3,307.0,306.1,41.3,5.5,0.389,4.4,1.2,0.27,18.1,6.4,0.356,14.1,58.3,46.1,64.3,34.5,57.2,12.4,0.603,0.77,7.5,0.218,27.0,10.2,20.6,2.3,0.494,0.556,6.6,0.65,3.6,44.7,77.8,14.6,0.574,0.708,14.1,0.316,30.6,4.02,3.8,4.22,85270.77,16.15,7.46,8.69,241.22,21.3,1.6,0.077,7.0,3.0,0.435,1.0,0.048,1.4,1.1,0.776,12.2,0.572,7.2,0.339,0.9,0.043,426.1,20.5,0.8,0.039,11.6,6.3,0.547,2.7,0.132,4.1,3.0,0.734,4.8,0.236,15.7,0.768,1.1,0.056,426.1,15.8,0.5,0.032,9.5,5.3,0.556,2.2,0.141,3.5,2.5,0.717,3.0,0.188,13.0,0.825,0.9,0.056,426.1,101.5,96.7
12,0.511,17.8,6.6,0.371,26.1,10.0,0.385,26.7,1610612746,Los Angeles Clippers,2013,4.8,30.6,16.0,0.524,32.5,8.6,17.1,1.5,0.089,8.6,4.0,0.466,4.3,3.5,0.821,5.1,0.296,2.8,0.161,11.5,0.674,1.1,0.066,24.6,34.4,57.3,0.08,0.112,2.5,307.1,306.2,46.4,7.3,0.441,5.5,1.7,0.316,21.9,8.8,0.401,19.3,66.2,49.7,75.7,32.5,51.7,8.1,0.629,0.747,7.7,0.236,24.9,10.5,17.9,1.7,0.586,0.648,6.7,0.639,3.8,43.0,69.6,9.9,0.618,0.72,14.4,0.334,28.6,4.12,3.81,4.45,87394.46,16.55,7.93,8.62,240.92,23.4,1.7,0.072,5.2,2.2,0.415,1.2,0.053,1.9,1.4,0.732,15.7,0.669,5.7,0.244,0.9,0.038,429.4,16.4,0.5,0.034,9.2,6.2,0.674,2.5,0.153,3.7,2.2,0.606,3.6,0.22,14.6,0.893,0.9,0.054,429.4,13.5,0.6,0.043,7.8,5.4,0.692,2.1,0.155,3.0,1.8,0.597,2.8,0.205,12.5,0.932,0.8,0.056,429.4,109.4,102.1
13,0.537,18.1,7.2,0.397,27.1,11.0,0.404,29.1,1610612747,Los Angeles Lakers,2013,5.4,33.9,18.3,0.542,32.0,7.5,21.8,1.8,0.082,11.0,4.8,0.438,4.9,3.6,0.734,6.4,0.293,3.0,0.139,13.2,0.604,1.9,0.088,24.5,32.2,58.0,0.079,0.104,2.2,309.6,309.0,48.1,5.5,0.406,5.6,2.0,0.36,19.6,7.0,0.355,15.9,68.3,46.2,74.2,32.0,51.8,9.0,0.616,0.745,7.0,0.22,24.9,9.1,17.8,1.4,0.511,0.556,5.4,0.592,3.7,41.0,69.6,10.4,0.589,0.693,12.4,0.303,28.6,4.23,3.89,4.58,89469.62,16.95,8.07,8.88,240.3,18.3,1.6,0.086,6.1,2.7,0.447,1.3,0.072,1.8,1.4,0.806,9.8,0.537,6.9,0.378,0.9,0.051,431.8,16.0,0.7,0.045,9.1,5.4,0.587,1.9,0.119,2.7,1.8,0.683,3.7,0.231,12.6,0.784,1.0,0.065,431.8,13.9,0.5,0.036,8.4,5.1,0.611,1.8,0.128,2.6,1.9,0.72,2.6,0.187,12.1,0.872,0.9,0.064,431.8,101.9,107.9
14,0.481,11.4,4.2,0.372,22.6,8.8,0.387,21.8,1610612763,Memphis Grizzlies,2013,4.6,28.4,14.8,0.523,30.8,7.7,19.8,1.4,0.072,10.2,4.8,0.471,3.6,2.7,0.736,6.1,0.308,2.5,0.126,12.3,0.622,1.3,0.068,21.9,31.2,49.5,0.07,0.1,2.4,311.0,310.3,43.7,7.0,0.401,2.4,0.7,0.289,15.0,5.7,0.378,12.0,63.3,47.2,71.3,30.8,49.8,10.1,0.619,0.775,7.2,0.232,23.6,11.6,23.6,3.2,0.491,0.568,7.4,0.639,4.2,42.4,73.4,13.3,0.578,0.705,14.6,0.343,27.8,4.11,3.88,4.33,87443.29,16.56,7.52,9.04,241.52,30.3,2.4,0.079,5.8,2.5,0.441,1.0,0.035,1.4,1.0,0.726,22.0,0.727,6.1,0.201,1.1,0.035,429.5,26.2,1.5,0.056,14.9,8.2,0.55,2.8,0.105,3.9,2.8,0.717,6.8,0.261,19.2,0.73,1.4,0.053,429.5,20.9,1.1,0.051,12.2,6.8,0.56,2.4,0.116,3.5,2.4,0.703,4.8,0.23,16.1,0.768,1.3,0.06,429.5,103.3,102.1
15,0.537,17.5,6.7,0.382,24.0,9.5,0.397,25.8,1610612748,Miami Heat,2013,4.5,30.3,16.3,0.537,29.2,8.9,29.7,2.5,0.085,13.3,7.0,0.528,6.1,4.6,0.757,10.4,0.35,4.2,0.142,18.7,0.628,2.1,0.071,22.5,31.1,53.3,0.076,0.105,2.3,297.0,296.1,42.7,6.2,0.423,4.2,1.3,0.302,16.0,6.1,0.383,13.5,62.8,45.0,68.9,29.2,47.9,8.5,0.611,0.743,6.0,0.204,23.3,7.6,13.9,1.1,0.549,0.596,4.6,0.604,3.0,36.9,61.8,9.6,0.597,0.707,10.6,0.287,26.3,4.06,3.85,4.28,86794.79,16.44,7.86,8.58,242.44,17.2,1.1,0.062,4.4,2.2,0.51,0.9,0.05,1.3,1.0,0.792,11.1,0.65,5.5,0.322,0.6,0.038,412.0,16.5,0.7,0.045,9.3,6.6,0.714,2.3,0.141,3.3,2.5,0.734,3.9,0.236,15.7,0.956,0.9,0.057,412.0,14.1,0.5,0.036,8.2,5.9,0.723,2.1,0.149,3.1,2.3,0.729,2.8,0.202,14.1,1.0,0.9,0.063,412.0,109.0,102.9
16,0.495,12.9,4.7,0.365,21.7,8.4,0.387,21.5,1610612749,Milwaukee Bucks,2013,4.9,32.9,16.6,0.505,29.2,6.6,22.4,1.3,0.058,11.9,4.9,0.411,5.2,4.0,0.783,5.8,0.26,3.1,0.141,13.8,0.617,1.7,0.078,21.4,30.0,49.7,0.066,0.092,2.6,324.3,323.3,42.9,6.0,0.405,5.5,1.8,0.33,21.4,7.8,0.362,17.3,59.7,48.8,65.5,29.2,50.3,10.2,0.581,0.729,6.8,0.233,22.4,11.9,22.9,2.7,0.521,0.589,7.9,0.66,4.0,41.1,73.2,12.9,0.562,0.682,14.7,0.357,26.5,4.13,3.77,4.47,88119.96,16.69,7.56,9.13,242.47,30.1,2.2,0.073,5.7,2.3,0.401,1.1,0.036,1.3,1.0,0.755,21.5,0.713,5.7,0.188,1.3,0.045,446.0,19.6,0.8,0.04,11.2,6.2,0.558,2.2,0.112,3.3,2.3,0.69,4.8,0.243,14.8,0.755,1.1,0.054,446.0,15.7,0.6,0.04,9.1,5.2,0.568,1.8,0.113,2.7,1.8,0.676,3.5,0.226,12.1,0.776,0.9,0.054,446.0,100.2,108.9
17,0.489,15.7,5.6,0.358,24.9,9.4,0.376,24.3,1610612750,Minnesota Timberwolves,2013,3.6,31.2,17.3,0.554,32.2,8.8,23.8,1.9,0.081,11.8,4.9,0.416,4.7,3.7,0.801,7.7,0.322,3.0,0.125,13.6,0.571,1.6,0.066,23.9,33.2,56.1,0.078,0.108,3.4,307.4,306.7,48.2,5.8,0.371,5.1,1.6,0.313,17.8,5.8,0.326,13.2,62.6,49.1,71.6,32.2,52.5,10.8,0.614,0.774,7.8,0.241,24.5,12.5,24.1,2.8,0.519,0.586,8.2,0.653,4.3,44.7,76.6,13.6,0.584,0.71,15.9,0.356,28.8,4.13,3.85,4.41,87832.27,16.63,7.73,8.9,242.13,29.5,2.4,0.081,5.8,2.4,0.415,1.1,0.039,1.6,1.3,0.785,21.3,0.72,6.4,0.217,1.0,0.036,434.2,23.5,1.0,0.044,14.0,7.9,0.564,3.4,0.146,5.1,3.7,0.735,4.5,0.19,19.5,0.831,1.3,0.053,434.2,18.9,0.6,0.032,11.7,7.0,0.593,3.1,0.163,4.6,3.4,0.737,2.9,0.153,17.3,0.917,1.0,0.052,434.2,105.6,104.1
18,0.52,11.5,4.6,0.403,21.5,8.9,0.413,22.4,1610612740,New Orleans Pelicans,2013,6.4,32.2,17.0,0.528,30.3,7.9,30.4,2.3,0.076,18.1,8.2,0.451,6.7,4.9,0.735,6.7,0.221,4.1,0.136,21.3,0.7,2.1,0.068,21.3,27.1,48.7,0.077,0.098,2.3,275.8,275.2,40.1,3.5,0.413,3.7,1.1,0.301,17.6,6.7,0.381,14.5,64.3,48.0,70.5,30.3,50.8,10.7,0.597,0.757,7.1,0.233,23.3,11.4,22.7,2.7,0.502,0.569,7.4,0.647,4.0,41.7,73.5,13.4,0.568,0.694,14.4,0.346,27.3,4.18,3.79,4.56,89202.32,16.89,7.61,9.29,242.13,23.4,2.0,0.087,6.6,2.8,0.431,1.2,0.052,1.7,1.3,0.734,14.1,0.604,7.0,0.3,1.1,0.046,395.2,14.2,0.6,0.045,8.3,5.0,0.606,1.7,0.123,2.8,2.1,0.745,3.0,0.207,12.2,0.859,0.8,0.055,395.2,12.0,0.5,0.043,7.0,4.5,0.65,1.7,0.139,2.7,2.0,0.764,2.4,0.196,11.2,0.929,0.6,0.051,395.2,104.7,107.3
19,0.548,17.9,7.2,0.402,26.8,11.1,0.414,29.4,1610612752,New York Knicks,2013,4.5,27.6,14.0,0.506,29.7,7.7,17.3,1.4,0.083,8.9,4.0,0.457,4.3,3.3,0.772,4.6,0.265,2.7,0.154,11.5,0.661,1.3,0.077,20.0,25.9,48.1,0.071,0.092,1.5,282.8,282.1,40.6,4.3,0.418,6.0,1.9,0.315,23.8,9.0,0.378,19.9,60.0,46.0,68.4,29.7,46.2,7.8,0.643,0.773,5.7,0.193,24.0,10.6,19.7,2.1,0.54,0.603,6.8,0.64,3.8,40.3,65.9,9.9,0.612,0.72,12.5,0.311,27.8,3.98,3.83,4.12,84858.6,16.07,7.57,8.5,242.13,18.7,1.5,0.08,6.3,2.9,0.461,1.2,0.064,1.5,1.3,0.839,10.2,0.544,7.2,0.383,0.8,0.045,400.4,11.7,0.4,0.032,6.6,4.4,0.67,1.4,0.118,1.9,1.4,0.725,2.7,0.231,10.2,0.879,0.8,0.067,400.4,9.7,0.2,0.023,5.8,3.9,0.678,1.2,0.128,1.7,1.2,0.716,1.9,0.2,9.1,0.937,0.6,0.058,400.4,105.4,106.5
20,0.515,14.4,5.3,0.368,23.2,9.3,0.401,23.9,1610612760,Oklahoma City Thunder,2013,6.1,29.7,14.3,0.481,33.9,8.3,21.7,1.4,0.062,12.2,5.8,0.473,6.3,5.3,0.852,4.7,0.216,3.7,0.17,16.9,0.777,1.5,0.071,21.9,29.7,50.9,0.081,0.11,2.5,271.5,270.7,42.3,5.4,0.45,7.5,2.7,0.359,23.4,9.2,0.393,21.1,62.4,44.7,68.0,33.9,54.4,11.7,0.623,0.793,7.6,0.225,26.3,10.8,19.7,2.2,0.55,0.619,6.7,0.623,4.1,44.7,74.1,13.8,0.604,0.742,14.4,0.321,30.4,4.1,3.77,4.44,87205.73,16.52,7.81,8.71,241.52,19.1,1.7,0.087,5.8,2.5,0.431,0.8,0.042,1.3,1.0,0.727,11.3,0.59,6.0,0.315,0.9,0.046,393.1,14.5,0.7,0.05,7.8,5.1,0.659,1.8,0.121,2.6,1.9,0.71,3.4,0.238,12.1,0.836,1.2,0.083,393.1,12.4,0.5,0.038,6.8,4.6,0.677,1.5,0.119,2.2,1.5,0.69,2.7,0.218,10.7,0.864,1.1,0.087,393.1,108.1,101.0
21,0.485,13.8,4.9,0.358,26.5,10.4,0.392,25.7,1610612753,Orlando Magic,2013,4.3,29.5,15.8,0.535,32.4,7.7,24.0,1.8,0.073,12.3,5.2,0.427,5.5,4.4,0.791,6.9,0.286,3.4,0.142,14.9,0.618,1.9,0.077,21.0,28.2,48.7,0.073,0.097,2.1,289.7,288.8,43.5,5.0,0.425,5.1,1.7,0.33,19.0,7.2,0.38,16.1,64.2,43.8,68.7,32.4,53.3,10.9,0.607,0.763,6.1,0.187,26.3,9.7,18.4,2.3,0.526,0.602,6.1,0.635,3.5,42.0,71.7,13.2,0.587,0.718,12.2,0.29,29.8,4.13,3.84,4.42,88506.21,16.76,7.73,9.03,243.35,14.4,1.0,0.069,4.9,2.1,0.435,0.7,0.048,0.9,0.7,0.724,7.9,0.551,5.0,0.349,0.7,0.051,410.5,14.5,0.6,0.04,8.3,4.8,0.577,1.9,0.128,2.9,2.3,0.775,3.1,0.216,11.8,0.815,0.9,0.063,410.5,11.4,0.4,0.038,6.6,3.9,0.597,1.5,0.136,2.4,1.9,0.789,2.3,0.2,9.8,0.861,0.6,0.055,410.5,99.3,104.8
22,0.475,17.1,5.7,0.335,22.8,8.0,0.35,21.7,1610612755,Philadelphia 76ers,2013,4.0,32.1,17.7,0.552,31.2,9.3,31.2,1.5,0.049,18.3,7.8,0.427,7.4,5.2,0.701,6.4,0.205,4.7,0.152,20.8,0.666,2.5,0.081,21.8,29.1,50.8,0.071,0.095,2.2,308.0,307.0,44.3,5.1,0.37,4.7,1.1,0.243,15.4,5.1,0.333,11.4,60.8,48.0,66.1,31.2,52.9,10.5,0.589,0.736,6.7,0.215,24.5,11.6,25.2,3.1,0.459,0.524,7.6,0.653,4.0,42.7,78.1,13.6,0.547,0.663,14.3,0.334,28.5,4.35,3.98,4.76,92655.12,17.55,8.48,9.07,242.13,15.6,1.0,0.067,4.3,1.8,0.41,0.6,0.041,0.8,0.6,0.734,10.0,0.64,4.2,0.27,0.6,0.038,436.9,20.2,1.0,0.05,10.7,6.1,0.569,2.4,0.12,3.7,2.6,0.693,5.7,0.28,14.8,0.731,1.0,0.052,436.9,15.6,0.5,0.031,9.1,5.1,0.562,2.0,0.13,3.2,2.2,0.691,3.2,0.205,12.4,0.797,0.8,0.053,436.9,96.8,107.5
23,0.539,18.9,7.1,0.378,24.2,9.5,0.391,26.1,1610612756,Phoenix Suns,2013,4.6,34.6,18.0,0.52,31.7,8.4,25.8,2.0,0.077,12.6,6.2,0.49,5.3,4.0,0.741,8.2,0.318,3.4,0.132,16.3,0.632,1.8,0.068,19.1,25.5,46.8,0.068,0.09,2.2,281.9,281.2,39.2,4.2,0.434,5.3,2.0,0.369,20.3,7.8,0.385,17.6,60.2,51.5,67.5,31.7,52.3,10.4,0.607,0.758,7.1,0.225,24.6,11.3,22.2,2.3,0.511,0.57,7.0,0.62,4.3,43.0,74.4,12.7,0.578,0.698,14.1,0.328,28.9,4.13,3.84,4.42,87451.44,16.56,7.75,8.81,240.91,15.2,1.0,0.065,3.3,1.6,0.487,0.5,0.033,0.7,0.5,0.776,10.3,0.678,3.9,0.253,0.7,0.047,404.0,15.4,0.6,0.036,8.7,5.0,0.569,1.9,0.124,2.6,1.8,0.695,3.3,0.216,11.8,0.765,1.1,0.074,404.0,11.0,0.4,0.032,6.2,3.9,0.626,1.5,0.136,2.1,1.5,0.695,2.3,0.207,9.2,0.834,0.8,0.071,404.0,107.1,103.8
24,0.536,17.3,6.9,0.398,27.8,11.5,0.412,29.8,1610612757,Portland Trail Blazers,2013,4.7,33.7,16.5,0.489,34.0,5.5,19.3,1.5,0.077,9.9,4.3,0.437,4.8,4.0,0.844,5.4,0.28,3.0,0.156,12.7,0.658,1.3,0.068,23.2,31.1,55.5,0.078,0.104,2.4,298.8,298.0,45.3,5.5,0.42,7.1,2.3,0.322,24.8,9.3,0.374,20.8,59.9,47.9,66.9,34.0,56.0,10.7,0.607,0.75,6.5,0.19,27.5,12.5,23.3,2.8,0.535,0.607,8.2,0.659,4.3,46.4,79.3,13.4,0.586,0.705,14.7,0.316,31.8,4.23,3.9,4.55,90184.11,17.08,7.72,9.36,242.13,20.1,1.9,0.093,5.2,2.3,0.442,1.0,0.047,1.3,1.0,0.783,12.8,0.635,5.7,0.283,0.9,0.044,422.0,14.2,0.8,0.056,7.9,4.8,0.606,1.7,0.118,2.5,2.0,0.787,3.7,0.259,11.5,0.815,0.7,0.048,422.0,11.2,0.5,0.043,6.7,4.3,0.647,1.5,0.136,2.3,1.8,0.782,2.2,0.197,10.5,0.937,0.5,0.047,422.0,108.3,104.7
25,0.473,11.9,4.1,0.343,20.0,7.4,0.371,18.9,1610612758,Sacramento Kings,2013,3.9,27.9,15.1,0.541,32.4,7.1,23.1,1.5,0.066,12.7,5.6,0.445,5.6,4.6,0.816,5.6,0.242,3.6,0.154,15.9,0.687,1.8,0.08,18.8,24.8,43.0,0.069,0.091,2.2,271.9,271.0,37.8,3.8,0.413,5.5,1.7,0.312,21.0,7.8,0.372,17.3,66.6,50.6,73.2,32.4,52.1,10.8,0.623,0.784,6.1,0.188,26.3,12.1,23.2,2.8,0.521,0.594,7.4,0.616,4.6,44.5,75.3,13.6,0.591,0.722,13.5,0.304,31.0,4.17,3.92,4.4,88551.43,16.77,7.71,9.06,241.85,18.8,1.4,0.075,5.1,2.2,0.438,0.9,0.048,1.1,0.9,0.772,11.7,0.621,5.4,0.286,0.8,0.044,395.3,17.2,0.6,0.036,9.5,5.3,0.56,2.5,0.145,3.7,2.5,0.663,3.8,0.219,13.1,0.759,1.0,0.059,395.3,12.7,0.4,0.028,7.5,4.4,0.586,2.0,0.153,3.0,1.9,0.65,2.2,0.171,10.8,0.846,0.6,0.048,395.3,102.9,106.3
26,0.538,17.0,6.9,0.407,25.5,10.2,0.402,27.4,1610612759,San Antonio Spurs,2013,5.1,33.7,17.3,0.513,34.0,7.4,24.3,2.1,0.088,12.0,6.3,0.524,3.9,3.2,0.807,8.1,0.333,2.8,0.117,15.7,0.646,1.6,0.065,25.2,35.2,59.1,0.075,0.105,2.6,334.0,333.3,47.9,7.4,0.454,4.0,1.5,0.387,18.3,7.5,0.412,16.6,68.7,46.9,77.9,34.0,55.7,10.9,0.61,0.758,7.5,0.221,26.5,9.3,18.9,1.5,0.493,0.536,5.5,0.587,3.8,43.3,74.5,12.4,0.58,0.696,13.0,0.3,30.3,4.38,3.93,4.83,92963.96,17.61,7.93,9.68,240.92,23.0,2.5,0.109,5.7,2.7,0.472,0.8,0.036,1.0,0.8,0.774,15.4,0.668,6.2,0.271,1.0,0.041,454.3,24.8,1.6,0.066,13.3,7.8,0.586,2.8,0.114,4.2,3.2,0.749,7.1,0.287,18.8,0.757,1.4,0.056,454.3,19.1,1.1,0.059,10.9,6.5,0.598,2.4,0.125,3.6,2.6,0.729,4.7,0.245,15.7,0.82,1.0,0.054,454.3,108.2,100.1
27,0.548,17.0,6.8,0.402,24.2,9.8,0.407,26.5,1610612761,Toronto Raptors,2013,4.2,33.8,17.9,0.529,31.0,7.0,24.6,2.0,0.08,12.5,5.6,0.451,5.3,4.2,0.799,7.4,0.3,3.4,0.137,15.5,0.63,1.7,0.069,21.2,28.9,50.8,0.07,0.095,2.2,303.4,302.4,42.2,5.4,0.389,5.7,1.7,0.303,21.8,7.6,0.349,17.0,61.7,43.4,66.2,31.0,51.2,9.9,0.605,0.75,6.9,0.223,24.1,11.3,23.6,3.0,0.481,0.549,7.7,0.678,3.6,42.3,74.8,12.9,0.566,0.683,14.6,0.345,27.7,4.11,3.85,4.35,88050.95,16.68,7.56,9.12,243.39,15.0,1.3,0.086,4.5,2.0,0.436,0.6,0.042,0.9,0.7,0.733,8.9,0.595,4.6,0.308,0.7,0.044,424.2,16.1,0.6,0.035,9.0,5.5,0.604,2.3,0.14,3.2,2.2,0.696,3.6,0.225,13.1,0.817,0.9,0.057,424.2,12.8,0.4,0.035,7.3,4.5,0.613,1.9,0.144,2.7,1.9,0.708,2.5,0.194,10.9,0.851,0.8,0.059,424.2,105.8,102.4
28,0.479,15.8,5.7,0.363,25.4,9.3,0.366,24.3,1610612762,Utah Jazz,2013,4.5,31.2,16.1,0.518,30.2,7.0,22.6,1.8,0.082,11.3,5.0,0.438,5.0,3.9,0.778,7.0,0.31,3.3,0.145,13.8,0.611,1.7,0.077,20.3,28.3,47.9,0.062,0.087,2.5,325.5,324.8,43.4,5.5,0.37,3.2,0.9,0.265,18.0,6.2,0.347,13.3,63.6,47.9,69.0,30.2,49.1,9.7,0.615,0.766,6.5,0.214,23.7,11.0,20.8,2.6,0.531,0.607,7.1,0.648,3.9,41.2,69.9,12.3,0.59,0.716,13.6,0.33,27.6,4.18,3.92,4.43,88749.18,16.81,7.54,9.27,241.22,23.4,1.8,0.076,5.3,2.3,0.435,1.2,0.05,1.4,1.0,0.73,15.8,0.675,5.6,0.241,1.0,0.043,444.6,19.4,0.6,0.031,10.3,5.6,0.542,2.6,0.132,3.6,2.4,0.663,4.9,0.251,13.6,0.7,1.3,0.065,444.6,12.4,0.3,0.026,6.8,4.1,0.606,2.1,0.169,2.9,2.0,0.68,2.6,0.212,10.2,0.82,0.8,0.063,444.6,100.6,109.1
29,0.541,15.9,6.5,0.411,24.9,10.2,0.41,27.0,1610612764,Washington Wizards,2013,4.6,27.9,15.0,0.538,31.4,8.2,17.9,1.5,0.085,8.3,3.9,0.473,4.4,3.4,0.774,5.5,0.309,2.8,0.158,11.3,0.632,1.5,0.086,23.4,31.7,54.6,0.073,0.099,2.5,320.6,319.6,45.3,5.9,0.37,4.2,1.2,0.282,22.4,7.7,0.343,16.6,57.5,54.3,68.9,31.4,50.0,10.3,0.629,0.793,6.4,0.204,25.0,10.8,20.5,2.0,0.528,0.586,6.7,0.622,4.1,42.2,70.5,12.4,0.599,0.727,13.1,0.311,29.1,4.13,3.86,4.41,88959.51,16.85,7.93,8.92,244.63,21.1,1.5,0.071,5.0,2.1,0.431,0.9,0.042,1.2,0.9,0.74,13.9,0.659,5.3,0.249,1.0,0.048,441.0,18.3,1.0,0.052,10.3,6.0,0.581,2.0,0.108,2.8,1.9,0.673,4.9,0.269,13.8,0.754,1.0,0.057,441.0,14.2,0.5,0.037,8.2,5.0,0.608,1.7,0.122,2.6,1.8,0.684,3.4,0.236,11.8,0.827,0.8,0.057,441.0,103.3,102.4
30,0.561,21.2,8.5,0.399,30.2,12.7,0.421,33.9,1610612737,Atlanta Hawks,2014,4.6,33.1,17.2,0.519,31.8,9.1,31.7,2.5,0.078,15.5,7.1,0.461,5.8,4.6,0.789,10.4,0.327,3.8,0.12,18.8,0.594,2.3,0.072,25.7,34.7,61.3,0.079,0.107,1.9,323.9,323.1,49.7,7.1,0.415,4.5,1.4,0.312,13.5,4.9,0.363,11.2,61.1,46.6,68.6,31.8,53.6,10.2,0.594,0.734,7.4,0.231,24.5,8.7,16.8,1.3,0.519,0.562,5.6,0.638,3.2,40.6,70.4,11.5,0.576,0.688,12.9,0.318,27.7,4.15,3.82,4.49,87951.85,16.66,7.75,8.91,240.61,16.8,1.3,0.075,4.7,2.2,0.463,0.6,0.038,0.9,0.7,0.771,10.5,0.627,5.1,0.304,0.7,0.042,442.5,17.2,1.2,0.067,8.8,5.5,0.631,1.7,0.099,2.4,1.9,0.782,5.9,0.34,13.0,0.753,0.6,0.035,442.5,14.2,0.8,0.057,7.9,5.0,0.631,1.6,0.111,2.2,1.7,0.758,4.0,0.278,11.6,0.817,0.5,0.037,442.5,106.2,100.7
31,0.499,18.3,6.4,0.35,27.6,10.6,0.383,27.6,1610612738,Boston Celtics,2014,3.6,30.7,16.5,0.536,32.7,8.2,23.3,1.6,0.069,12.4,5.5,0.445,5.2,3.8,0.726,6.1,0.264,3.3,0.142,14.8,0.637,1.8,0.077,24.5,32.6,57.1,0.079,0.105,2.3,311.1,310.5,49.9,5.8,0.392,5.7,1.5,0.262,22.3,8.0,0.358,17.5,58.0,50.5,66.1,32.7,52.6,10.2,0.623,0.773,7.4,0.226,25.4,11.1,21.2,1.6,0.522,0.566,6.7,0.604,4.4,43.8,73.8,11.9,0.594,0.707,14.1,0.322,29.7,4.14,3.78,4.53,88406.49,16.74,7.88,8.86,242.44,17.1,1.5,0.089,4.6,2.2,0.485,0.7,0.042,0.9,0.7,0.764,11.1,0.647,5.2,0.301,0.7,0.042,434.1,17.9,0.7,0.039,10.4,6.2,0.592,2.0,0.109,2.9,2.2,0.75,4.4,0.247,14.6,0.812,0.7,0.04,434.1,14.7,0.5,0.036,9.0,5.6,0.624,1.7,0.116,2.6,2.0,0.77,3.2,0.215,13.2,0.899,0.5,0.037,434.1,101.7,102.1
32,0.505,15.4,5.5,0.357,22.7,8.7,0.385,23.0,1610612751,Brooklyn Nets,2014,4.1,30.6,16.4,0.535,32.0,7.0,25.0,2.2,0.088,13.1,6.2,0.478,4.6,3.8,0.827,7.5,0.3,3.0,0.119,16.3,0.652,1.7,0.068,20.9,28.8,49.1,0.076,0.105,2.5,274.1,273.6,42.2,5.3,0.384,4.1,1.0,0.237,20.3,7.3,0.36,15.6,63.8,45.4,69.3,32.0,48.3,6.4,0.663,0.764,6.9,0.214,25.2,10.3,20.3,1.5,0.509,0.549,7.1,0.69,3.2,42.4,68.6,7.9,0.617,0.698,14.0,0.33,28.4,4.1,3.81,4.39,87792.79,16.63,7.76,8.86,243.05,19.5,1.5,0.075,5.5,2.5,0.453,1.0,0.053,1.3,1.0,0.727,11.9,0.61,6.0,0.306,0.9,0.046,394.0,20.5,0.9,0.045,11.6,6.7,0.58,2.7,0.133,4.0,2.6,0.647,5.0,0.243,16.1,0.784,1.1,0.052,394.0,16.4,0.6,0.036,9.9,6.0,0.608,2.2,0.136,3.4,2.3,0.665,3.2,0.197,14.3,0.872,0.9,0.053,394.0,101.9,105.0
33,0.46,13.2,4.4,0.33,23.0,8.4,0.365,21.1,1610612766,Charlotte Hornets,2014,5.5,27.4,14.3,0.52,34.1,6.1,24.5,1.8,0.072,13.1,5.4,0.413,5.8,4.7,0.805,6.8,0.276,3.7,0.15,15.5,0.632,1.6,0.066,20.2,27.4,46.1,0.064,0.086,1.9,317.2,316.6,41.6,5.4,0.394,5.5,1.6,0.29,26.6,9.7,0.365,21.0,60.2,51.2,67.2,34.1,54.0,11.7,0.631,0.805,6.2,0.181,27.9,10.0,18.2,1.4,0.548,0.592,6.3,0.628,3.7,44.1,72.2,13.0,0.61,0.744,12.4,0.282,31.6,4.16,3.77,4.55,89024.17,16.86,7.52,9.34,242.74,13.0,0.7,0.056,4.0,1.7,0.421,0.8,0.064,1.2,0.9,0.714,7.7,0.587,4.2,0.323,0.5,0.037,436.1,15.1,0.5,0.036,8.8,4.9,0.555,1.8,0.121,2.7,1.9,0.682,3.8,0.249,11.6,0.771,0.6,0.043,436.1,10.0,0.3,0.029,5.8,3.4,0.587,1.6,0.158,2.5,1.7,0.672,1.9,0.193,8.5,0.857,0.5,0.049,436.1,97.6,101.0
34,0.518,15.6,5.8,0.372,24.4,9.7,0.399,25.3,1610612741,Chicago Bulls,2014,5.8,31.5,15.9,0.505,34.0,6.3,24.9,1.6,0.066,13.3,6.1,0.456,6.2,5.1,0.816,6.4,0.259,3.8,0.153,17.2,0.692,1.7,0.069,21.7,30.2,51.3,0.071,0.098,2.4,306.6,306.1,43.6,6.1,0.405,6.0,1.9,0.313,18.5,6.5,0.354,15.0,60.8,41.9,65.2,34.0,53.2,8.9,0.64,0.768,8.4,0.248,25.6,11.7,21.7,1.9,0.54,0.592,7.9,0.673,3.8,45.7,74.9,10.8,0.611,0.714,16.3,0.356,29.4,4.15,3.81,4.49,88577.63,16.78,7.57,9.2,242.44,17.7,1.4,0.08,5.4,2.0,0.38,0.8,0.046,1.1,0.8,0.713,10.7,0.605,4.9,0.274,0.7,0.037,427.2,20.9,1.1,0.051,10.9,5.9,0.542,2.5,0.121,3.8,2.9,0.748,6.1,0.294,14.6,0.701,0.9,0.043,427.2,16.1,0.7,0.046,9.1,5.0,0.554,2.2,0.139,3.4,2.6,0.754,3.8,0.234,12.6,0.787,0.6,0.039,427.2,104.7,101.5
35,0.546,19.1,7.3,0.382,22.7,8.7,0.385,24.7,1610612739,Cleveland Cavaliers,2014,4.1,31.1,16.4,0.528,31.9,7.3,25.4,1.8,0.072,13.4,6.4,0.473,5.9,4.5,0.757,7.2,0.284,3.8,0.15,17.2,0.675,1.6,0.064,22.2,30.1,53.7,0.076,0.103,2.2,292.6,292.0,41.7,5.7,0.442,7.2,2.5,0.343,20.9,8.0,0.384,18.5,59.3,44.0,64.8,31.9,50.6,8.9,0.63,0.765,7.3,0.229,24.6,11.1,20.6,1.9,0.538,0.592,7.4,0.667,3.7,43.0,71.3,10.8,0.604,0.711,14.7,0.342,28.3,4.04,3.78,4.29,85895.8,16.27,7.44,8.83,241.23,11.6,0.8,0.073,2.7,1.1,0.411,0.6,0.049,0.8,0.5,0.615,7.5,0.652,2.8,0.238,0.6,0.053,412.6,18.8,0.6,0.034,10.6,6.5,0.611,2.6,0.141,3.8,2.6,0.687,4.0,0.21,15.6,0.832,1.1,0.059,412.6,15.2,0.4,0.028,8.7,5.5,0.64,2.3,0.152,3.4,2.3,0.683,3.0,0.195,13.4,0.882,0.8,0.055,412.6,107.7,104.1
36,0.525,19.4,7.1,0.367,26.8,10.5,0.392,28.1,1610612742,Dallas Mavericks,2014,4.5,32.1,16.3,0.507,31.8,8.1,32.4,2.9,0.089,16.8,7.8,0.464,5.5,4.1,0.752,10.1,0.313,3.5,0.107,19.7,0.609,2.4,0.074,22.5,30.0,54.1,0.073,0.097,2.5,310.0,309.3,44.2,5.0,0.419,5.6,1.8,0.317,21.0,7.9,0.377,17.6,64.4,43.1,69.7,31.8,53.4,10.1,0.596,0.735,8.0,0.25,23.9,10.5,19.2,1.4,0.546,0.59,7.0,0.672,3.4,42.3,72.6,11.6,0.583,0.693,15.0,0.355,27.3,4.11,3.8,4.43,87728.49,16.62,7.81,8.8,242.44,17.9,1.6,0.088,4.8,2.3,0.481,0.7,0.042,1.0,0.8,0.762,11.6,0.652,5.4,0.303,0.5,0.03,433.7,13.6,0.4,0.026,7.5,5.2,0.703,1.9,0.141,2.8,2.0,0.695,3.6,0.267,12.5,0.915,0.6,0.046,433.7,11.4,0.4,0.031,6.5,4.8,0.73,1.8,0.154,2.8,1.9,0.704,2.7,0.233,11.5,1.002,0.5,0.045,433.7,107.2,103.7
37,0.464,18.6,6.1,0.328,25.0,8.5,0.342,23.2,1610612743,Denver Nuggets,2014,4.5,28.9,15.2,0.527,32.4,7.8,29.0,2.9,0.101,13.0,5.7,0.441,5.5,4.1,0.751,11.1,0.382,3.4,0.116,15.5,0.535,2.1,0.074,21.8,29.1,51.9,0.083,0.111,2.6,262.4,261.9,45.6,4.7,0.418,5.6,1.9,0.329,20.6,7.7,0.373,17.2,59.5,51.4,68.3,32.4,50.7,9.1,0.638,0.777,6.3,0.194,26.1,12.3,24.1,2.0,0.513,0.559,8.1,0.658,4.2,44.7,74.8,11.1,0.597,0.701,14.4,0.322,30.3,4.1,3.78,4.44,87657.74,16.6,7.89,8.72,242.44,14.4,1.2,0.081,4.0,1.6,0.404,0.6,0.043,1.0,0.7,0.753,8.6,0.6,4.0,0.28,0.7,0.051,386.6,19.3,0.6,0.03,11.4,5.9,0.523,2.6,0.137,4.1,2.8,0.671,3.9,0.201,14.6,0.759,1.1,0.058,386.6,16.0,0.4,0.026,9.9,5.4,0.544,2.4,0.151,3.8,2.6,0.688,2.6,0.165,13.4,0.834,0.9,0.055,386.6,101.6,105.5
38,0.519,17.8,6.5,0.368,22.5,8.4,0.374,23.4,1610612765,Detroit Pistons,2014,4.7,32.1,16.7,0.521,32.1,7.6,24.5,2.2,0.092,12.9,5.4,0.418,5.0,3.8,0.768,7.0,0.288,3.2,0.13,14.7,0.599,1.5,0.063,21.6,28.4,51.1,0.076,0.101,2.0,282.8,282.3,42.7,4.8,0.398,6.6,2.0,0.297,19.7,6.9,0.349,15.7,61.0,43.2,69.2,32.1,50.1,8.5,0.64,0.771,7.1,0.222,24.9,12.8,22.2,2.0,0.577,0.632,8.7,0.677,4.1,44.9,72.4,10.5,0.62,0.725,15.8,0.352,29.1,4.18,3.83,4.54,89195.26,16.89,7.65,9.24,241.83,15.0,0.8,0.053,3.9,1.6,0.414,0.9,0.058,1.3,0.9,0.642,9.3,0.621,4.1,0.274,0.7,0.046,404.6,16.1,0.6,0.035,9.6,5.3,0.551,1.8,0.112,2.8,1.5,0.524,3.5,0.217,12.1,0.75,0.9,0.058,404.6,12.3,0.3,0.027,7.9,4.6,0.582,1.6,0.134,2.7,1.5,0.55,2.0,0.158,10.7,0.864,0.6,0.048,404.6,102.3,104.2
39,0.557,18.9,7.7,0.408,26.5,10.9,0.412,29.5,1610612744,Golden State Warriors,2014,6.0,32.8,15.7,0.48,34.3,9.3,21.3,1.8,0.082,11.8,5.6,0.474,4.8,3.8,0.801,5.2,0.243,3.1,0.146,15.0,0.705,1.6,0.077,27.4,38.0,65.0,0.087,0.12,2.7,315.9,315.1,50.8,7.9,0.474,7.4,2.9,0.396,21.5,8.7,0.406,20.4,64.9,42.9,68.9,34.3,55.4,10.2,0.62,0.759,9.1,0.265,25.2,10.4,19.4,1.4,0.536,0.579,6.7,0.64,3.7,44.7,74.8,11.6,0.598,0.708,15.7,0.352,29.0,4.21,3.72,4.77,89353.02,16.92,7.91,9.01,240.61,17.4,1.5,0.086,5.7,2.5,0.429,0.9,0.051,1.3,1.1,0.815,9.5,0.546,6.0,0.347,1.1,0.063,438.5,17.5,1.0,0.058,10.1,6.6,0.65,2.0,0.111,3.1,2.1,0.68,4.6,0.262,15.3,0.874,0.7,0.038,438.5,14.0,0.6,0.044,8.5,5.7,0.664,1.8,0.128,2.9,2.0,0.709,3.0,0.213,13.4,0.956,0.5,0.034,438.5,109.7,98.2
40,0.527,24.4,8.8,0.359,26.1,9.4,0.36,27.5,1610612745,Houston Rockets,2014,4.9,33.6,17.1,0.508,32.1,9.5,28.4,2.7,0.096,12.9,5.6,0.436,6.2,4.9,0.794,9.9,0.347,3.7,0.129,16.1,0.568,2.3,0.08,22.2,30.7,55.0,0.074,0.103,2.6,298.8,298.1,45.2,6.0,0.419,7.4,2.4,0.324,15.4,5.3,0.341,12.9,57.9,51.1,66.2,32.1,53.4,10.0,0.601,0.74,7.5,0.234,24.6,11.7,22.6,1.9,0.517,0.565,7.7,0.659,4.0,43.7,75.9,12.0,0.576,0.684,15.2,0.347,28.5,4.1,3.81,4.41,87421.78,16.56,7.81,8.74,241.54,9.8,0.8,0.086,2.5,0.9,0.375,0.5,0.052,0.7,0.4,0.6,6.0,0.617,2.3,0.238,0.8,0.078,423.1,19.4,0.9,0.046,10.8,6.6,0.605,2.6,0.133,3.8,2.0,0.526,4.5,0.234,15.1,0.779,1.0,0.051,423.1,14.8,0.6,0.04,8.5,5.5,0.641,2.0,0.137,3.1,1.6,0.526,3.1,0.207,12.6,0.85,0.6,0.042,423.1,104.2,100.5
41,0.505,15.9,6.0,0.375,29.3,11.8,0.403,29.6,1610612754,Indiana Pacers,2014,4.6,28.0,13.5,0.481,34.4,6.2,20.6,1.6,0.076,11.2,4.9,0.434,4.5,3.5,0.779,5.6,0.27,2.8,0.136,13.2,0.64,1.3,0.062,21.4,29.5,50.5,0.068,0.094,2.0,314.5,313.9,45.7,6.0,0.394,4.7,1.3,0.27,17.4,6.2,0.357,13.7,61.5,41.4,65.3,34.4,53.1,9.4,0.649,0.788,7.2,0.208,27.3,10.4,20.6,1.8,0.507,0.555,7.0,0.673,3.4,44.9,73.6,11.1,0.609,0.718,14.2,0.316,30.7,4.06,3.81,4.29,86325.32,16.35,7.41,8.94,242.13,21.5,1.6,0.077,6.4,2.7,0.419,0.6,0.029,0.9,0.6,0.722,13.1,0.611,6.0,0.281,0.9,0.041,436.3,20.1,1.1,0.054,11.1,6.1,0.546,2.6,0.132,3.9,2.7,0.712,5.3,0.262,14.9,0.739,0.9,0.047,436.3,15.5,0.6,0.039,9.3,5.3,0.576,2.1,0.135,3.1,2.3,0.744,3.2,0.205,13.0,0.838,0.8,0.051,436.3,100.8,100.9
42,0.542,18.5,7.2,0.39,26.4,10.7,0.405,28.6,1610612746,Los Angeles Clippers,2014,5.0,27.6,14.0,0.508,33.1,7.8,17.5,1.6,0.092,9.0,4.2,0.465,4.1,3.2,0.785,5.0,0.288,2.6,0.148,11.5,0.661,1.0,0.059,24.8,33.8,58.7,0.084,0.115,2.4,294.4,293.6,46.4,6.6,0.464,7.6,2.6,0.347,25.9,10.7,0.413,24.1,61.5,37.8,67.5,33.1,50.4,8.1,0.655,0.782,7.9,0.24,25.1,9.6,15.8,0.8,0.604,0.637,6.5,0.681,3.0,42.6,66.3,9.0,0.643,0.744,14.5,0.339,28.2,4.05,3.76,4.35,85937.77,16.28,7.73,8.55,240.61,21.4,1.7,0.081,5.0,2.3,0.464,1.0,0.046,1.3,0.9,0.702,14.4,0.675,5.6,0.261,0.7,0.031,414.5,14.8,0.7,0.045,8.1,5.6,0.685,2.4,0.165,3.3,1.7,0.524,3.5,0.237,12.8,0.867,0.7,0.047,414.5,12.8,0.5,0.036,7.1,5.1,0.713,2.4,0.187,3.3,1.8,0.544,2.7,0.213,12.0,0.936,0.5,0.043,414.5,109.8,103.0
43,0.466,11.4,4.0,0.355,22.4,8.4,0.375,20.8,1610612747,Los Angeles Lakers,2014,4.5,30.3,16.3,0.539,32.3,7.0,19.9,1.9,0.093,9.9,4.0,0.408,5.5,4.3,0.785,5.5,0.279,3.3,0.165,12.4,0.623,1.5,0.075,20.9,26.6,47.4,0.076,0.097,1.8,274.3,273.6,42.0,3.9,0.398,6.9,2.3,0.331,26.4,9.4,0.355,21.0,61.0,47.8,68.6,32.3,51.1,9.9,0.632,0.783,6.7,0.206,25.6,11.6,23.0,2.2,0.505,0.557,7.8,0.668,3.9,43.9,74.1,12.1,0.592,0.707,14.4,0.328,29.5,4.07,3.81,4.31,87190.96,16.51,7.53,8.99,243.05,21.6,1.9,0.087,6.3,2.5,0.394,1.0,0.047,1.4,1.0,0.748,13.0,0.605,6.1,0.282,0.9,0.04,395.8,17.7,0.7,0.041,10.3,6.3,0.608,2.1,0.119,3.1,1.9,0.622,4.0,0.223,14.5,0.817,0.9,0.049,395.8,14.9,0.5,0.037,9.1,5.6,0.616,1.8,0.12,2.8,1.6,0.581,2.9,0.194,12.8,0.859,0.6,0.043,395.8,100.8,108.0
44,0.471,11.6,4.0,0.348,21.6,8.2,0.378,20.4,1610612763,Memphis Grizzlies,2014,4.2,28.4,14.6,0.515,32.1,8.5,19.7,1.4,0.069,11.0,4.8,0.44,4.0,3.3,0.812,5.2,0.262,2.5,0.129,12.9,0.656,1.2,0.062,21.7,30.3,49.4,0.07,0.098,2.5,309.3,308.6,43.5,6.2,0.407,3.3,1.1,0.33,17.6,6.6,0.377,14.3,66.2,40.6,72.2,32.1,50.6,9.0,0.635,0.772,7.7,0.239,24.4,10.4,21.6,1.9,0.483,0.528,7.3,0.7,3.1,42.6,72.2,10.8,0.59,0.694,15.0,0.352,27.6,4.09,3.79,4.4,87565.17,16.58,7.57,9.02,242.74,26.3,2.4,0.091,6.2,2.8,0.449,1.0,0.039,1.5,1.1,0.767,18.0,0.684,6.7,0.256,0.7,0.027,428.6,23.9,1.3,0.056,13.3,7.6,0.571,3.1,0.129,4.1,3.0,0.731,6.2,0.259,18.2,0.76,1.2,0.052,428.6,19.6,0.9,0.044,11.3,6.6,0.583,2.7,0.136,3.7,2.7,0.739,4.4,0.227,15.9,0.814,1.0,0.049,428.6,103.1,99.9
45,0.505,16.1,5.9,0.362,22.7,8.5,0.376,22.9,1610612748,Miami Heat,2014,4.6,31.0,16.5,0.531,30.0,7.8,29.0,2.5,0.088,12.3,5.8,0.473,6.1,4.4,0.733,10.5,0.363,3.9,0.133,16.1,0.556,2.4,0.083,19.7,26.4,47.1,0.064,0.086,2.5,307.7,307.0,40.6,4.1,0.39,3.5,0.8,0.237,18.7,6.9,0.367,14.6,61.6,40.9,66.0,30.0,49.5,9.5,0.606,0.75,7.6,0.252,22.4,9.1,18.2,1.4,0.499,0.541,6.2,0.686,2.8,39.1,67.7,10.9,0.578,0.689,13.8,0.353,25.3,4.06,3.75,4.36,86132.51,16.31,7.38,8.93,240.62,21.6,1.3,0.058,5.9,2.5,0.428,1.0,0.046,1.4,1.0,0.736,13.7,0.634,6.1,0.281,0.8,0.037,424.1,16.4,0.6,0.035,9.3,5.6,0.595,2.3,0.141,3.5,2.4,0.702,3.8,0.232,13.6,0.827,0.9,0.057,424.1,13.5,0.5,0.035,7.8,5.0,0.639,2.0,0.151,3.1,2.1,0.698,2.9,0.214,12.1,0.899,0.7,0.053,424.1,101.5,103.8
46,0.51,14.5,5.4,0.37,23.8,9.5,0.397,24.3,1610612749,Milwaukee Bucks,2014,5.0,33.6,17.3,0.516,31.4,9.6,28.7,2.3,0.08,13.3,5.9,0.444,5.7,4.5,0.789,9.4,0.327,4.0,0.138,16.4,0.57,2.5,0.086,23.6,32.7,54.1,0.082,0.113,2.3,287.9,286.9,45.5,6.7,0.408,3.4,1.2,0.348,19.2,7.2,0.377,15.7,58.3,47.2,64.5,31.4,52.2,9.8,0.602,0.741,7.3,0.234,24.1,10.6,20.1,1.7,0.528,0.577,7.1,0.666,3.6,42.0,72.4,11.5,0.581,0.691,14.4,0.343,27.6,4.14,3.82,4.49,88642.14,16.79,8.02,8.77,243.09,23.2,2.3,0.097,5.4,2.2,0.405,0.9,0.038,1.1,0.8,0.701,15.4,0.663,5.1,0.222,1.3,0.056,409.1,19.2,0.9,0.047,10.4,6.1,0.583,2.2,0.117,3.5,2.3,0.661,5.2,0.272,14.5,0.752,1.2,0.062,409.1,16.0,0.7,0.041,8.9,5.2,0.587,2.0,0.126,3.0,2.0,0.665,4.0,0.248,12.5,0.78,1.0,0.06,409.1,100.5,99.3
47,0.457,10.6,3.8,0.356,21.3,7.9,0.369,19.5,1610612750,Minnesota Timberwolves,2014,4.0,32.5,18.8,0.579,29.3,8.2,18.1,1.2,0.069,9.4,3.8,0.4,4.5,3.6,0.798,4.4,0.245,2.6,0.143,11.2,0.617,1.6,0.09,21.6,29.6,48.9,0.077,0.106,2.8,280.5,280.0,43.9,5.2,0.379,4.0,1.1,0.275,21.2,7.5,0.353,16.1,54.1,44.5,60.5,29.3,48.3,8.3,0.607,0.733,6.6,0.225,22.7,11.6,23.7,2.4,0.49,0.546,7.6,0.654,4.0,40.9,72.0,10.8,0.568,0.668,14.2,0.346,26.8,4.13,3.82,4.43,87793.96,16.63,7.76,8.87,241.54,20.6,1.5,0.071,6.6,2.7,0.418,1.1,0.054,1.6,1.1,0.7,11.5,0.559,6.6,0.323,1.0,0.051,403.4,20.6,1.0,0.05,11.8,6.5,0.55,2.8,0.134,4.4,3.5,0.796,4.9,0.237,16.4,0.797,1.0,0.048,403.4,15.6,0.6,0.038,9.5,5.4,0.567,2.4,0.151,3.8,3.0,0.8,2.8,0.182,13.8,0.886,0.7,0.043,403.4,99.8,109.6
48,0.544,14.3,5.7,0.402,22.7,9.5,0.417,24.7,1610612740,New Orleans Pelicans,2014,6.2,34.0,17.7,0.521,32.0,6.7,29.3,2.3,0.08,16.4,7.4,0.45,5.2,3.8,0.721,7.8,0.266,3.2,0.108,18.5,0.631,2.3,0.08,22.0,28.5,51.4,0.081,0.105,2.4,271.3,270.7,41.4,4.1,0.383,4.4,1.2,0.276,17.2,6.0,0.348,13.2,55.5,45.7,62.6,32.0,50.6,8.7,0.631,0.763,8.3,0.261,23.6,11.5,21.5,2.0,0.533,0.589,8.1,0.702,3.4,43.5,72.2,10.8,0.602,0.708,16.4,0.377,27.1,4.07,3.7,4.43,86636.62,16.41,7.26,9.14,241.22,18.6,1.7,0.093,5.5,2.4,0.446,1.0,0.053,1.4,1.0,0.768,11.2,0.604,6.0,0.32,0.7,0.038,389.3,16.4,0.6,0.038,9.5,5.9,0.624,2.5,0.151,3.9,2.8,0.722,3.5,0.21,14.7,0.893,0.8,0.048,389.3,14.0,0.6,0.041,8.1,5.2,0.649,2.4,0.168,3.6,2.5,0.694,2.9,0.209,13.0,0.926,0.6,0.045,389.3,105.4,104.7
49,0.491,14.8,5.4,0.368,29.3,11.7,0.399,28.8,1610612752,New York Knicks,2014,4.6,30.7,15.7,0.512,29.8,7.0,17.0,1.3,0.077,8.5,3.5,0.41,4.3,3.2,0.755,5.1,0.298,2.6,0.152,10.2,0.599,1.1,0.062,21.3,28.4,49.2,0.059,0.078,1.9,361.3,360.6,45.8,5.2,0.386,4.1,1.2,0.281,19.3,6.9,0.355,14.9,62.1,51.5,71.9,29.8,48.5,8.9,0.614,0.753,6.2,0.209,23.6,10.6,20.3,1.4,0.524,0.563,6.9,0.652,3.7,40.4,68.8,10.3,0.588,0.691,13.1,0.325,27.3,4.17,3.82,4.5,88994.86,16.86,7.49,9.37,242.16,31.5,2.5,0.081,8.4,3.8,0.449,1.5,0.047,2.1,1.5,0.722,20.2,0.639,9.1,0.287,1.2,0.04,481.2,15.8,0.8,0.052,8.5,4.4,0.52,1.6,0.101,2.3,1.7,0.751,4.7,0.297,10.6,0.67,0.9,0.054,481.2,14.0,0.7,0.049,7.7,4.0,0.529,1.5,0.106,2.3,1.7,0.749,3.9,0.276,9.8,0.7,0.8,0.056,481.2,97.1,107.2
50,0.492,15.5,5.5,0.354,23.0,8.6,0.373,22.6,1610612760,Oklahoma City Thunder,2014,5.5,32.8,16.2,0.495,34.7,7.3,26.4,1.7,0.064,14.0,6.3,0.45,6.7,5.3,0.797,7.1,0.268,4.1,0.157,17.9,0.68,1.7,0.065,20.5,26.5,48.1,0.074,0.096,2.0,276.5,275.9,41.2,4.1,0.42,6.5,2.1,0.315,22.9,8.6,0.375,19.2,61.2,47.7,66.4,34.7,54.2,9.3,0.64,0.773,7.4,0.214,27.3,12.8,23.5,2.8,0.546,0.62,8.8,0.689,4.0,47.5,77.7,12.1,0.612,0.725,16.3,0.342,31.2,4.11,3.76,4.47,87418.71,16.56,7.7,8.86,241.83,16.8,1.1,0.067,4.4,1.9,0.438,0.6,0.038,0.9,0.6,0.693,10.7,0.636,4.5,0.269,0.7,0.04,402.4,15.6,0.7,0.045,9.0,5.2,0.574,1.9,0.122,2.9,1.8,0.632,3.5,0.223,12.1,0.776,1.0,0.061,402.4,13.3,0.5,0.038,8.1,4.8,0.591,1.7,0.129,2.5,1.6,0.629,2.5,0.19,11.2,0.84,0.8,0.057,402.4,104.5,103.1
51,0.504,15.3,5.5,0.363,23.8,9.2,0.387,24.0,1610612753,Orlando Magic,2014,3.8,30.6,16.0,0.524,31.8,7.9,31.1,2.3,0.073,17.2,7.4,0.429,5.8,4.0,0.696,8.3,0.266,3.6,0.117,18.8,0.604,2.2,0.071,20.6,26.9,48.0,0.073,0.095,1.6,282.2,281.7,41.1,4.7,0.401,3.7,1.0,0.286,16.0,5.9,0.369,12.8,56.8,40.4,61.8,31.8,50.9,9.6,0.625,0.77,7.3,0.23,24.5,10.0,18.3,1.7,0.549,0.604,6.9,0.684,3.2,41.8,69.2,11.3,0.605,0.722,14.2,0.339,27.7,4.13,3.78,4.48,87483.91,16.57,7.73,8.84,240.91,13.2,1.0,0.074,4.6,2.2,0.469,0.5,0.036,0.5,0.4,0.795,7.3,0.557,4.8,0.361,0.6,0.046,403.0,16.1,0.7,0.044,9.0,5.4,0.604,1.7,0.108,2.6,1.9,0.725,4.3,0.268,12.7,0.79,0.9,0.056,403.0,12.7,0.5,0.037,7.7,5.0,0.646,1.5,0.117,2.3,1.6,0.697,2.7,0.211,11.5,0.908,0.7,0.056,403.0,99.6,105.2
52,0.475,20.6,7.0,0.339,27.0,9.3,0.346,25.7,1610612755,Philadelphia 76ers,2014,5.9,35.4,17.5,0.494,30.9,9.6,35.9,2.1,0.06,18.4,7.9,0.428,8.5,5.6,0.661,9.8,0.272,5.2,0.146,21.3,0.595,3.1,0.087,20.5,27.3,49.5,0.063,0.083,2.3,327.4,326.6,44.7,4.5,0.333,5.0,1.4,0.279,13.4,3.8,0.281,8.9,59.8,49.2,66.3,30.9,54.3,11.8,0.57,0.729,7.6,0.246,23.3,11.9,24.1,2.6,0.495,0.554,7.8,0.656,4.1,42.9,78.4,14.4,0.547,0.67,15.4,0.36,27.4,4.28,3.93,4.63,90987.33,17.23,7.95,9.28,241.52,15.2,0.9,0.062,3.4,1.3,0.391,0.7,0.044,0.9,0.6,0.662,10.1,0.664,3.3,0.219,0.8,0.053,452.3,16.0,0.7,0.044,7.6,4.2,0.55,2.0,0.124,2.9,1.9,0.66,4.8,0.3,10.3,0.645,1.1,0.071,452.3,12.3,0.4,0.033,6.3,3.7,0.578,1.6,0.132,2.4,1.5,0.635,2.9,0.236,8.8,0.719,1.0,0.082,452.3,93.0,102.1
53,0.511,17.9,6.4,0.357,23.9,9.0,0.377,24.5,1610612756,Phoenix Suns,2014,4.7,32.7,17.1,0.522,32.2,8.5,27.8,2.3,0.083,13.2,6.1,0.461,5.7,4.4,0.772,9.2,0.33,4.0,0.142,16.6,0.598,2.1,0.075,20.2,26.1,48.0,0.07,0.09,1.7,289.6,288.9,41.7,4.2,0.415,6.2,2.0,0.315,23.3,8.7,0.373,19.4,56.6,51.0,64.4,32.2,53.2,10.0,0.606,0.746,7.9,0.246,24.3,10.9,21.9,2.0,0.499,0.548,7.1,0.653,3.8,43.2,75.1,12.0,0.575,0.683,15.0,0.349,28.1,4.05,3.76,4.35,86476.1,16.38,7.76,8.62,242.44,16.6,1.2,0.07,4.4,2.0,0.45,0.7,0.043,0.8,0.7,0.794,10.5,0.631,4.7,0.282,0.7,0.043,413.0,14.7,0.7,0.05,8.2,4.8,0.587,1.7,0.117,2.7,1.7,0.633,3.6,0.247,11.3,0.768,0.7,0.05,413.0,11.5,0.4,0.034,7.0,4.2,0.598,1.4,0.125,2.2,1.4,0.621,2.4,0.206,9.7,0.845,0.4,0.034,413.0,102.9,103.4
54,0.514,18.9,6.9,0.368,28.6,11.2,0.393,29.4,1610612757,Portland Trail Blazers,2014,4.5,30.9,15.4,0.498,35.1,6.4,21.7,2.0,0.092,10.1,4.9,0.486,4.3,3.6,0.825,7.5,0.347,2.9,0.132,13.5,0.621,1.6,0.074,21.9,28.5,52.2,0.076,0.099,1.4,288.3,287.8,45.0,5.2,0.429,7.5,2.6,0.345,24.0,9.0,0.375,20.6,58.9,44.0,65.1,35.1,53.9,9.3,0.652,0.787,7.5,0.214,27.6,10.7,19.4,1.4,0.554,0.596,7.3,0.681,3.4,45.9,73.3,10.7,0.626,0.733,14.8,0.323,31.0,4.16,3.79,4.52,88742.01,16.81,7.49,9.32,242.13,19.0,1.5,0.08,5.6,2.6,0.47,1.0,0.05,1.0,0.8,0.729,11.5,0.605,6.1,0.322,0.8,0.044,409.7,13.5,0.5,0.036,7.7,4.6,0.604,1.3,0.098,1.8,1.4,0.748,3.4,0.249,10.7,0.79,0.9,0.065,409.7,10.9,0.3,0.031,6.6,3.9,0.593,1.1,0.104,1.7,1.2,0.728,2.1,0.19,9.0,0.824,0.8,0.077,409.7,105.5,101.4
55,0.482,12.2,4.3,0.35,19.1,7.1,0.371,18.5,1610612758,Sacramento Kings,2014,4.0,27.8,14.8,0.533,33.3,6.7,24.8,1.3,0.051,13.5,5.9,0.438,7.0,5.3,0.747,5.5,0.22,4.2,0.17,17.1,0.69,1.9,0.077,20.3,27.6,46.9,0.071,0.097,2.6,285.8,285.1,39.9,4.6,0.425,3.8,1.2,0.327,18.8,7.4,0.392,16.0,61.3,45.6,67.4,33.3,51.1,8.3,0.652,0.779,7.0,0.211,26.3,10.9,21.3,2.0,0.511,0.564,7.4,0.677,3.5,44.2,72.4,10.3,0.61,0.712,14.4,0.326,29.8,4.12,3.81,4.43,87966.11,16.66,7.67,8.99,242.13,19.8,1.6,0.08,5.0,2.0,0.405,1.0,0.049,1.3,1.0,0.75,12.1,0.612,5.0,0.255,1.1,0.055,409.5,18.4,0.7,0.04,10.3,5.7,0.548,2.8,0.152,3.9,2.8,0.703,4.2,0.226,14.1,0.764,1.0,0.054,409.5,13.7,0.4,0.03,8.1,4.5,0.56,2.2,0.163,3.4,2.4,0.714,2.5,0.183,11.4,0.834,0.7,0.053,409.5,102.5,106.5
56,0.541,17.9,7.0,0.39,23.5,9.2,0.393,25.4,1610612759,San Antonio Spurs,2014,5.4,34.4,17.5,0.509,33.8,8.0,29.4,2.6,0.089,14.1,6.9,0.492,5.2,4.1,0.782,10.1,0.342,3.5,0.12,18.0,0.611,2.1,0.073,24.4,34.3,57.8,0.071,0.099,2.4,345.9,345.0,46.6,7.5,0.414,4.3,1.2,0.278,19.6,7.5,0.384,16.2,63.9,54.5,75.6,33.8,54.2,10.2,0.623,0.767,8.4,0.249,25.4,9.8,18.6,1.2,0.529,0.566,6.4,0.653,3.4,43.6,72.8,11.4,0.599,0.71,14.8,0.34,28.8,4.32,3.89,4.73,92466.4,17.51,7.76,9.75,243.35,19.2,1.6,0.084,4.3,1.9,0.435,0.9,0.046,1.1,0.9,0.875,13.3,0.695,4.7,0.246,0.6,0.03,466.4,24.1,1.6,0.066,12.8,8.2,0.643,2.9,0.121,4.3,3.3,0.765,7.4,0.305,19.7,0.817,1.1,0.048,466.4,18.6,0.8,0.041,10.9,7.1,0.654,2.3,0.124,3.4,2.6,0.761,4.5,0.243,16.9,0.909,0.8,0.045,466.4,106.2,99.6
57,0.551,16.3,6.2,0.382,19.8,7.8,0.394,21.8,1610612761,Toronto Raptors,2014,4.4,32.3,16.6,0.515,30.8,7.5,27.4,2.4,0.088,14.0,6.8,0.481,5.8,4.6,0.793,8.4,0.307,3.7,0.135,18.1,0.663,1.9,0.07,20.7,27.8,49.6,0.074,0.099,2.1,281.2,280.7,39.0,5.0,0.407,8.2,2.5,0.305,25.9,9.3,0.358,21.1,55.7,49.4,64.0,30.8,50.0,9.0,0.616,0.751,7.1,0.229,23.7,10.7,21.3,1.8,0.504,0.551,7.2,0.669,3.6,41.5,71.3,10.8,0.582,0.687,14.2,0.343,27.3,4.05,3.81,4.28,86378.0,16.36,7.53,8.83,242.13,10.1,0.7,0.072,3.2,1.4,0.44,0.6,0.064,1.0,0.7,0.75,5.6,0.556,3.6,0.358,0.5,0.047,400.5,15.1,0.5,0.03,8.9,5.6,0.634,1.8,0.117,2.8,2.1,0.738,3.0,0.2,13.3,0.883,0.8,0.054,400.5,12.7,0.4,0.028,7.8,5.0,0.639,1.5,0.121,2.5,1.8,0.707,2.1,0.164,11.7,0.927,0.7,0.053,400.5,108.1,104.8
58,0.502,16.8,6.3,0.373,23.9,8.9,0.371,24.0,1610612762,Utah Jazz,2014,6.0,28.7,13.9,0.485,31.9,7.6,26.1,2.2,0.085,12.0,4.8,0.4,5.9,4.5,0.757,8.7,0.334,3.7,0.142,14.1,0.539,1.9,0.073,19.9,27.9,47.9,0.055,0.076,2.7,364.9,364.2,42.4,5.3,0.383,4.4,1.1,0.248,17.4,6.1,0.352,13.4,63.2,46.4,71.0,31.9,48.7,8.2,0.656,0.788,7.1,0.223,24.8,12.0,21.8,2.1,0.554,0.613,8.4,0.698,3.6,44.0,70.5,10.3,0.624,0.731,15.5,0.353,28.4,4.19,3.85,4.5,88494.04,16.76,7.42,9.34,240.3,24.8,1.5,0.06,4.9,1.9,0.389,1.0,0.04,1.4,1.0,0.678,17.6,0.709,4.8,0.194,1.1,0.046,482.0,17.5,0.7,0.04,9.3,6.1,0.65,2.4,0.135,3.6,2.4,0.67,4.6,0.265,14.5,0.832,1.0,0.058,482.0,14.5,0.6,0.045,7.6,5.1,0.669,2.0,0.14,3.3,2.2,0.674,3.9,0.268,12.4,0.857,0.7,0.051,482.0,102.5,102.1
59,0.496,13.3,5.0,0.376,25.5,10.1,0.397,25.2,1610612764,Washington Wizards,2014,4.6,28.3,14.7,0.519,34.2,7.3,17.5,1.9,0.107,8.0,3.7,0.468,4.3,3.4,0.786,5.8,0.33,2.6,0.149,10.9,0.622,1.3,0.073,24.0,32.2,54.7,0.079,0.106,2.5,302.6,302.0,45.9,5.6,0.385,3.0,0.9,0.297,21.0,7.6,0.364,16.1,62.4,50.5,70.9,34.2,51.6,9.3,0.662,0.808,6.8,0.198,27.4,10.5,20.1,1.8,0.524,0.574,6.5,0.623,4.0,44.7,71.7,11.1,0.623,0.737,13.3,0.298,31.4,4.11,3.78,4.44,87991.27,16.67,7.75,8.92,243.35,20.4,1.2,0.061,5.3,2.2,0.418,0.7,0.035,1.0,0.7,0.732,13.3,0.653,5.2,0.255,0.9,0.044,422.2,20.5,1.0,0.049,11.9,7.1,0.596,2.4,0.116,3.4,2.4,0.711,4.9,0.238,16.6,0.809,1.1,0.053,422.2,16.5,0.6,0.038,9.9,6.0,0.608,2.0,0.121,2.9,2.0,0.697,3.4,0.204,14.0,0.852,0.9,0.053,422.2,101.8,100.0
60,0.541,21.1,7.9,0.374,28.6,11.5,0.403,31.0,1610612737,Atlanta Hawks,2015,5.5,33.2,17.1,0.516,32.7,9.5,31.4,2.5,0.078,15.4,6.9,0.445,6.3,5.0,0.796,10.2,0.325,4.0,0.126,18.7,0.597,2.3,0.075,25.3,34.6,60.3,0.078,0.107,1.9,324.2,323.7,49.7,7.4,0.389,5.5,1.4,0.258,15.3,5.2,0.342,11.9,61.2,41.3,66.1,32.7,61.2,14.9,0.534,0.706,6.4,0.197,26.3,8.5,19.9,1.7,0.426,0.467,5.7,0.677,2.7,41.2,81.1,16.7,0.508,0.639,12.2,0.296,29.0,4.22,3.87,4.59,89605.45,16.97,8.03,8.94,240.91,14.8,1.4,0.094,3.5,1.7,0.479,0.6,0.039,0.8,0.7,0.848,9.9,0.671,4.1,0.276,0.6,0.043,444.8,20.6,1.3,0.064,10.6,6.6,0.622,2.0,0.096,2.7,2.1,0.764,6.9,0.336,15.3,0.739,0.9,0.045,444.8,17.4,1.2,0.067,9.3,6.0,0.641,1.7,0.099,2.4,1.9,0.782,5.5,0.315,13.9,0.797,0.7,0.038,444.8,103.1,99.8
61,0.496,20.1,7.1,0.351,27.7,10.2,0.369,27.5,1610612738,Boston Celtics,2015,4.2,30.0,16.0,0.535,33.6,9.4,25.9,1.9,0.072,14.4,6.5,0.453,6.2,5.1,0.815,6.6,0.257,3.8,0.147,18.1,0.698,1.8,0.069,24.5,33.3,58.4,0.077,0.104,2.5,319.9,319.4,50.4,6.3,0.399,6.5,2.0,0.303,21.5,7.6,0.353,17.1,58.4,55.5,66.9,33.6,58.4,12.3,0.575,0.729,7.0,0.21,26.5,11.7,26.3,2.9,0.443,0.498,7.4,0.638,4.2,45.2,84.7,15.2,0.534,0.651,14.5,0.32,30.7,4.12,3.74,4.53,87963.48,16.66,7.85,8.81,241.85,14.8,1.3,0.088,4.8,2.2,0.45,0.7,0.045,0.9,0.8,0.872,8.4,0.571,5.1,0.348,0.6,0.039,446.0,15.9,0.6,0.036,9.6,5.8,0.597,1.8,0.115,2.8,2.0,0.718,3.7,0.231,13.5,0.847,0.6,0.035,446.0,13.2,0.4,0.028,8.2,5.1,0.622,1.8,0.137,2.9,2.0,0.714,2.4,0.184,12.3,0.931,0.4,0.034,446.0,103.5,99.6
62,0.503,12.6,4.6,0.362,22.6,9.1,0.402,22.8,1610612751,Brooklyn Nets,2015,3.9,31.2,16.3,0.523,32.3,7.1,22.6,1.9,0.085,11.8,5.4,0.455,3.6,2.8,0.785,7.5,0.331,2.4,0.107,13.5,0.598,1.4,0.064,21.7,28.4,49.6,0.074,0.097,1.9,292.2,291.8,43.3,4.9,0.4,4.4,1.3,0.296,21.0,7.7,0.369,16.8,59.9,42.1,65.0,32.3,52.0,9.5,0.621,0.759,6.6,0.203,25.7,10.4,23.6,2.7,0.442,0.5,7.3,0.698,3.2,42.7,75.6,12.2,0.565,0.674,13.8,0.324,28.9,4.18,3.9,4.45,88731.41,16.81,7.81,9.0,240.93,20.7,1.3,0.064,6.9,3.1,0.455,1.2,0.059,1.8,1.5,0.828,11.8,0.568,7.9,0.379,0.8,0.038,412.0,17.7,0.9,0.051,10.1,6.1,0.597,2.0,0.113,2.7,2.0,0.743,4.3,0.243,14.1,0.799,1.0,0.059,412.0,14.1,0.6,0.043,8.6,5.4,0.623,1.9,0.138,2.6,2.1,0.783,2.7,0.19,12.9,0.911,0.7,0.049,412.0,99.3,106.7
63,0.535,22.7,8.4,0.372,28.0,10.8,0.385,30.0,1610612766,Charlotte Hornets,2015,5.3,31.6,15.9,0.504,34.9,7.0,26.0,1.7,0.066,13.6,6.2,0.453,6.1,4.9,0.809,7.4,0.283,4.0,0.152,17.2,0.663,1.8,0.07,21.3,29.0,53.1,0.069,0.093,2.4,310.4,309.9,45.0,5.3,0.384,6.5,1.9,0.298,22.6,7.7,0.341,17.3,55.5,47.9,62.4,34.9,60.8,15.8,0.574,0.775,5.9,0.17,28.9,9.3,20.8,1.8,0.445,0.488,5.5,0.593,3.8,44.2,81.6,17.6,0.541,0.69,11.5,0.259,32.7,4.26,3.82,4.7,91435.85,17.32,7.71,9.61,243.3,13.3,1.1,0.079,3.2,1.5,0.485,0.6,0.044,0.9,0.7,0.755,9.2,0.688,3.8,0.289,0.3,0.024,430.9,13.5,0.6,0.042,7.9,4.3,0.549,1.9,0.138,2.8,2.2,0.762,2.9,0.215,10.8,0.803,0.5,0.038,430.9,10.8,0.4,0.033,6.4,3.9,0.618,1.7,0.16,2.7,2.1,0.768,2.1,0.195,10.0,0.918,0.4,0.037,430.9,103.2,101.8
64,0.518,15.6,5.9,0.38,25.9,10.5,0.404,26.9,1610612741,Chicago Bulls,2015,5.9,35.0,16.9,0.483,36.4,6.1,27.7,1.8,0.065,15.5,7.0,0.449,6.0,4.9,0.806,7.0,0.254,3.8,0.138,18.8,0.678,2.1,0.075,21.9,29.5,51.1,0.072,0.097,1.9,304.9,304.4,43.4,5.7,0.388,4.5,1.4,0.306,22.2,7.9,0.358,17.3,62.1,44.9,68.4,36.4,63.3,13.3,0.575,0.728,7.4,0.203,29.0,11.5,26.0,3.2,0.443,0.505,7.9,0.683,3.7,47.9,89.3,16.5,0.537,0.658,15.3,0.319,32.7,4.21,3.86,4.57,90604.96,17.16,7.93,9.23,244.33,16.2,1.4,0.086,5.2,2.2,0.415,0.6,0.036,0.9,0.8,0.889,9.6,0.591,5.1,0.316,0.6,0.038,429.2,17.4,1.1,0.063,9.2,5.2,0.568,2.0,0.115,2.9,2.2,0.732,5.2,0.298,12.6,0.723,0.9,0.05,429.2,13.2,0.6,0.048,7.7,4.8,0.617,1.7,0.131,2.6,1.9,0.733,2.9,0.222,11.4,0.865,0.7,0.049,429.2,100.6,101.6
65,0.563,20.4,8.0,0.394,24.5,9.8,0.399,27.5,1610612739,Cleveland Cavaliers,2015,3.8,27.1,13.8,0.511,33.9,6.8,23.7,2.0,0.086,12.7,6.1,0.485,4.8,3.4,0.718,7.3,0.309,3.1,0.131,15.7,0.663,1.2,0.051,22.3,30.8,54.6,0.074,0.102,2.4,302.4,301.7,42.8,6.1,0.394,7.1,1.9,0.265,23.1,8.1,0.353,18.2,57.2,43.9,64.4,33.9,56.3,13.5,0.602,0.792,7.2,0.212,26.7,10.9,24.2,2.3,0.45,0.498,7.0,0.64,3.9,44.8,80.5,15.8,0.556,0.692,14.2,0.316,30.6,4.08,3.84,4.3,86921.88,16.46,7.49,8.97,242.4,15.2,1.3,0.083,3.4,1.8,0.531,0.6,0.04,0.8,0.7,0.818,10.7,0.701,4.3,0.284,0.5,0.032,423.9,18.2,0.8,0.046,10.3,6.4,0.615,2.7,0.147,3.3,2.3,0.695,4.1,0.224,15.1,0.829,1.0,0.056,423.9,15.2,0.5,0.033,8.9,5.7,0.638,2.3,0.152,3.0,2.1,0.707,3.0,0.198,13.5,0.892,0.9,0.061,423.9,106.9,101.1
66,0.504,20.4,7.4,0.364,28.6,10.7,0.375,28.9,1610612742,Dallas Mavericks,2015,3.4,28.9,15.4,0.531,34.0,6.7,28.7,2.6,0.091,14.5,6.6,0.457,5.5,4.3,0.784,9.5,0.332,3.5,0.121,17.6,0.615,1.5,0.053,21.4,28.8,52.4,0.064,0.086,2.5,336.0,335.5,44.9,5.0,0.409,6.9,1.9,0.272,21.1,7.7,0.365,17.3,57.8,48.4,66.2,34.0,59.2,13.8,0.575,0.749,6.8,0.199,27.2,8.9,20.9,1.7,0.426,0.463,6.0,0.679,2.9,42.9,80.1,15.5,0.536,0.664,12.8,0.299,30.1,4.14,3.78,4.49,89120.49,16.88,7.55,9.33,244.09,20.6,1.3,0.063,4.9,2.1,0.419,1.0,0.048,1.2,0.9,0.701,13.7,0.665,5.0,0.243,0.8,0.037,458.1,15.0,0.5,0.036,8.7,5.7,0.653,2.0,0.131,3.2,2.5,0.787,3.6,0.242,13.9,0.924,0.8,0.051,458.1,12.5,0.4,0.031,7.4,5.2,0.703,1.9,0.151,2.9,2.2,0.759,2.7,0.214,12.6,1.01,0.5,0.042,458.1,103.3,103.3
67,0.505,16.5,5.9,0.359,22.7,8.5,0.375,23.0,1610612743,Denver Nuggets,2015,4.6,31.1,16.3,0.522,33.0,7.3,28.1,2.8,0.098,13.5,5.6,0.41,6.5,5.1,0.783,9.6,0.341,3.9,0.139,16.2,0.578,1.8,0.063,22.2,30.5,52.3,0.076,0.105,2.6,291.1,290.6,44.1,5.6,0.38,6.3,1.8,0.287,19.8,6.6,0.334,15.0,56.6,49.4,65.4,33.0,59.0,14.8,0.559,0.746,6.6,0.199,26.4,11.6,27.0,2.6,0.429,0.476,7.7,0.664,3.9,44.6,86.0,17.5,0.518,0.65,14.2,0.32,30.3,4.11,3.72,4.49,87378.24,16.55,7.46,9.08,241.39,14.5,1.4,0.099,4.0,1.7,0.439,1.1,0.075,1.7,1.2,0.717,8.6,0.593,4.8,0.33,0.5,0.034,415.7,19.2,0.8,0.04,11.1,6.7,0.601,2.3,0.121,3.6,2.4,0.684,4.4,0.23,15.8,0.822,1.1,0.055,415.7,16.7,0.6,0.036,10.2,6.4,0.621,2.2,0.133,3.3,2.4,0.709,3.1,0.186,15.1,0.903,0.9,0.056,415.7,102.2,105.5
68,0.513,18.2,6.5,0.359,22.4,8.2,0.367,22.9,1610612765,Detroit Pistons,2015,3.8,30.2,16.8,0.555,33.6,7.4,25.3,1.5,0.06,14.3,6.6,0.464,5.0,3.8,0.761,6.4,0.254,3.3,0.129,17.1,0.674,1.9,0.075,18.7,25.4,45.6,0.068,0.092,2.3,275.6,274.9,38.9,4.4,0.416,7.6,2.3,0.299,23.9,8.8,0.369,19.9,56.9,48.2,65.1,33.6,56.8,13.3,0.591,0.771,6.9,0.206,26.6,13.2,27.8,3.4,0.473,0.538,9.3,0.706,3.9,46.7,84.6,16.6,0.552,0.687,16.2,0.347,30.5,4.1,3.77,4.44,88046.06,16.68,7.65,9.03,243.24,14.3,1.1,0.074,2.8,1.0,0.367,0.5,0.032,0.7,0.5,0.757,10.0,0.702,2.6,0.181,0.7,0.048,400.4,16.7,0.6,0.038,10.2,6.0,0.584,2.4,0.141,3.6,2.0,0.554,3.1,0.187,13.9,0.833,0.9,0.054,400.4,13.9,0.4,0.032,8.7,5.2,0.597,2.1,0.151,3.3,1.9,0.565,2.2,0.156,12.2,0.882,0.8,0.056,400.4,102.3,102.2
69,0.605,21.5,9.5,0.442,28.1,12.3,0.436,34.0,1610612744,Golden State Warriors,2015,6.3,33.0,15.9,0.481,36.5,8.3,19.0,1.7,0.088,10.3,4.9,0.476,5.0,3.8,0.769,5.1,0.268,3.1,0.163,13.6,0.718,1.1,0.058,29.2,41.4,70.4,0.089,0.127,3.0,326.5,326.0,52.8,9.3,0.511,8.4,3.3,0.389,20.8,9.0,0.433,21.3,61.2,50.6,70.4,36.5,62.3,13.8,0.586,0.753,8.9,0.245,27.5,10.4,21.0,2.2,0.496,0.554,6.6,0.634,3.8,46.9,83.2,16.0,0.564,0.698,15.5,0.331,31.3,4.18,3.69,4.71,89096.0,16.87,7.8,9.07,241.92,16.3,1.8,0.111,5.5,2.3,0.423,0.9,0.057,1.2,0.9,0.774,9.0,0.553,5.6,0.346,0.8,0.047,451.6,20.8,1.2,0.057,11.6,7.4,0.636,2.5,0.12,3.8,2.4,0.646,5.6,0.268,17.2,0.829,0.8,0.037,451.6,17.4,0.8,0.046,10.4,6.8,0.652,2.2,0.125,3.3,2.1,0.645,3.9,0.222,15.7,0.903,0.6,0.037,451.6,113.1,99.2
70,0.543,21.6,7.9,0.366,23.0,8.5,0.371,25.0,1610612745,Houston Rockets,2015,5.1,29.5,15.5,0.527,31.6,9.9,29.0,2.7,0.092,13.2,5.5,0.416,6.8,5.4,0.797,9.9,0.343,4.1,0.143,16.4,0.566,2.3,0.078,21.6,29.9,53.3,0.074,0.103,2.6,290.5,290.0,43.4,5.7,0.423,8.9,2.9,0.323,19.4,6.8,0.349,16.4,58.5,45.4,65.7,31.6,55.3,11.9,0.572,0.729,7.3,0.23,24.3,10.9,24.5,2.9,0.446,0.505,7.3,0.671,3.6,42.6,79.9,14.8,0.533,0.654,14.6,0.344,27.9,4.11,3.82,4.41,87812.16,16.63,7.98,8.65,242.27,11.4,0.9,0.077,3.0,1.3,0.429,0.8,0.07,1.3,0.9,0.71,6.7,0.586,3.5,0.307,0.6,0.054,414.5,18.8,0.9,0.048,10.3,6.4,0.619,2.7,0.145,4.1,2.4,0.594,4.7,0.252,15.1,0.806,1.0,0.053,414.5,15.0,0.5,0.035,8.9,5.7,0.643,2.4,0.162,3.7,2.1,0.554,2.8,0.189,13.5,0.901,0.8,0.056,414.5,104.2,106.4
71,0.491,16.5,6.1,0.369,25.1,9.3,0.37,24.6,1610612754,Indiana Pacers,2015,4.6,30.8,15.9,0.515,33.4,9.3,21.6,1.9,0.089,10.7,4.8,0.45,5.4,4.2,0.774,6.5,0.298,3.4,0.156,13.8,0.64,1.8,0.081,20.3,28.0,48.6,0.066,0.092,2.7,305.7,305.2,43.3,5.0,0.4,6.7,2.1,0.308,24.8,8.9,0.358,19.8,56.7,49.5,63.7,33.4,59.7,14.1,0.559,0.732,7.4,0.221,26.0,10.7,24.9,2.8,0.429,0.485,6.9,0.647,3.8,44.1,84.6,16.9,0.521,0.651,14.3,0.324,29.8,4.13,3.81,4.45,88302.58,16.72,7.73,8.99,242.83,17.9,1.6,0.09,4.6,1.8,0.403,1.0,0.054,1.4,1.0,0.697,11.2,0.624,4.7,0.264,0.8,0.047,430.3,17.3,0.8,0.045,9.7,5.9,0.609,2.0,0.113,3.0,2.1,0.69,4.6,0.264,13.8,0.8,0.9,0.05,430.3,14.4,0.5,0.038,8.4,5.3,0.627,1.9,0.133,2.9,2.0,0.675,3.0,0.209,12.5,0.871,0.7,0.051,430.3,102.0,99.6
72,0.539,17.8,6.7,0.378,24.8,10.0,0.403,26.7,1610612746,Los Angeles Clippers,2015,5.4,27.7,14.2,0.512,33.2,8.2,20.9,1.8,0.088,10.5,5.2,0.498,4.9,3.9,0.797,6.2,0.295,3.1,0.15,14.4,0.686,1.5,0.074,22.6,30.3,54.0,0.078,0.105,2.4,290.0,289.4,43.5,5.3,0.429,7.6,2.4,0.319,28.3,10.9,0.387,24.3,62.1,42.7,69.5,33.2,56.9,12.5,0.584,0.749,8.4,0.252,24.8,9.2,18.1,1.3,0.505,0.544,6.0,0.652,3.2,42.4,75.0,13.8,0.565,0.693,14.3,0.339,28.0,4.03,3.77,4.3,86187.64,16.32,7.65,8.67,242.36,16.3,1.3,0.081,4.8,2.1,0.439,1.0,0.061,1.2,0.8,0.703,9.7,0.595,5.1,0.313,0.7,0.042,411.8,13.1,0.4,0.032,7.5,5.2,0.694,2.0,0.154,2.9,1.7,0.578,2.8,0.214,12.1,0.921,0.8,0.059,411.8,12.2,0.3,0.025,7.3,5.2,0.707,1.9,0.158,2.9,1.6,0.566,2.1,0.17,12.0,0.988,0.8,0.063,411.8,106.2,101.1
73,0.48,14.5,5.0,0.346,22.0,8.0,0.366,21.1,1610612747,Los Angeles Lakers,2015,4.4,28.2,15.8,0.561,32.5,7.2,23.3,1.5,0.063,13.0,5.6,0.427,5.2,3.8,0.735,5.7,0.244,3.2,0.138,15.0,0.643,1.8,0.076,18.2,23.5,43.2,0.066,0.085,1.9,277.5,276.8,37.4,3.4,0.387,8.9,2.5,0.276,28.0,9.6,0.343,21.7,61.7,54.5,70.6,32.5,57.5,13.2,0.565,0.733,6.9,0.211,25.6,10.5,25.8,2.8,0.408,0.458,6.6,0.629,4.0,43.0,83.3,16.0,0.516,0.639,13.5,0.313,29.6,4.14,3.84,4.43,87837.16,16.64,7.55,9.09,240.45,16.6,1.4,0.085,4.8,1.9,0.407,0.7,0.042,1.0,0.7,0.709,10.4,0.627,4.6,0.278,0.6,0.037,399.3,14.9,0.7,0.048,7.7,4.4,0.577,1.9,0.126,2.7,2.0,0.736,4.1,0.278,10.9,0.729,0.7,0.049,399.3,12.3,0.5,0.041,6.7,4.0,0.593,1.6,0.127,2.2,1.7,0.746,3.1,0.25,9.7,0.782,0.5,0.038,399.3,97.5,108.2
74,0.501,13.5,4.9,0.364,24.2,9.6,0.399,24.2,1610612763,Memphis Grizzlies,2015,4.4,25.2,13.0,0.516,31.1,8.7,21.1,1.4,0.065,12.0,5.2,0.435,5.5,4.4,0.786,5.4,0.257,3.5,0.164,14.8,0.7,1.0,0.046,21.3,28.9,49.5,0.069,0.094,2.3,309.1,308.5,42.5,5.3,0.399,3.7,1.0,0.267,16.1,5.9,0.369,12.8,57.7,40.2,61.3,31.1,52.6,11.1,0.591,0.75,6.5,0.208,24.6,9.8,23.0,2.7,0.426,0.482,6.9,0.702,2.9,40.9,75.6,13.8,0.541,0.662,13.3,0.326,27.5,4.03,3.79,4.25,86063.15,16.3,7.45,8.85,242.36,26.1,2.1,0.081,5.8,3.0,0.51,0.7,0.027,1.0,0.9,0.904,18.5,0.709,6.9,0.265,0.8,0.03,428.8,20.9,0.9,0.042,11.4,6.2,0.543,2.7,0.128,3.8,3.0,0.797,5.1,0.245,15.5,0.739,1.3,0.063,428.8,15.5,0.5,0.034,8.8,4.9,0.563,2.1,0.138,3.2,2.5,0.798,3.5,0.227,12.4,0.802,0.8,0.051,428.8,102.1,102.9
75,0.492,15.9,5.5,0.343,23.4,8.8,0.376,23.0,1610612748,Miami Heat,2015,6.5,30.1,15.5,0.515,34.1,6.4,28.4,2.9,0.103,12.9,6.5,0.503,6.0,4.5,0.748,10.2,0.358,3.7,0.13,17.5,0.617,2.0,0.07,20.1,26.3,46.8,0.067,0.087,1.8,301.0,300.3,40.8,4.3,0.38,2.5,0.6,0.237,18.8,6.8,0.364,14.3,61.4,38.1,63.7,34.1,56.1,12.7,0.608,0.787,6.9,0.202,27.2,9.0,21.3,2.2,0.423,0.472,6.5,0.718,2.5,43.1,77.4,14.9,0.557,0.69,13.3,0.31,29.8,4.09,3.77,4.4,87153.0,16.51,7.49,9.02,241.41,22.8,1.7,0.075,6.5,2.8,0.442,1.2,0.053,1.8,1.5,0.83,13.9,0.609,7.2,0.314,0.8,0.036,419.0,16.1,0.6,0.036,9.3,5.8,0.625,2.2,0.138,3.0,2.2,0.745,3.3,0.203,13.8,0.86,1.2,0.074,419.0,13.6,0.5,0.036,8.2,5.3,0.648,1.9,0.14,2.8,2.1,0.753,2.5,0.185,12.8,0.939,0.9,0.064,419.0,101.4,100.6
76,0.509,12.6,4.7,0.374,18.6,7.1,0.382,18.9,1610612749,Milwaukee Bucks,2015,5.6,31.8,16.0,0.505,31.1,7.8,27.3,2.3,0.083,14.0,6.3,0.453,5.1,3.8,0.745,8.5,0.31,3.2,0.118,16.5,0.602,2.0,0.073,22.9,31.2,52.4,0.078,0.106,2.6,292.9,292.3,42.5,5.6,0.376,2.7,0.7,0.267,16.6,5.9,0.355,12.5,55.2,38.6,60.0,31.1,56.4,12.9,0.551,0.716,7.5,0.241,23.6,10.6,23.5,2.8,0.452,0.514,7.4,0.695,3.3,41.7,79.8,15.8,0.522,0.651,14.9,0.356,26.9,4.19,3.91,4.48,89106.63,16.88,8.03,8.84,241.39,24.6,1.9,0.076,4.9,2.3,0.461,1.3,0.053,1.8,1.5,0.814,17.0,0.693,6.1,0.247,1.1,0.043,413.5,22.2,1.1,0.049,12.6,7.7,0.611,2.7,0.122,4.1,2.7,0.676,5.3,0.239,18.1,0.817,1.1,0.051,413.5,18.2,0.8,0.042,10.7,6.8,0.631,2.4,0.132,3.8,2.5,0.665,3.8,0.209,16.1,0.881,0.9,0.051,413.5,101.6,106.0
77,0.477,11.0,3.6,0.329,21.3,8.3,0.392,20.3,1610612750,Minnesota Timberwolves,2015,4.5,32.0,17.1,0.535,32.0,7.5,21.5,1.5,0.069,10.8,5.0,0.461,6.5,5.1,0.781,5.9,0.275,3.9,0.181,15.1,0.699,1.5,0.071,22.4,29.7,50.3,0.079,0.105,2.4,281.9,281.4,43.3,5.0,0.376,3.9,1.2,0.303,20.8,7.3,0.348,15.7,60.9,41.9,64.7,32.0,55.6,13.3,0.574,0.755,7.6,0.238,24.4,10.2,23.8,3.1,0.43,0.494,6.8,0.66,3.5,42.2,79.5,16.4,0.531,0.67,14.4,0.341,27.8,4.12,3.84,4.4,87764.56,16.62,7.83,8.79,242.31,22.8,2.2,0.095,6.9,3.2,0.464,1.1,0.05,1.6,1.2,0.759,13.5,0.591,7.6,0.334,1.1,0.047,403.3,18.1,0.7,0.039,10.9,6.3,0.577,2.7,0.151,4.0,3.0,0.752,3.4,0.19,15.5,0.861,0.9,0.051,403.3,15.2,0.4,0.029,9.6,5.7,0.592,2.4,0.161,3.5,2.7,0.754,2.3,0.153,14.0,0.923,0.8,0.054,403.3,103.0,106.1
78,0.526,16.9,6.2,0.369,22.8,8.8,0.389,23.9,1610612740,New Orleans Pelicans,2015,4.8,27.8,14.8,0.532,32.9,7.8,30.8,2.5,0.081,16.0,7.5,0.47,5.8,4.7,0.799,9.6,0.313,3.7,0.121,19.7,0.639,2.0,0.065,21.7,28.0,51.9,0.073,0.094,2.2,296.5,296.1,41.5,4.1,0.422,6.8,2.2,0.326,24.2,9.1,0.376,20.4,56.4,40.1,61.5,32.9,54.7,11.8,0.601,0.766,6.4,0.193,26.5,9.5,20.9,1.8,0.456,0.499,6.5,0.683,3.0,42.4,75.6,13.6,0.561,0.684,12.8,0.303,29.5,4.21,3.78,4.68,89744.17,17.0,7.89,9.11,241.42,15.8,1.1,0.069,5.8,2.7,0.469,1.0,0.062,1.4,1.1,0.808,8.4,0.533,6.6,0.416,0.5,0.031,418.4,12.6,0.4,0.033,7.3,4.6,0.63,1.7,0.138,2.9,2.1,0.716,2.7,0.217,11.3,0.897,0.6,0.048,418.4,11.1,0.3,0.029,6.6,4.3,0.644,1.6,0.142,2.6,1.9,0.717,2.1,0.188,10.4,0.942,0.6,0.053,418.4,103.3,106.6
79,0.483,16.9,5.8,0.346,27.0,10.1,0.375,26.1,1610612752,New York Knicks,2015,5.6,29.6,14.0,0.474,33.4,5.9,15.3,1.1,0.075,8.0,3.6,0.447,4.8,3.8,0.784,4.2,0.275,3.0,0.194,10.9,0.71,0.8,0.051,20.4,28.2,48.8,0.059,0.081,2.4,346.6,346.0,44.3,5.4,0.419,4.0,1.2,0.294,22.3,8.8,0.393,18.7,62.5,48.5,70.4,33.4,55.2,10.9,0.605,0.754,6.2,0.185,27.2,10.5,22.2,2.4,0.474,0.531,7.3,0.696,3.2,43.9,77.4,13.3,0.568,0.685,13.5,0.308,30.4,4.14,3.8,4.48,88544.76,16.77,7.49,9.28,242.27,23.1,2.0,0.086,7.0,2.8,0.401,1.4,0.062,2.1,1.6,0.761,13.4,0.581,7.2,0.314,0.9,0.038,466.4,18.4,0.9,0.046,10.1,5.8,0.576,2.2,0.118,3.3,2.8,0.852,5.1,0.278,14.4,0.784,0.9,0.049,466.4,14.6,0.5,0.031,8.9,5.1,0.578,1.9,0.132,2.9,2.5,0.852,2.7,0.188,12.8,0.875,0.9,0.061,466.4,102.1,104.7
80,0.538,14.4,5.5,0.383,22.5,9.3,0.415,24.2,1610612760,Oklahoma City Thunder,2015,6.4,31.6,15.8,0.501,34.9,7.6,25.1,2.3,0.092,12.4,5.9,0.479,6.0,4.8,0.798,7.7,0.307,3.7,0.149,16.7,0.664,2.0,0.081,22.4,29.1,52.0,0.085,0.111,2.3,263.1,262.6,42.4,4.5,0.441,7.5,2.4,0.321,23.8,9.3,0.39,21.0,55.8,41.5,60.3,34.9,59.6,13.6,0.586,0.759,6.9,0.199,28.0,12.8,27.0,3.6,0.475,0.549,9.0,0.703,3.8,47.7,86.6,17.3,0.551,0.688,15.9,0.334,31.8,4.08,3.7,4.47,87047.59,16.49,7.61,8.87,241.85,14.7,1.1,0.074,4.7,2.3,0.494,0.7,0.047,1.1,0.9,0.807,8.2,0.556,5.6,0.38,0.8,0.053,388.2,15.9,0.5,0.033,9.3,6.1,0.653,2.1,0.136,3.3,2.4,0.719,3.1,0.194,14.5,0.915,1.0,0.064,388.2,14.2,0.5,0.035,8.4,5.4,0.649,2.0,0.138,3.0,2.1,0.707,2.7,0.189,13.0,0.917,0.8,0.057,388.2,110.2,101.6
81,0.518,17.9,6.6,0.37,28.7,11.6,0.402,29.8,1610612753,Orlando Magic,2015,5.1,30.1,15.8,0.524,33.2,8.0,26.6,2.0,0.075,14.6,6.3,0.435,5.8,4.4,0.762,6.9,0.261,3.7,0.139,17.1,0.642,2.1,0.078,22.8,30.0,53.7,0.072,0.095,1.7,316.8,316.4,46.7,5.4,0.391,3.7,1.0,0.272,16.9,6.1,0.361,13.3,55.2,45.3,61.5,33.2,60.0,14.9,0.554,0.738,7.3,0.221,25.9,10.5,23.0,2.4,0.456,0.51,7.2,0.685,3.3,43.7,83.0,17.4,0.527,0.667,14.5,0.332,29.2,4.33,3.98,4.69,93068.73,17.63,8.07,9.56,243.43,15.4,1.1,0.072,4.9,2.3,0.468,0.7,0.043,0.9,0.6,0.652,9.0,0.584,5.2,0.339,0.7,0.043,437.4,17.0,0.6,0.038,9.8,5.5,0.559,1.8,0.105,2.4,1.7,0.73,4.7,0.276,12.7,0.747,0.7,0.042,437.4,11.9,0.4,0.033,7.2,4.2,0.582,1.6,0.138,2.4,1.6,0.675,2.6,0.221,10.0,0.839,0.5,0.038,437.4,101.0,103.1
82,0.496,19.3,6.7,0.347,23.7,8.4,0.355,23.5,1610612755,Philadelphia 76ers,2015,6.7,34.9,17.0,0.487,32.3,8.4,37.3,3.6,0.096,16.6,7.1,0.43,6.7,4.5,0.681,13.2,0.355,4.2,0.114,18.8,0.504,3.7,0.099,20.7,26.5,49.4,0.064,0.082,2.1,323.9,323.5,42.5,3.7,0.373,5.8,1.6,0.279,16.9,5.5,0.326,12.6,61.0,44.8,67.1,32.3,59.0,14.5,0.547,0.725,6.9,0.214,25.4,9.7,23.1,2.7,0.421,0.477,6.4,0.662,3.3,42.0,82.1,17.2,0.512,0.647,13.3,0.317,28.7,4.33,3.98,4.65,92083.02,17.44,7.87,9.57,241.88,14.5,0.7,0.048,4.5,2.1,0.452,1.0,0.068,1.2,0.9,0.712,7.9,0.546,5.0,0.347,0.9,0.06,449.0,17.1,0.8,0.045,9.3,5.9,0.636,1.9,0.112,3.1,2.1,0.673,4.2,0.246,13.9,0.812,1.2,0.067,449.0,13.3,0.5,0.04,8.0,5.1,0.638,1.6,0.119,2.4,1.5,0.651,2.7,0.203,11.7,0.881,0.7,0.054,449.0,94.5,104.6
83,0.539,17.7,7.1,0.398,23.9,9.4,0.391,25.8,1610612756,Phoenix Suns,2015,3.9,26.5,14.0,0.528,32.4,8.2,26.7,1.8,0.066,13.8,6.0,0.435,5.7,4.3,0.756,7.6,0.285,3.7,0.14,16.3,0.61,2.1,0.077,20.6,27.5,49.9,0.067,0.089,1.9,310.2,309.6,42.4,5.0,0.406,6.4,1.9,0.29,22.5,8.2,0.365,18.3,54.5,45.0,61.8,32.4,55.2,12.7,0.586,0.761,6.8,0.211,25.5,10.6,26.3,3.3,0.404,0.462,7.1,0.672,3.5,43.0,81.5,15.9,0.527,0.656,14.0,0.325,29.0,4.17,3.89,4.45,88348.96,16.73,7.85,8.88,240.46,18.4,1.4,0.078,4.7,1.9,0.417,0.8,0.041,1.0,0.8,0.778,11.9,0.643,4.8,0.258,0.8,0.044,434.7,16.9,0.8,0.047,9.3,5.4,0.579,2.1,0.126,3.1,2.2,0.698,4.2,0.247,13.0,0.769,1.1,0.065,434.7,13.4,0.6,0.043,7.8,4.7,0.601,1.9,0.14,2.8,2.0,0.712,2.9,0.213,11.4,0.848,0.8,0.058,434.7,99.7,107.0
84,0.54,19.9,7.4,0.373,24.7,9.6,0.39,26.7,1610612757,Portland Trail Blazers,2015,4.2,28.9,14.6,0.506,34.0,6.9,26.5,1.9,0.072,13.7,5.8,0.423,5.3,4.2,0.799,7.8,0.294,3.4,0.129,15.9,0.599,2.0,0.077,21.3,28.9,51.6,0.075,0.101,2.3,285.9,285.4,43.3,5.3,0.459,7.9,2.5,0.321,25.6,10.5,0.41,23.5,57.5,51.7,64.5,34.0,59.9,14.6,0.568,0.75,7.2,0.211,26.8,11.9,27.9,2.6,0.426,0.469,7.4,0.618,4.6,45.9,87.8,17.1,0.523,0.649,14.5,0.317,31.4,4.22,3.81,4.63,89776.74,17.0,7.59,9.42,241.39,16.5,1.7,0.102,3.9,1.5,0.379,0.9,0.056,1.1,0.7,0.581,10.4,0.632,3.7,0.224,0.8,0.049,408.1,13.1,0.6,0.044,6.6,4.3,0.657,1.7,0.13,2.7,1.6,0.6,3.5,0.267,10.3,0.787,0.8,0.06,408.1,11.6,0.5,0.043,5.9,3.8,0.645,1.7,0.15,2.7,1.6,0.605,2.8,0.243,9.2,0.797,0.7,0.062,408.1,104.4,104.3
85,0.519,18.4,6.7,0.362,24.8,9.5,0.384,25.7,1610612758,Sacramento Kings,2015,4.5,27.6,14.5,0.526,34.4,8.6,29.5,2.6,0.087,15.2,6.8,0.451,5.9,4.5,0.759,8.3,0.283,3.8,0.128,18.2,0.615,2.7,0.092,25.1,33.5,59.2,0.088,0.117,2.9,285.5,285.1,48.4,5.6,0.42,4.0,1.3,0.333,16.2,6.1,0.379,13.6,56.8,45.8,65.1,34.4,58.7,12.6,0.586,0.747,6.8,0.198,27.6,10.8,25.0,2.9,0.432,0.488,7.2,0.663,3.6,45.2,83.7,15.5,0.54,0.663,14.0,0.309,31.2,4.19,3.84,4.57,89513.35,16.95,7.98,8.98,242.4,12.3,1.0,0.078,4.7,2.2,0.479,0.8,0.066,1.0,0.7,0.654,6.2,0.502,5.1,0.418,0.6,0.05,412.5,20.3,0.8,0.037,11.9,7.2,0.604,2.8,0.135,4.3,3.0,0.709,4.6,0.227,17.4,0.855,0.9,0.045,412.5,15.8,0.6,0.038,9.9,6.2,0.632,2.2,0.141,3.5,2.4,0.689,2.9,0.184,14.9,0.942,0.7,0.045,412.5,103.2,106.2
86,0.558,15.3,6.3,0.414,25.3,10.9,0.432,28.2,1610612759,San Antonio Spurs,2015,5.9,28.9,14.4,0.5,35.2,8.1,26.0,2.5,0.097,12.6,6.1,0.481,4.3,3.5,0.8,9.5,0.365,2.8,0.109,15.6,0.601,1.5,0.058,25.2,34.5,58.1,0.075,0.103,1.6,336.2,335.9,45.6,7.7,0.424,3.2,0.9,0.293,21.0,8.5,0.402,17.8,66.8,44.1,72.9,35.2,56.7,12.5,0.622,0.798,8.0,0.226,27.2,9.4,20.6,2.4,0.455,0.515,6.4,0.684,3.0,44.6,77.3,14.9,0.577,0.716,14.4,0.323,30.2,4.29,3.91,4.65,90706.3,17.18,7.55,9.63,240.0,20.9,2.2,0.105,4.9,2.4,0.496,0.6,0.031,0.8,0.7,0.881,14.4,0.688,5.6,0.268,0.8,0.036,455.0,22.3,1.3,0.057,12.0,7.3,0.609,2.8,0.123,3.4,2.7,0.796,6.5,0.292,17.4,0.778,1.0,0.046,455.0,17.2,0.8,0.045,9.9,6.2,0.627,2.1,0.12,2.9,2.3,0.805,4.3,0.252,14.8,0.858,0.7,0.042,455.0,109.3,95.2
87,0.55,17.6,7.0,0.4,22.5,8.8,0.394,24.7,1610612761,Toronto Raptors,2015,5.2,29.5,15.3,0.52,33.1,8.2,35.3,2.9,0.082,18.0,8.4,0.464,7.5,5.9,0.786,10.9,0.309,4.9,0.138,22.6,0.64,2.1,0.059,18.4,25.0,45.2,0.06,0.082,1.9,305.4,304.8,37.0,4.7,0.413,5.1,1.5,0.285,21.2,8.0,0.378,17.5,53.3,45.7,60.2,33.1,58.2,14.5,0.568,0.757,7.7,0.232,25.4,10.2,24.0,2.7,0.423,0.477,6.9,0.678,3.3,43.2,82.2,17.2,0.526,0.665,14.5,0.337,28.6,4.13,3.85,4.38,87366.53,16.55,7.33,9.21,240.49,12.7,0.9,0.068,3.3,1.5,0.452,0.6,0.045,0.8,0.6,0.767,8.5,0.664,3.6,0.284,0.4,0.032,425.1,13.3,0.4,0.029,7.4,4.7,0.635,1.7,0.128,2.5,1.8,0.692,3.0,0.226,11.1,0.835,0.8,0.063,425.1,10.3,0.3,0.031,6.1,4.0,0.663,1.5,0.151,2.3,1.6,0.703,1.8,0.176,9.7,0.941,0.6,0.059,425.1,105.8,101.5
88,0.527,17.1,6.5,0.377,22.7,8.7,0.385,23.9,1610612762,Utah Jazz,2015,5.1,28.6,13.8,0.484,31.7,7.8,29.6,2.4,0.082,14.3,6.3,0.439,7.1,5.4,0.769,9.4,0.319,4.4,0.147,18.0,0.607,2.1,0.071,18.4,24.8,44.9,0.052,0.07,2.3,354.2,353.8,39.9,4.1,0.417,5.8,1.8,0.306,22.1,8.3,0.377,18.4,58.1,48.9,69.3,31.7,54.1,12.1,0.585,0.754,7.2,0.226,24.5,10.9,24.7,2.8,0.442,0.499,7.4,0.675,3.6,42.6,78.9,14.9,0.541,0.666,14.6,0.341,28.1,4.21,3.89,4.5,90459.58,17.13,7.54,9.6,243.85,25.3,1.4,0.055,4.6,1.8,0.395,0.8,0.031,1.1,0.8,0.672,18.6,0.734,4.4,0.176,0.9,0.036,472.5,15.3,0.6,0.039,8.0,5.0,0.625,1.8,0.118,2.5,1.8,0.697,4.5,0.296,11.8,0.77,0.8,0.055,472.5,12.8,0.5,0.042,6.6,4.0,0.616,1.7,0.131,2.5,1.7,0.703,3.7,0.287,9.8,0.767,0.7,0.051,472.5,103.0,102.4
89,0.528,19.6,7.2,0.37,27.6,10.9,0.397,29.1,1610612764,Washington Wizards,2015,3.8,28.8,15.4,0.533,31.2,8.9,24.9,2.4,0.098,11.7,5.8,0.493,6.1,4.7,0.76,8.1,0.324,4.0,0.16,16.2,0.652,1.9,0.078,24.0,31.6,57.1,0.079,0.104,2.5,305.0,304.5,47.7,5.2,0.405,4.4,1.5,0.333,21.9,8.1,0.372,17.7,60.5,44.9,67.3,31.2,54.3,12.3,0.575,0.743,6.2,0.2,25.0,8.6,21.7,2.2,0.397,0.443,5.2,0.601,3.4,39.8,76.0,14.5,0.524,0.648,11.4,0.287,28.4,4.22,3.82,4.65,89122.33,16.88,8.03,8.85,240.0,13.1,0.9,0.069,3.8,1.9,0.497,0.6,0.043,0.6,0.5,0.788,8.3,0.63,4.4,0.332,0.6,0.043,425.8,15.6,0.4,0.025,8.7,5.3,0.605,1.9,0.123,2.9,2.0,0.682,3.7,0.24,12.6,0.804,0.9,0.055,425.8,14.2,0.4,0.025,8.5,5.2,0.612,1.8,0.127,2.7,1.8,0.662,2.8,0.196,12.2,0.856,0.9,0.061,425.8,102.5,104.8
