,AVG_DRIB_PER_TOUCH,AVG_SEC_PER_TOUCH,ELBOW_TOUCHES,FRONT_CT_TOUCHES,GP,L,MIN,PAINT_TOUCHES,PLAYER_ID,PLAYER_NAME,POINTS,POST_TOUCHES,PTS_PER_ELBOW_TOUCH,PTS_PER_PAINT_TOUCH,PTS_PER_POST_TOUCH,PTS_PER_TOUCH,TEAM_ABBREVIATION,TEAM_ID,TIME_OF_POSS,TOUCHES,W
0,0.35,1.58,4,53,17,14,77.0,6,1627773,AJ Hammons,24,11,0.0,0.667,0.364,0.312,DAL,1610612742,2.0,77,3
1,6.29,5.6,4,996,36,16,531.0,2,201166,Aaron Brooks,203,4,0.5,0.0,0.5,0.182,IND,1610612754,104.3,1118,20
2,1.5,2.17,35,1300,43,26,1172.0,53,203932,Aaron Gordon,491,77,0.314,1.321,0.935,0.321,ORL,1610612753,55.4,1530,17
3,2.16,2.93,3,25,5,3,17.0,0,1626151,Aaron Harrison,1,1,0.0,0.0,0.0,0.036,CHA,1610612766,1.4,28,2
4,0.53,1.54,13,103,10,7,88.0,11,203940,Adreian Payne,48,11,0.615,0.545,0.545,0.259,MIN,1610612750,4.7,185,3
5,0.74,1.65,103,1517,31,10,1023.0,80,201143,Al Horford,477,110,0.155,0.838,0.745,0.222,BOS,1610612738,59.2,2152,21
6,0.49,1.88,101,612,39,18,589.0,71,2744,Al Jefferson,317,98,0.287,1.38,1.102,0.323,IND,1610612754,30.7,982,21
7,0.97,1.62,28,536,25,14,697.0,27,202329,Al-Farouq Aminu,180,28,0.214,0.593,0.786,0.175,POR,1610612757,27.8,1028,11
8,1.07,1.98,2,131,16,6,184.0,2,101187,Alan Anderson,49,3,0.0,1.0,1.333,0.257,LAC,1610612746,6.3,191,10
9,0.41,1.15,12,83,15,13,115.0,12,1626210,Alan Williams,47,14,0.083,0.917,0.929,0.29,PHX,1610612756,3.1,162,2
10,2.51,3.04,0,57,7,2,45.0,1,202692,Alec Burks,18,1,0.0,0.0,0.0,0.273,UTA,1610612762,3.3,66,5
11,0.82,1.51,17,467,36,17,512.0,3,203518,Alex Abrines,204,5,0.353,0.0,0.4,0.321,OKC,1610612760,16.0,636,19
12,0.27,1.19,84,565,37,26,795.0,133,203458,Alex Len,303,160,0.333,0.917,0.838,0.264,PHX,1610612756,22.7,1148,11
13,0.23,1.12,34,230,21,15,297.0,29,201582,Alexis Ajinca,90,36,0.294,0.966,0.944,0.176,NOP,1610612740,9.5,511,6
14,0.58,1.39,40,1061,43,25,1260.0,24,203459,Allen Crabbe,462,34,0.625,0.75,0.676,0.315,POR,1610612757,33.8,1465,18
15,1.25,1.53,3,74,13,9,89.0,5,202087,Alonzo Gee,11,5,0.0,0.4,0.4,0.115,DEN,1610612743,2.4,96,4
16,0.47,1.37,60,789,40,15,814.0,104,101161,Amir Johnson,252,123,0.1,1.019,0.943,0.201,BOS,1610612738,28.7,1256,25
17,0.74,1.69,13,85,10,2,68.0,6,2760,Anderson Varejao,13,8,0.308,0.667,0.375,0.087,GSW,1610612744,4.2,149,8
18,0.6,1.64,89,1027,41,23,1270.0,277,203083,Andre Drummond,605,307,0.213,0.989,0.977,0.313,DET,1610612765,52.8,1934,18
19,1.82,2.57,46,1110,40,5,1002.0,53,2738,Andre Iguodala,236,75,0.13,0.642,0.773,0.167,GSW,1610612744,60.5,1411,35
20,0.47,1.24,22,942,43,18,1330.0,52,203460,Andre Roberson,290,68,0.136,0.942,0.882,0.199,OKC,1610612760,30.1,1455,25
21,0.48,1.58,94,453,22,16,518.0,45,101106,Andrew Bogut,67,48,0.043,0.622,0.583,0.076,DAL,1610612742,23.1,880,6
22,5.05,5.01,32,1946,40,17,1001.0,14,1626150,Andrew Harrison,280,18,0.156,0.643,0.389,0.127,MEM,1610612763,184.3,2208,23
23,0.42,1.51,23,181,25,10,221.0,20,203094,Andrew Nicholson,69,26,0.261,0.9,0.962,0.211,WAS,1610612764,8.2,327,15
24,2.22,3.26,86,1811,41,27,1511.0,65,203952,Andrew Wiggins,897,99,0.523,1.0,0.768,0.422,MIN,1610612750,115.3,2124,14
25,0.42,1.14,6,185,20,17,213.0,19,203461,Anthony Bennett,91,23,0.333,0.895,0.913,0.257,BKN,1610612751,6.7,354,3
26,1.26,1.94,1,125,9,6,143.0,3,1626148,Anthony Brown,34,3,0.0,0.667,0.667,0.2,NOP,1610612740,5.5,170,3
27,0.8,1.77,265,1920,39,24,1434.0,137,203076,Anthony Davis,1130,142,0.57,1.015,1.028,0.376,NOP,1610612740,89.0,3009,15
28,0.77,1.46,9,362,30,13,468.0,2,201627,Anthony Morrow,170,5,1.444,0.0,0.8,0.415,OKC,1610612760,10.0,410,17
29,0.25,1.25,87,512,28,16,599.0,27,201229,Anthony Tolliver,189,28,0.046,0.963,0.929,0.21,SAC,1610612758,18.8,902,12
30,3.08,3.45,2,34,3,2,30.0,0,203462,Archie Goodwin,15,1,0.0,0.0,0.0,0.395,NOP,1610612740,2.2,38,1
31,0.34,1.6,7,35,8,5,28.0,3,202620,Arinze Onuaku,4,7,0.286,0.0,0.0,0.073,ORL,1610612753,1.5,55,3
32,0.31,1.38,65,357,40,22,598.0,103,203382,Aron Baynes,164,109,0.154,0.893,0.835,0.273,DET,1610612765,13.9,601,18
33,1.34,2.09,35,739,33,20,764.0,21,201167,Arron Afflalo,245,32,0.343,0.714,0.781,0.271,SAC,1610612758,31.5,905,13
34,3.79,3.92,22,1575,41,14,1078.0,10,203085,Austin Rivers,452,18,0.0,0.7,0.389,0.246,LAC,1610612746,119.8,1836,27
35,1.9,2.33,60,1598,36,14,1257.0,45,202340,Avery Bradley,636,52,0.467,1.2,1.192,0.308,BOS,1610612738,80.3,2065,22
36,1.18,1.84,33,475,31,16,479.0,17,203463,Ben McLemore,169,23,0.424,1.0,0.913,0.269,SAC,1610612758,19.3,629,15
37,6.03,5.45,11,903,26,13,399.0,5,2757,Beno Udrih,160,4,0.182,0.4,0.5,0.157,DET,1610612765,92.8,1021,13
38,0.29,1.36,134,881,42,25,1043.0,158,202687,Bismack Biyombo,257,176,0.142,0.722,0.739,0.141,ORL,1610612753,41.3,1823,17
39,1.16,2.05,247,1472,26,7,875.0,87,201933,Blake Griffin,551,102,0.308,0.736,0.637,0.256,LAC,1610612746,73.6,2156,19
40,0.56,1.64,14,143,19,10,139.0,36,1626246,Boban Marjanovic,77,50,0.143,0.972,0.92,0.356,DET,1610612765,5.9,216,9
41,4.56,4.69,0,50,10,3,33.0,0,201628,Bobby Brown,5,0,0.0,0.0,0.0,0.096,HOU,1610612745,4.1,52,7
42,0.48,1.33,18,332,27,16,336.0,31,1626171,Bobby Portis,111,34,0.222,0.645,0.588,0.192,CHI,1610612741,12.8,577,11
43,1.87,2.44,30,1255,36,29,963.0,27,202711,Bojan Bogdanovic,505,30,0.7,0.926,0.9,0.354,BKN,1610612751,58.0,1428,7
44,0.84,1.89,102,865,34,13,636.0,19,2564,Boris Diaw,166,39,0.059,0.737,0.462,0.133,UTA,1610612762,39.4,1250,21
45,2.48,2.78,111,1510,36,16,1230.0,29,203078,Bradley Beal,810,33,0.414,1.034,0.848,0.434,WAS,1610612764,86.6,1867,20
46,0.6,1.65,30,315,27,10,315.0,45,101138,Brandon Bass,148,49,0.4,0.911,0.918,0.301,LAC,1610612746,13.5,492,17
47,2.99,3.47,32,1537,45,30,1248.0,31,1627742,Brandon Ingram,363,42,0.406,1.0,0.786,0.178,LAL,1610612747,117.7,2037,15
48,4.76,4.57,6,2195,42,24,981.0,17,201943,Brandon Jennings,348,20,0.333,0.235,0.2,0.142,NYK,1610612752,186.7,2452,18
49,3.9,3.91,17,1516,37,26,831.0,5,202688,Brandon Knight,458,16,0.118,1.0,0.438,0.255,PHX,1610612756,117.1,1799,11
50,0.76,1.53,1,171,16,12,222.0,1,201575,Brandon Rush,50,1,0.0,0.0,0.0,0.229,MIN,1610612750,5.6,218,4
51,6.27,5.96,2,116,10,5,56.0,2,203148,Brian Roberts,16,1,0.0,0.0,0.0,0.133,CHA,1610612766,11.9,120,5
52,1.02,1.98,97,1337,34,27,1006.0,85,201572,Brook Lopez,677,104,0.33,1.176,1.125,0.382,BKN,1610612751,58.4,1771,7
53,0.97,1.58,0,17,7,1,21.0,0,203998,Bruno Caboclo,3,0,0.0,0.0,0.0,0.115,TOR,1610612761,0.7,26,6
54,1.28,1.85,0,46,13,3,57.0,0,1627854,Bryn Forbes,10,0,0.0,0.0,0.0,0.182,SAS,1610612759,1.7,55,10
55,2.13,2.45,20,1062,42,26,842.0,11,1627741,Buddy Hield,374,18,0.1,1.182,1.056,0.311,NOP,1610612740,49.2,1203,16
56,3.8,4.03,39,2419,43,25,1482.0,26,203468,CJ McCollum,1011,26,0.667,0.885,0.654,0.358,POR,1610612757,189.4,2823,18
57,0.75,1.41,43,626,33,15,718.0,17,101139,CJ Miles,351,18,0.233,1.118,0.944,0.387,IND,1610612754,21.3,906,18
58,2.54,2.77,5,494,31,20,384.0,5,201228,CJ Watson,73,7,0.4,1.2,0.857,0.123,ORL,1610612753,27.4,594,11
59,1.32,2.06,1,70,16,10,75.0,0,203912,CJ Wilcox,14,0,0.0,0.0,0.0,0.165,ORL,1610612753,2.9,85,6
60,5.43,5.56,2,196,6,2,94.0,4,1626166,Cameron Payne,26,6,0.0,0.5,0.333,0.116,OKC,1610612760,20.7,224,4
61,1.83,2.32,1,380,19,16,341.0,2,1627747,Caris LeVert,116,4,0.0,1.0,0.75,0.252,BKN,1610612751,17.8,460,3
62,1.67,2.79,174,1975,41,23,1362.0,48,2546,Carmelo Anthony,911,69,0.638,1.0,0.812,0.381,NYK,1610612752,110.9,2388,18
63,1.3,2.23,15,411,17,6,302.0,9,202718,Chandler Parsons,108,10,0.267,0.889,0.8,0.223,MEM,1610612763,18.0,484,11
64,0.29,1.22,34,537,33,10,617.0,33,101112,Channing Frye,301,42,0.118,1.152,0.857,0.279,CLE,1610612739,22.0,1079,23
65,4.2,3.95,0,50,2,1,21.0,0,1626184,Chasson Randle,13,0,0.0,0.0,0.0,0.228,PHI,1610612755,3.7,57,1
66,0.35,1.43,7,59,7,4,84.0,5,1627767,Cheick Diallo,39,10,0.429,1.4,1.2,0.298,NOP,1610612740,3.1,131,3
67,0.41,1.27,0,10,2,1,10.0,1,1627778,Chinanu Onuaku,6,1,0.0,2.0,2.0,0.333,HOU,1610612745,0.4,18,1
68,0.33,1.39,10,75,12,4,114.0,6,2365,Chris Andersen,28,4,0.8,0.667,0.5,0.17,CLE,1610612739,3.8,165,8
69,0.46,0.92,5,55,10,10,52.0,3,1626191,Chris McCullough,29,6,1.0,0.667,0.333,0.293,BKN,1610612751,1.5,99,0
70,4.92,4.97,54,2642,36,9,1112.0,14,101108,Chris Paul,629,21,0.278,0.429,0.286,0.2,LAC,1610612746,260.2,3143,27
71,0.7,1.0,0,2,1,0,3.0,0,1626174,Christian Wood,0,0,0.0,0.0,0.0,0.0,CHA,1610612766,0.1,7,1
72,0.35,1.29,83,613,28,7,686.0,169,203991,Clint Capela,331,170,0.241,1.136,1.194,0.258,HOU,1610612745,27.6,1284,21
73,0.61,1.38,150,665,34,15,908.0,117,203469,Cody Zeller,371,104,0.393,1.017,0.962,0.392,CHA,1610612766,21.8,946,19
74,0.27,1.25,58,257,37,25,404.0,57,202332,Cole Aldrich,82,56,0.034,0.825,0.804,0.147,MIN,1610612750,11.6,558,12
75,0.89,1.49,8,529,43,11,656.0,23,201147,Corey Brewer,177,23,0.25,0.957,1.043,0.266,HOU,1610612745,16.5,665,32
76,5.86,5.06,13,1498,38,13,838.0,22,202709,Cory Joseph,332,36,0.308,0.364,0.167,0.187,TOR,1610612761,149.4,1772,25
77,1.26,2.21,36,1298,37,21,1127.0,14,201584,Courtney Lee,355,18,0.472,0.571,0.556,0.237,NYK,1610612752,55.1,1499,16
78,0.34,1.36,38,393,33,17,477.0,46,1626245,Cristiano Felicio,145,53,0.132,0.935,0.868,0.201,CHI,1610612741,16.4,721,16
79,3.64,4.33,23,1808,32,20,875.0,22,1626156,D'Angelo Russell,482,28,0.696,0.955,0.821,0.218,LAL,1610612747,159.8,2212,12
80,5.28,4.78,12,1800,43,26,868.0,2,201571,D.J. Augustin,376,3,0.0,1.0,1.333,0.188,ORL,1610612753,159.7,2005,17
81,0.8,2.0,1,3,1,1,9.0,1,1627745,Damian Jones,0,1,0.0,0.0,0.0,0.0,GSW,1610612744,0.2,6,0
82,4.84,5.14,38,2861,38,22,1352.0,31,203081,Damian Lillard,996,31,0.474,0.742,0.645,0.296,POR,1610612757,288.8,3370,16
83,0.59,1.12,6,174,24,16,171.0,1,204014,Damjan Rudez,41,1,0.0,0.0,0.0,0.144,ORL,1610612753,5.3,284,8
84,0.33,1.38,6,27,10,4,42.0,6,1627849,Daniel Ochefu,12,8,0.333,0.667,0.75,0.231,WAS,1610612764,1.2,52,6
85,1.24,2.24,41,1322,35,21,1199.0,39,201568,Danilo Gallinari,595,52,0.561,1.077,0.962,0.34,DEN,1610612743,65.1,1748,14
86,0.84,1.76,16,801,31,6,798.0,10,201980,Danny Green,242,10,0.25,0.8,0.8,0.212,SAS,1610612759,33.5,1144,25
87,0.34,1.16,28,454,29,16,725.0,20,201967,Dante Cunningham,163,22,0.25,0.65,0.636,0.193,NOP,1610612740,16.4,846,13
88,3.35,3.57,11,935,32,12,628.0,20,203957,Dante Exum,188,20,0.182,0.65,0.65,0.176,UTA,1610612762,63.7,1071,20
89,0.0,1.0,0,0,1,1,1.0,0,1627863,Danuel House,0,0,0.0,0.0,0.0,0.0,WAS,1610612764,0.0,1,0
90,0.72,1.6,110,1328,39,26,939.0,52,203967,Dario Saric,381,65,0.182,0.692,0.785,0.191,PHI,1610612755,53.1,1994,13
91,0.37,1.15,13,234,17,12,251.0,10,201589,Darrell Arthur,100,12,0.154,1.1,0.917,0.243,DEN,1610612743,7.9,411,5
92,4.38,4.53,29,1956,32,19,938.0,19,201954,Darren Collison,410,27,0.276,1.053,1.037,0.183,SAC,1610612758,169.6,2246,13
93,2.1,2.71,21,324,25,13,279.0,3,1626199,Darrun Hilliard,86,1,0.429,0.0,0.0,0.232,DET,1610612765,16.7,370,12
94,0.6,1.29,98,785,38,8,651.0,79,101135,David Lee,250,93,0.112,1.114,1.054,0.195,SAS,1610612759,27.6,1282,30
95,0.37,1.44,123,603,41,6,472.0,64,2561,David West,166,84,0.228,0.891,0.774,0.175,GSW,1610612744,22.7,948,35
96,0.45,1.04,15,295,32,4,325.0,6,202722,Davis Bertans,111,11,0.0,1.0,0.636,0.217,SAS,1610612759,8.8,512,28
97,0.22,1.19,96,940,43,14,1372.0,196,201599,DeAndre Jordan,527,206,0.063,1.388,1.311,0.244,LAC,1610612746,42.9,2163,29
98,2.62,3.07,5,553,32,8,532.0,13,202732,DeAndre Liggins,96,20,0.4,0.692,0.45,0.142,CLE,1610612739,34.6,676,24
99,1.94,2.54,4,121,15,7,106.0,14,1627761,DeAndre' Bembry,34,15,0.75,0.929,1.2,0.217,ATL,1610612737,6.7,157,8
100,3.91,4.64,75,2165,39,13,1385.0,13,201942,DeMar DeRozan,1107,11,0.493,0.615,0.364,0.462,TOR,1610612761,185.5,2398,26
101,1.03,2.27,400,2349,39,23,1348.0,100,202326,DeMarcus Cousins,1094,178,0.185,1.13,0.938,0.355,SAC,1610612758,116.7,3079,16
102,0.8,1.54,10,668,34,11,907.0,23,201960,DeMarre Carroll,347,26,1.0,1.174,1.115,0.341,TOR,1610612761,26.1,1018,23
103,5.2,5.09,8,220,20,4,114.0,4,1627749,Dejounte Murray,53,7,0.0,0.0,0.286,0.202,SAS,1610612759,22.3,263,16
104,3.96,4.35,0,26,4,3,17.0,0,1627743,Demetrius Jackson,10,0,0.0,0.0,0.0,0.385,BOS,1610612738,1.9,26,1
105,4.66,4.87,22,2975,41,17,1259.0,12,203471,Dennis Schroder,713,17,0.273,0.5,0.235,0.217,ATL,1610612737,266.3,3279,24
106,1.78,2.39,4,315,25,13,291.0,1,1627756,Denzel Valentine,79,3,0.0,0.0,0.0,0.206,CHI,1610612741,15.3,384,12
107,4.92,5.07,39,2298,31,21,941.0,16,101114,Deron Williams,425,25,0.256,0.5,0.4,0.164,DAL,1610612742,219.2,2592,10
108,0.3,1.37,98,707,28,9,646.0,103,202324,Derrick Favors,257,122,0.194,0.922,0.926,0.221,UTA,1610612762,26.5,1163,19
109,0.0,1.06,0,5,2,2,6.0,0,1627884,"Derrick Jones, Jr.",3,1,0.0,0.0,3.0,0.6,PHX,1610612756,0.1,5,0
110,3.77,4.39,21,2609,37,20,1181.0,25,201565,Derrick Rose,647,25,0.381,0.88,0.64,0.221,NYK,1610612752,213.5,2921,17
111,0.82,1.42,20,378,23,20,369.0,21,202682,Derrick Williams,146,24,0.3,0.667,0.792,0.202,MIA,1610612748,17.1,724,3
112,2.51,3.24,68,1892,38,26,1290.0,15,1626164,Devin Booker,737,26,0.5,0.6,0.269,0.347,PHX,1610612756,114.6,2121,12
113,2.2,2.75,21,448,23,14,352.0,6,2734,Devin Harris,128,12,0.0,0.833,1.083,0.225,DAL,1610612742,26.1,570,9
114,0.27,1.2,35,327,33,8,513.0,81,203473,Dewayne Dedmon,159,82,0.229,1.099,1.061,0.229,SAS,1610612759,13.9,694,25
115,0.23,1.33,27,106,21,7,165.0,15,1627738,Deyonta Davis,46,18,0.0,1.467,1.333,0.249,MEM,1610612763,4.1,185,14
116,0.69,1.43,1,13,4,0,16.0,3,1627754,Diamond Stone,6,3,0.0,0.667,0.667,0.273,LAC,1610612746,0.5,22,4
117,3.71,4.17,28,930,21,15,623.0,5,203079,Dion Waiters,269,5,0.286,0.6,0.6,0.254,MIA,1610612748,73.7,1059,6
118,0.35,1.3,42,372,14,11,342.0,13,1717,Dirk Nowitzki,184,19,0.381,0.846,0.789,0.305,DAL,1610612742,13.1,604,3
119,0.55,1.28,48,782,43,18,913.0,29,1627734,Domantas Sabonis,263,44,0.313,0.483,0.705,0.175,OKC,1610612760,32.0,1503,25
120,0.56,1.21,8,89,5,3,70.0,8,202700,Donatas Motiejunas,17,6,0.0,0.625,0.833,0.101,NOP,1610612740,3.4,169,2
121,0.54,1.45,16,631,38,26,835.0,20,1627827,Dorian Finney-Smith,183,22,0.125,0.8,0.818,0.183,DAL,1610612742,24.1,998,12
122,0.55,1.19,23,670,28,14,738.0,17,203926,Doug McDermott,290,23,0.478,1.824,1.783,0.339,CHI,1610612741,17.0,856,14
123,0.36,1.13,7,347,32,24,407.0,6,1627733,Dragan Bender,102,8,0.0,1.333,1.0,0.163,PHX,1610612756,11.8,624,8
124,1.22,2.0,110,1865,39,6,1290.0,77,203110,Draymond Green,416,95,0.127,0.935,0.874,0.141,GSW,1610612744,98.2,2944,33
125,0.39,1.32,88,1043,36,16,1057.0,230,2730,Dwight Howard,502,261,0.068,1.1,1.015,0.263,ATL,1610612737,42.0,1912,20
126,0.36,1.24,74,566,39,27,782.0,102,203939,Dwight Powell,286,103,0.324,1.127,1.087,0.243,DAL,1610612742,24.3,1177,12
127,2.77,3.47,38,1789,36,19,1101.0,33,2548,Dwyane Wade,686,47,0.474,1.091,0.894,0.333,CHI,1610612741,119.2,2059,17
128,2.35,2.78,43,1141,38,23,948.0,21,202734,E'Twaun Moore,378,29,0.465,0.762,0.655,0.298,NOP,1610612740,58.7,1269,15
129,0.41,1.13,84,422,40,23,680.0,95,202334,Ed Davis,164,83,0.357,0.674,0.687,0.17,POR,1610612757,18.2,963,17
130,0.0,0.5,0,3,1,0,4.0,1,204002,Edy Tavares,2,1,0.0,2.0,2.0,0.4,ATL,1610612737,0.0,5,1
131,4.91,4.81,22,2662,43,26,1238.0,17,203901,Elfrid Payton,519,17,0.591,0.471,0.588,0.173,ORL,1610612753,240.8,3003,17
132,4.1,4.42,20,2190,37,22,1081.0,21,1626144,Emmanuel Mudiay,457,32,0.4,0.762,0.781,0.182,DEN,1610612743,185.1,2513,15
133,0.61,1.82,53,909,43,18,926.0,146,202683,Enes Kanter,620,177,0.509,1.034,0.898,0.416,OKC,1610612760,45.2,1491,25
134,4.19,4.46,47,2828,39,27,1277.0,18,202339,Eric Bledsoe,805,27,0.34,0.5,0.333,0.236,PHX,1610612756,253.8,3413,12
135,1.66,2.4,48,1380,41,10,1253.0,26,201569,Eric Gordon,733,18,0.542,0.692,0.556,0.428,HOU,1610612745,68.5,1711,31
136,0.53,1.26,128,1367,39,23,1069.0,75,101141,Ersan Ilyasova,555,88,0.156,0.96,0.977,0.259,PHI,1610612755,44.9,2140,16
137,2.13,3.16,46,1541,37,23,1189.0,19,203095,Evan Fournier,612,15,0.348,1.105,1.267,0.348,ORL,1610612753,92.5,1758,14
138,2.99,3.43,29,1462,40,22,1023.0,13,202323,Evan Turner,378,22,0.138,0.769,0.364,0.204,POR,1610612757,105.8,1850,18
139,0.47,1.27,59,1019,39,21,949.0,76,1626163,Frank Kaminsky,394,94,0.305,1.053,0.926,0.193,CHA,1610612766,43.2,2037,18
140,6.5,6.08,1,88,10,1,51.0,0,1627832,Fred VanVleet,18,0,0.0,0.0,0.0,0.171,TOR,1610612761,10.6,105,9
141,1.91,2.46,33,1297,40,24,1027.0,23,202066,Garrett Temple,302,29,0.394,0.565,0.655,0.195,SAC,1610612758,63.4,1546,16
142,1.77,2.19,10,452,17,10,444.0,19,203914,Gary Harris,205,21,0.4,1.053,0.952,0.381,DEN,1610612743,19.6,538,7
143,4.61,4.88,16,1231,19,4,592.0,16,201588,George Hill,344,18,0.5,1.063,0.944,0.25,UTA,1610612762,112.1,1378,15
144,0.69,1.44,6,83,16,7,77.0,3,1627777,Georges Niang,11,3,0.333,0.667,0.667,0.076,IND,1610612754,3.5,144,9
145,0.67,1.56,3,8,2,2,9.0,1,1627834,Georgios Papagiannis,2,2,0.0,0.0,1.0,0.133,SAC,1610612758,0.4,15,0
146,1.16,2.08,4,271,23,7,248.0,5,101123,Gerald Green,125,6,0.5,1.2,1.0,0.348,BOS,1610612738,12.4,359,16
147,1.54,2.16,33,957,35,24,858.0,32,201945,Gerald Henderson,332,34,0.333,0.563,0.647,0.301,PHI,1610612755,39.7,1103,11
148,2.61,3.52,127,2438,38,19,1317.0,116,203507,Giannis Antetokounmpo,893,144,0.315,1.233,1.097,0.296,MIL,1610612749,177.1,3017,19
149,0.86,1.55,17,626,37,17,846.0,24,203922,Glenn Robinson,230,31,0.294,0.917,0.839,0.254,IND,1610612754,23.4,904,20
150,5.3,5.17,55,2347,33,23,1130.0,39,201609,Goran Dragic,626,55,0.255,0.59,0.418,0.225,MIA,1610612748,239.8,2783,10
151,2.5,3.35,75,2133,36,12,1254.0,85,202330,Gordon Hayward,792,94,0.547,1.118,1.053,0.335,UTA,1610612762,132.3,2367,24
152,0.31,1.26,178,1091,41,27,1342.0,191,203476,Gorgui Dieng,437,180,0.337,0.775,0.778,0.217,MIN,1610612750,42.1,2010,14
153,0.58,1.95,263,809,38,19,811.0,145,202328,Greg Monroe,415,186,0.243,0.855,0.812,0.337,MIL,1610612749,40.0,1230,19
154,3.46,3.88,1,67,2,1,32.0,0,202349,Greivis Vasquez,5,0,0.0,0.0,0.0,0.059,BKN,1610612751,5.5,85,1
155,1.2,2.27,112,1443,39,27,1398.0,46,203084,Harrison Barnes,804,79,0.554,1.043,0.886,0.386,DAL,1610612742,78.9,2085,12
156,0.51,1.56,84,854,37,27,1252.0,268,202355,Hassan Whiteside,648,312,0.464,1.03,0.965,0.382,MIA,1610612748,44.1,1695,10
157,0.49,1.19,7,67,13,8,54.0,0,1627740,Henry Ellenson,19,1,0.0,0.0,0.0,0.158,DET,1610612765,2.4,120,5
158,0.87,1.47,7,401,31,22,561.0,12,203138,Hollis Thompson,171,16,0.857,1.167,1.25,0.306,PHI,1610612755,13.7,558,9
159,2.37,2.7,11,715,38,6,535.0,31,203546,Ian Clark,270,37,1.0,1.484,1.405,0.326,GSW,1610612744,37.3,828,32
160,0.7,1.6,1,11,1,1,14.0,2,101133,Ian Mahinmi,1,2,0.0,0.5,0.5,0.063,WAS,1610612764,0.4,16,0
161,2.55,2.9,9,877,39,11,948.0,10,202697,Iman Shumpert,285,12,0.0,0.0,0.167,0.257,CLE,1610612739,53.5,1108,28
162,2.57,2.77,3,595,27,15,497.0,6,203477,Isaiah Canaan,145,8,0.667,0.0,0.0,0.198,CHI,1610612741,33.8,732,12
163,4.49,4.63,43,2987,37,12,1254.0,8,202738,Isaiah Thomas,1051,8,0.512,0.625,0.625,0.323,BOS,1610612738,250.7,3251,25
164,3.44,3.51,9,1131,29,24,667.0,5,1627785,Isaiah Whitehead,205,8,0.444,0.4,0.25,0.156,BKN,1610612751,77.0,1315,5
165,5.4,4.95,9,2217,41,22,1006.0,8,202397,Ish Smith,332,10,0.0,0.25,0.2,0.128,DET,1610612765,214.5,2599,19
166,0.3,1.47,12,75,10,8,80.0,12,1627826,Ivica Zubac,29,19,0.167,0.833,0.842,0.21,LAL,1610612747,3.4,138,2
167,5.8,5.43,8,816,14,10,367.0,2,200826,J.J. Barea,182,2,0.5,1.0,1.0,0.192,DAL,1610612742,86.0,950,4
168,1.09,1.67,42,1276,40,12,1109.0,11,200755,JJ Redick,628,11,0.357,0.0,0.0,0.438,LAC,1610612746,39.9,1435,28
169,1.32,1.8,8,502,21,5,607.0,8,2747,JR Smith,181,7,0.0,0.5,0.571,0.265,CLE,1610612739,20.5,684,16
170,0.45,1.21,74,1064,42,17,1227.0,80,203210,JaMychal Green,377,96,0.135,0.775,0.781,0.187,MEM,1610612763,40.7,2012,25
171,0.3,1.18,21,243,37,6,299.0,91,201580,JaVale McGee,199,110,0.286,1.396,1.273,0.46,GSW,1610612744,8.5,433,31
172,1.37,1.84,107,1617,39,20,1330.0,70,203953,Jabari Parker,806,90,0.43,0.871,0.844,0.33,MIL,1610612749,75.0,2444,19
173,0.78,1.38,7,1117,33,10,1049.0,29,203109,Jae Crowder,430,44,0.0,1.138,1.091,0.271,BOS,1610612738,36.6,1586,23
174,0.84,2.25,219,922,30,22,683.0,94,1626143,Jahlil Okafor,335,123,0.237,0.819,0.65,0.262,PHI,1610612755,48.0,1279,8
175,0.8,1.53,1,138,22,14,140.0,1,1627774,Jake Layman,54,0,0.0,0.0,0.0,0.31,POR,1610612757,4.4,174,8
176,0.26,1.11,9,121,21,4,221.0,29,1627751,Jakob Poeltl,50,30,0.444,0.69,0.633,0.19,TOR,1610612761,4.9,263,17
177,3.56,3.63,28,1581,43,14,1132.0,3,2037,Jamal Crawford,498,5,0.464,0.667,0.8,0.271,LAC,1610612746,111.2,1838,29
178,2.33,2.7,15,876,38,23,756.0,15,1627750,Jamal Murray,297,17,0.133,0.8,0.706,0.281,DEN,1610612743,47.6,1057,15
179,4.79,4.7,15,1722,38,23,943.0,10,2749,Jameer Nelson,333,15,0.867,0.2,0.133,0.166,DEN,1610612743,156.9,2002,15
180,0.95,1.56,13,565,29,13,734.0,22,203516,James Ennis III,231,33,0.0,1.0,0.788,0.294,MEM,1610612763,20.5,787,16
181,4.7,5.41,34,3431,43,11,1571.0,13,201935,James Harden,1223,18,0.676,1.0,0.5,0.284,HOU,1610612745,388.4,4306,32
182,1.66,2.2,70,1113,36,25,913.0,26,201949,James Johnson,421,28,0.271,0.615,0.643,0.224,MIA,1610612748,69.2,1883,11
183,0.31,0.95,9,114,25,9,165.0,1,2592,James Jones,64,2,0.0,0.0,1.5,0.254,CLE,1610612739,4.0,252,16
184,0.54,1.33,5,84,16,3,88.0,17,203949,James Michael McAdoo,17,19,0.4,0.529,0.474,0.123,GSW,1610612744,3.1,138,13
185,0.66,1.36,2,54,11,5,64.0,2,203923,James Young,14,1,1.0,1.0,2.0,0.187,BOS,1610612738,1.7,75,6
186,0.47,1.08,43,866,30,21,682.0,23,201162,Jared Dudley,239,25,0.279,0.609,0.52,0.154,PHX,1610612756,28.1,1557,9
187,0.51,1.3,31,402,38,16,532.0,31,1626185,Jarell Martin,155,42,0.452,0.71,0.714,0.175,MEM,1610612763,19.3,888,22
188,0.2,1.1,0,3,2,2,7.0,2,203950,Jarnell Stokes,3,2,0.0,1.0,1.0,0.6,DEN,1610612743,0.1,5,0
189,0.2,1.01,92,395,38,18,450.0,16,201160,Jason Smith,161,17,0.25,0.875,1.0,0.19,WAS,1610612764,14.3,846,20
190,1.41,1.95,17,474,35,18,617.0,7,1891,Jason Terry,116,8,0.235,0.0,0.0,0.18,MIL,1610612749,21.0,645,17
191,1.3,1.75,2,537,40,15,524.0,28,1627759,Jaylen Brown,191,46,0.0,0.929,0.783,0.28,BOS,1610612738,19.9,681,25
192,0.98,1.95,20,1057,42,25,986.0,21,201145,Jeff Green,387,39,0.2,1.095,0.769,0.273,ORL,1610612753,46.1,1418,17
193,5.29,5.09,27,2680,39,18,1254.0,8,201952,Jeff Teague,610,12,0.259,1.0,0.667,0.201,IND,1610612754,257.1,3029,21
194,0.24,1.09,16,161,26,9,223.0,31,203481,Jeff Withey,68,30,0.313,1.065,1.1,0.204,UTA,1610612762,6.0,334,17
195,0.58,1.34,29,649,42,20,905.0,25,203924,Jerami Grant,261,34,0.483,1.24,1.088,0.236,OKC,1610612760,24.7,1107,22
196,2.21,3.02,19,615,28,14,498.0,17,203087,Jeremy Lamb,258,14,0.737,1.176,1.429,0.336,CHA,1610612766,38.7,769,14
197,4.11,4.32,5,471,8,6,203.0,7,202391,Jeremy Lin,119,9,0.4,0.0,0.222,0.215,BKN,1610612751,39.8,553,2
198,3.91,3.93,8,757,32,18,486.0,7,1626170,Jerian Grant,162,10,0.25,1.0,0.7,0.185,CHI,1610612741,57.2,874,14
199,4.13,4.31,1,188,3,2,71.0,2,201573,Jerryd Bayless,33,6,0.0,0.0,0.0,0.155,PHI,1610612755,15.3,213,1
200,3.14,4.03,55,2288,39,19,1442.0,57,202710,Jimmy Butler,972,85,0.436,0.825,0.753,0.363,CHI,1610612741,180.3,2681,20
201,0.42,1.32,133,1007,38,24,877.0,95,201149,Joakim Noah,214,87,0.128,0.6,0.644,0.112,NYK,1610612752,42.0,1909,14
202,1.26,1.89,12,513,23,13,505.0,7,201975,Jodie Meeks,209,6,0.167,1.429,1.667,0.339,ORL,1610612753,19.4,616,10
203,1.16,1.81,18,846,34,27,782.0,24,203925,Joe Harris,302,28,0.833,0.833,0.714,0.282,BKN,1610612751,32.3,1070,7
204,1.58,2.44,23,1139,43,16,876.0,13,204060,Joe Ingles,278,20,0.087,0.308,0.25,0.206,UTA,1610612762,54.9,1352,27
205,1.89,2.61,38,1071,42,16,932.0,12,2207,Joe Johnson,349,34,0.579,0.667,0.441,0.265,UTA,1610612762,57.3,1316,26
206,5.16,5.32,2,228,19,9,104.0,1,1626202,Joe Young,49,1,0.5,2.0,2.0,0.198,IND,1610612754,21.9,247,10
207,0.63,1.28,1,17,9,3,20.0,7,1627762,Joel Bolomboy,8,5,0.0,0.857,1.0,0.211,UTA,1610612762,0.8,38,6
208,0.71,1.95,115,1241,28,17,709.0,108,203954,Joel Embiid,551,172,0.2,1.0,0.901,0.313,PHI,1610612755,57.3,1763,11
209,0.54,1.33,29,504,37,14,517.0,56,203530,Joffrey Lauvergne,196,63,0.345,0.732,0.651,0.217,OKC,1610612760,20.0,905,23
210,0.36,1.47,169,601,37,19,747.0,174,203089,John Henson,246,181,0.118,0.759,0.796,0.26,MIL,1610612749,23.2,946,18
211,1.26,2.38,1,12,4,4,13.0,0,203098,John Jenkins,7,0,0.0,0.0,0.0,0.438,PHX,1610612756,0.6,16,0
212,3.5,3.86,0,17,5,2,11.0,0,101249,John Lucas III,2,0,0.0,0.0,0.0,0.118,MIN,1610612750,1.1,17,3
213,5.87,5.8,26,3014,38,17,1377.0,10,202322,John Wall,870,10,0.346,0.4,0.4,0.257,WAS,1610612764,327.3,3386,21
214,0.51,1.52,69,902,37,19,990.0,59,202720,Jon Leuer,402,75,0.275,1.169,1.187,0.227,DET,1610612765,44.9,1769,18
215,0.46,1.1,14,684,41,15,681.0,23,201973,Jonas Jerebko,184,27,0.0,0.652,0.778,0.14,BOS,1610612738,24.1,1310,26
216,0.34,1.53,67,783,37,12,998.0,132,202685,Jonas Valanciunas,452,156,0.448,1.25,1.147,0.263,TOR,1610612761,43.8,1717,25
217,4.2,4.2,4,502,17,13,231.0,0,1626780,Jonathan Gibson,106,3,0.0,0.0,0.0,0.184,DAL,1610612742,40.3,576,4
218,2.18,2.75,18,906,39,8,729.0,19,203613,Jonathon Simmons,244,19,0.333,0.579,0.526,0.222,SAS,1610612759,50.5,1101,31
219,2.72,3.5,30,1500,45,30,1220.0,28,203903,Jordan Clarkson,626,35,0.567,0.964,0.886,0.352,LAL,1610612747,103.6,1779,15
220,4.35,4.5,1,85,2,1,35.0,1,200770,Jordan Farmar,12,1,0.0,0.0,0.0,0.125,SAC,1610612758,7.2,96,1
221,0.54,1.93,3,28,5,3,40.0,1,201941,Jordan Hill,10,1,0.0,0.0,0.0,0.192,MIN,1610612750,1.7,52,2
222,2.73,3.24,9,323,27,9,288.0,6,203895,Jordan McRae,131,7,0.444,0.667,0.571,0.309,CLE,1610612739,22.9,424,18
223,0.69,1.38,3,100,10,5,82.0,11,1626175,Jordan Mickey,26,16,0.667,0.818,0.563,0.152,BOS,1610612738,3.9,171,5
224,3.67,3.98,7,416,18,13,214.0,4,101181,Jose Calderon,71,2,0.286,0.0,0.0,0.132,LAL,1610612747,35.7,538,5
225,0.94,1.9,69,488,22,16,381.0,17,201177,Josh McRoberts,107,27,0.029,0.471,0.407,0.123,MIA,1610612748,27.6,869,6
226,3.42,3.57,23,1187,28,21,875.0,13,1626196,Josh Richardson,314,18,0.304,0.154,0.333,0.206,MIA,1610612748,90.8,1525,7
227,3.6,3.79,28,1678,27,13,829.0,20,201950,Jrue Holiday,375,26,0.393,0.7,0.538,0.181,NOP,1610612740,131.1,2076,14
228,0.61,1.28,4,177,26,16,264.0,14,1627823,Juan Hernangomez,85,18,0.0,0.929,0.833,0.275,DEN,1610612743,6.6,309,10
229,1.46,2.39,157,1601,40,26,1182.0,87,203944,Julius Randle,534,85,0.325,0.92,0.776,0.22,LAL,1610612747,96.8,2432,14
230,0.91,1.89,23,699,36,26,580.0,13,1626147,Justin Anderson,252,12,0.696,0.462,0.5,0.239,DAL,1610612742,33.2,1053,10
231,0.36,1.07,24,646,31,25,619.0,41,203120,Justin Hamilton,228,54,0.042,1.098,1.056,0.203,BKN,1610612751,20.0,1121,6
232,0.96,1.71,26,878,42,24,803.0,29,203200,Justin Holiday,303,35,0.462,1.138,1.057,0.279,NYK,1610612752,31.0,1087,18
233,2.42,2.92,29,757,18,14,625.0,18,1626159,Justise Winslow,196,24,0.138,0.611,0.792,0.173,MIA,1610612748,55.0,1131,4
234,0.51,1.53,74,828,34,21,663.0,120,203994,Jusuf Nurkic,309,172,0.243,0.825,0.779,0.214,DEN,1610612743,36.8,1444,13
235,1.03,1.99,2,140,22,6,192.0,12,203909,KJ McDaniels,71,13,1.0,0.667,1.077,0.394,HOU,1610612745,6.0,180,16
236,0.49,1.66,195,1836,41,27,1465.0,140,1626157,Karl-Anthony Towns,895,201,0.328,0.95,0.821,0.294,MIN,1610612750,84.0,3045,14
237,2.8,3.47,64,1745,37,8,1225.0,35,202695,Kawhi Leonard,897,43,0.484,0.886,0.953,0.448,SAS,1610612759,115.8,2004,29
238,5.93,5.25,4,423,23,9,241.0,1,1627770,Kay Felder,114,1,0.0,0.0,0.0,0.231,CLE,1610612739,43.2,494,14
239,0.55,1.42,32,939,35,12,736.0,77,203482,Kelly Olynyk,301,88,0.063,0.935,0.886,0.203,BOS,1610612738,35.1,1480,23
240,0.97,1.55,16,588,38,19,733.0,21,1626162,Kelly Oubre Jr.,232,22,0.563,0.571,0.682,0.27,WAS,1610612764,22.1,858,19
241,5.43,5.33,21,2996,40,20,1356.0,11,202689,Kemba Walker,919,23,0.429,0.727,0.522,0.268,CHA,1610612766,304.3,3427,20
242,0.54,1.35,53,590,34,19,748.0,104,202702,Kenneth Faried,316,123,0.453,0.933,0.911,0.27,DEN,1610612743,26.4,1171,15
243,1.73,2.29,28,1337,39,17,1064.0,31,203145,Kent Bazemore,404,41,0.393,0.806,0.659,0.236,ATL,1610612737,65.2,1712,22
244,1.45,2.25,71,1358,39,21,1306.0,21,203484,Kentavious Caldwell-Pope,566,21,0.465,0.667,0.667,0.35,DET,1610612765,60.7,1618,18
245,1.57,2.49,134,1962,41,6,1410.0,82,201142,Kevin Durant,1059,90,0.552,1.171,1.089,0.412,GSW,1610612744,106.6,2569,35
246,0.4,1.58,108,1266,36,9,1137.0,73,201567,Kevin Love,744,124,0.148,0.808,0.847,0.335,CLE,1610612739,58.6,2224,27
247,0.47,1.34,24,188,22,11,234.0,28,202338,Kevin Seraphin,92,34,0.333,1.0,0.824,0.254,IND,1610612754,8.1,362,11
248,0.41,1.26,23,229,31,4,264.0,61,1626172,Kevon Looney,86,64,0.304,0.902,0.797,0.21,GSW,1610612744,8.6,409,27
249,1.26,1.91,96,1577,40,6,1374.0,73,202691,Klay Thompson,857,75,0.563,1.164,1.12,0.454,GSW,1610612744,60.1,1889,34
250,0.33,1.34,94,539,40,24,767.0,151,201585,Kosta Koufos,242,165,0.138,0.834,0.782,0.227,SAC,1610612758,23.8,1066,16
251,4.22,4.67,11,1278,41,27,680.0,9,1627739,Kris Dunn,160,22,0.0,0.222,0.182,0.106,MIN,1610612750,117.2,1506,14
252,0.44,1.22,48,439,32,12,353.0,44,2743,Kris Humphries,148,52,0.229,0.591,0.423,0.194,ATL,1610612737,15.5,763,20
253,0.45,1.45,132,1424,36,19,1227.0,102,204001,Kristaps Porzingis,700,120,0.447,0.922,1.017,0.312,NYK,1610612752,54.2,2246,17
254,1.45,2.16,11,463,34,7,443.0,18,203937,Kyle Anderson,89,20,0.0,0.722,0.7,0.137,SAS,1610612759,23.4,648,27
255,0.61,1.3,37,926,36,19,990.0,24,2594,Kyle Korver,338,45,0.459,0.625,0.378,0.279,CLE,1610612739,26.3,1212,17
256,4.35,4.61,28,2676,39,13,1454.0,22,200768,Kyle Lowry,865,31,0.321,0.591,0.258,0.265,TOR,1610612761,251.3,3267,26
257,0.28,1.43,106,652,40,23,616.0,64,203124,Kyle O'Quinn,251,71,0.208,0.734,0.817,0.211,NYK,1610612752,28.4,1192,17
258,0.73,1.43,6,160,22,10,222.0,4,202713,Kyle Singler,46,6,0.333,0.5,0.333,0.193,OKC,1610612760,5.7,238,12
259,0.8,1.35,0,42,9,1,29.0,0,1627787,Kyle Wiltjer,10,0,0.0,0.0,0.0,0.154,HOU,1610612745,1.5,65,8
260,4.46,4.65,39,2339,35,9,1218.0,34,202681,Kyrie Irving,827,48,0.308,0.971,0.813,0.298,CLE,1610612739,215.2,2778,26
261,0.78,1.88,172,1306,35,7,1125.0,84,200746,LaMarcus Aldridge,617,145,0.285,0.929,0.731,0.334,SAS,1610612759,57.9,1846,28
262,4.2,4.29,1,285,6,6,162.0,4,202362,Lance Stephenson,58,6,0.0,1.5,1.0,0.18,NOP,1610612740,23.1,323,0
263,0.41,1.4,15,487,30,20,527.0,10,202498,Lance Thomas,144,17,0.0,0.6,0.647,0.203,NYK,1610612752,16.6,710,10
264,2.46,2.7,34,1104,41,26,868.0,7,204038,Langston Galloway,380,13,0.235,0.0,0.0,0.298,NOP,1610612740,57.4,1277,15
265,0.4,1.21,107,520,28,17,627.0,68,1626204,Larry Nance Jr.,195,74,0.14,0.824,0.878,0.19,LAL,1610612747,20.7,1027,11
266,0.22,1.02,22,262,29,14,360.0,30,202730,Lavoy Allen,42,30,0.091,0.467,0.533,0.074,IND,1610612754,9.7,570,15
267,3.49,4.29,150,2585,37,8,1370.0,78,2544,LeBron James,949,85,0.193,1.038,0.871,0.297,CLE,1610612739,228.3,3192,29
268,2.37,2.76,13,651,38,26,503.0,5,2571,Leandro Barbosa,224,8,0.154,0.4,0.25,0.296,PHX,1610612756,34.9,758,12
269,3.06,3.68,10,1743,45,30,1084.0,16,101150,Lou Williams,794,23,0.5,1.188,1.087,0.376,LAL,1610612747,129.3,2109,15
270,0.72,1.45,25,579,41,14,959.0,41,201601,Luc Mbah a Moute,267,52,0.6,1.024,0.865,0.291,LAC,1610612746,22.1,916,27
271,0.19,0.98,43,340,32,12,671.0,91,203512,Lucas Nogueira,152,80,0.047,0.956,1.163,0.213,TOR,1610612761,11.6,715,20
272,0.58,1.35,23,396,26,21,322.0,26,2449,Luis Scola,131,34,0.261,0.654,0.588,0.203,BKN,1610612751,14.5,644,5
273,0.53,1.23,8,418,32,23,500.0,6,202337,Luke Babbitt,146,10,0.25,0.0,0.0,0.182,MIA,1610612748,16.5,803,9
274,1.01,1.66,41,1037,43,28,1187.0,30,2736,Luol Deng,350,49,0.317,0.533,0.327,0.201,LAL,1610612747,48.4,1745,15
275,1.59,2.39,0,26,6,5,33.0,0,1627781,Malachi Richardson,17,0,0.0,0.0,0.0,0.459,SAC,1610612758,1.5,37,1
276,4.75,4.41,20,1765,39,20,966.0,39,1627763,Malcolm Brogdon,371,46,0.0,0.821,0.826,0.169,MIL,1610612749,161.6,2197,19
277,4.61,4.6,7,1382,41,17,714.0,8,1627098,Malcolm Delaney,244,7,0.0,0.5,0.571,0.155,ATL,1610612737,120.9,1578,24
278,1.58,1.93,3,59,11,7,55.0,0,1627736,Malik Beasley,28,0,0.0,0.0,0.0,0.364,DEN,1610612743,2.5,77,4
279,1.84,2.56,18,934,33,7,622.0,15,1938,Manu Ginobili,250,19,0.222,0.4,0.526,0.225,SAS,1610612759,47.4,1110,26
280,0.59,2.0,448,2245,41,16,1395.0,133,201188,Marc Gasol,796,217,0.228,0.752,0.783,0.264,MEM,1610612763,100.4,3016,25
281,4.51,4.52,4,378,18,14,199.0,4,1626273,Marcelo Huertas,49,8,0.5,0.0,0.25,0.105,LAL,1610612747,35.3,468,4
282,0.3,1.21,152,914,40,19,1414.0,250,101162,Marcin Gortat,454,258,0.197,0.98,0.953,0.218,WAS,1610612764,42.0,2078,21
283,1.49,2.07,44,941,36,18,886.0,30,201158,Marco Belinelli,376,38,0.273,0.8,0.789,0.342,CHA,1610612766,38.0,1100,18
284,0.94,1.64,74,1309,41,22,1325.0,17,202694,Marcus Morris,543,28,0.514,0.706,0.357,0.274,DET,1610612765,54.2,1984,19
285,2.78,3.3,28,1823,38,14,1153.0,47,203935,Marcus Smart,376,70,0.25,0.702,0.543,0.175,BOS,1610612738,118.3,2153,24
286,2.17,2.66,27,614,33,18,575.0,10,201977,Marcus Thornton,219,14,0.481,1.2,0.857,0.282,WAS,1610612764,34.4,777,15
287,1.02,2.02,7,302,30,20,258.0,5,1626209,Mario Hezonja,94,8,0.0,1.2,0.75,0.247,ORL,1610612753,12.8,380,10
288,0.53,1.48,143,1073,39,19,1223.0,87,202693,Markieff Morris,521,120,0.322,0.977,0.958,0.295,WAS,1610612764,43.6,1767,20
289,0.45,1.21,56,653,39,27,697.0,39,1627737,Marquese Chriss,277,53,0.214,0.872,0.792,0.246,PHX,1610612756,22.6,1126,12
290,0.29,1.3,62,790,43,14,708.0,58,201578,Marreese Speights,442,73,0.29,0.931,0.945,0.334,LAC,1610612746,28.6,1324,29
291,0.17,1.13,1,10,3,1,26.0,2,1627850,Marshall Plumlee,4,2,0.0,1.5,1.5,0.133,NYK,1610612752,0.6,30,2
292,0.31,1.04,55,948,35,19,954.0,35,101107,Marvin Williams,380,43,0.327,0.857,0.791,0.197,CHA,1610612766,33.5,1929,16
293,0.94,2.0,234,1508,43,25,1187.0,178,203486,Mason Plumlee,468,185,0.252,0.944,0.908,0.207,POR,1610612757,75.5,2262,18
294,0.6,1.36,81,1055,37,23,926.0,42,2440,Matt Barnes,269,46,0.148,0.833,0.696,0.15,SAC,1610612758,40.6,1792,14
295,4.03,4.13,16,1586,34,18,907.0,9,203521,Matthew Dellavedova,247,14,0.0,0.333,0.357,0.126,MIL,1610612749,134.6,1953,16
296,0.74,1.38,24,974,41,23,1252.0,103,203090,Maurice Harkless,472,128,0.333,1.019,0.82,0.304,POR,1610612757,35.8,1552,18
297,0.36,1.24,7,106,17,11,132.0,14,1626254,Maurice Ndour,39,18,0.0,0.857,0.778,0.234,NYK,1610612752,3.5,167,6
298,0.83,1.72,4,68,16,14,78.0,0,1897,Metta World Peace,16,0,0.0,0.0,0.0,0.163,LAL,1610612747,2.8,98,2
299,0.5,1.28,53,601,38,23,599.0,36,203086,Meyers Leonard,207,48,0.189,0.556,0.625,0.198,POR,1610612757,22.3,1045,15
300,0.94,1.86,32,581,33,18,560.0,42,201563,Michael Beasley,300,51,0.313,1.071,0.98,0.331,MIL,1610612749,28.1,905,15
301,3.18,3.75,6,608,14,5,327.0,14,203487,Michael Carter-Williams,118,18,0.0,0.929,0.722,0.159,CHI,1610612741,46.3,742,9
302,0.61,0.99,0,21,8,2,29.0,1,1627771,Michael Gbinije,4,1,0.0,0.0,0.0,0.111,DET,1610612765,0.6,36,6
303,1.32,1.82,32,892,40,20,1183.0,53,203077,Michael Kidd-Gilchrist,357,77,0.375,0.849,0.935,0.251,CHA,1610612766,43.1,1423,20
304,4.96,5.05,48,2344,31,14,1003.0,11,201144,Mike Conley,590,12,0.458,0.545,0.333,0.226,MEM,1610612763,219.5,2609,17
305,0.83,1.53,16,372,26,5,423.0,18,2399,Mike Dunleavy,132,21,0.375,1.056,0.857,0.26,ATL,1610612737,12.9,507,21
306,1.38,1.73,0,28,5,5,21.0,0,2034,Mike Miller,9,0,0.0,0.0,0.0,0.196,DEN,1610612743,1.3,46,0
307,0.3,0.98,78,795,40,17,819.0,101,203488,Mike Muscala,303,118,0.308,0.881,0.78,0.224,ATL,1610612737,22.2,1353,23
308,0.42,1.17,10,112,9,5,96.0,8,203118,Mike Scott,24,10,0.0,0.75,0.4,0.142,ATL,1610612737,3.3,169,4
309,0.46,1.71,47,158,26,13,231.0,40,203101,Miles Plumlee,58,54,0.128,0.875,0.852,0.223,MIL,1610612749,7.4,260,13
310,0.8,1.55,16,558,35,21,456.0,29,1627851,Mindaugas Kuzminskas,204,36,0.125,1.034,1.028,0.283,NYK,1610612752,18.6,722,14
311,0.5,1.23,6,474,32,17,562.0,7,203141,Mirza Teletovic,240,9,0.0,0.857,0.444,0.266,MIL,1610612749,18.4,901,15
312,2.44,3.04,26,1161,31,13,881.0,10,101145,Monta Ellis,272,19,0.231,1.0,0.737,0.203,IND,1610612754,67.7,1338,18
313,0.46,1.33,92,603,34,7,660.0,114,1626149,Montrezl Harrell,334,125,0.348,1.228,1.184,0.313,HOU,1610612745,23.6,1066,27
314,0.24,1.3,119,956,38,17,1144.0,187,1626167,Myles Turner,601,216,0.479,1.102,1.051,0.34,IND,1610612754,38.2,1766,21
315,0.72,1.42,12,664,39,25,657.0,18,202357,Nemanja Bjelica,238,19,0.333,0.889,0.947,0.197,MIN,1610612750,28.6,1206,14
316,0.32,1.34,90,586,38,11,642.0,136,2403,Nene,292,134,0.333,0.941,0.97,0.276,HOU,1610612745,23.6,1059,27
317,0.59,1.35,24,216,13,7,194.0,27,203457,Nerlens Noel,98,25,0.25,1.037,1.04,0.292,PHI,1610612755,7.5,336,6
318,0.63,1.35,12,74,11,7,65.0,12,2555,Nick Collison,14,8,0.083,1.0,1.125,0.114,OKC,1610612760,2.8,123,4
319,1.28,2.03,16,1029,38,24,997.0,10,201156,Nick Young,514,12,0.625,1.0,0.833,0.408,LAL,1610612747,42.7,1259,14
320,1.66,2.25,61,1984,38,19,1313.0,37,201587,Nicolas Batum,569,50,0.443,0.865,0.7,0.229,CHA,1610612766,93.4,2488,19
321,0.86,1.72,3,210,28,22,185.0,2,1627852,Nicolas Brussino,39,2,0.0,1.0,1.0,0.133,DAL,1610612742,8.4,294,6
322,3.98,3.93,11,341,18,3,174.0,4,1627879,Nicolas Laprovittola,59,6,0.0,0.0,0.0,0.147,SAS,1610612759,26.3,402,15
323,1.73,2.02,18,1136,37,25,973.0,16,203917,Nik Stauskas,328,20,0.389,0.813,0.55,0.216,PHI,1610612755,51.1,1517,12
324,0.62,1.76,162,1104,34,20,848.0,127,203999,Nikola Jokic,461,136,0.191,1.134,1.14,0.245,DEN,1610612743,55.1,1879,14
325,0.37,1.22,20,862,35,17,814.0,42,202703,Nikola Mirotic,326,51,0.1,0.881,0.745,0.193,CHI,1610612741,34.4,1688,18
326,0.46,1.56,158,1535,40,24,1130.0,148,202696,Nikola Vucevic,552,194,0.392,0.824,0.649,0.211,ORL,1610612753,67.9,2618,16
327,0.72,1.4,27,259,35,20,400.0,32,203943,Noah Vonleh,104,36,0.074,0.75,0.75,0.17,POR,1610612757,14.3,613,15
328,1.86,2.29,7,438,35,11,491.0,10,1626181,Norman Powell,203,15,0.286,0.8,0.867,0.346,TOR,1610612761,22.4,587,24
329,0.21,1.1,14,290,29,18,474.0,59,201600,Omer Asik,85,64,0.0,0.814,0.781,0.123,NOP,1610612740,12.7,693,11
330,0.65,1.35,20,440,22,13,397.0,27,201956,Omri Casspi,129,33,0.2,0.741,0.606,0.179,SAC,1610612758,16.3,721,9
331,0.62,1.39,68,1146,40,19,1351.0,52,203490,Otto Porter,562,80,0.412,1.077,0.75,0.298,WAS,1610612764,43.6,1886,21
332,0.65,1.35,16,936,39,27,1066.0,42,200782,PJ Tucker,249,53,0.0,0.571,0.604,0.171,PHX,1610612756,32.7,1455,12
333,0.39,1.11,37,414,36,11,628.0,44,1627783,Pascal Siakam,163,53,0.297,0.591,0.528,0.197,TOR,1610612761,15.4,827,25
334,1.64,2.35,1,96,19,13,113.0,1,1626192,Pat Connaughton,29,1,0.0,2.0,2.0,0.22,POR,1610612757,5.2,132,6
335,3.15,3.55,12,1132,29,6,896.0,18,201976,Patrick Beverley,265,19,0.167,0.333,0.316,0.184,HOU,1610612745,85.4,1444,23
336,1.33,1.98,9,346,31,5,348.0,6,1627775,Patrick McCaw,79,9,0.556,0.333,0.222,0.189,GSW,1610612744,13.8,418,26
337,0.34,0.97,30,742,33,11,924.0,12,202335,Patrick Patterson,235,14,0.067,0.833,0.714,0.164,TOR,1610612761,23.2,1430,22
338,4.26,3.72,30,1709,39,8,855.0,24,201988,Patty Mills,392,28,0.2,0.833,0.857,0.195,SAS,1610612759,124.5,2007,31
339,0.4,1.42,191,1234,37,8,985.0,95,2200,Pau Gasol,451,114,0.257,0.874,0.763,0.212,SAS,1610612759,50.1,2123,29
340,2.06,2.82,94,1537,32,14,1134.0,42,202331,Paul George,715,38,0.468,0.786,0.842,0.365,IND,1610612754,92.0,1958,18
341,0.93,1.95,221,1849,38,14,1302.0,122,200794,Paul Millsap,675,141,0.244,0.68,0.745,0.261,ATL,1610612737,84.2,2587,24
342,0.54,1.35,2,142,12,5,148.0,2,1718,Paul Pierce,45,2,0.0,0.0,0.0,0.194,LAC,1610612746,5.2,232,7
343,1.22,2.08,1,83,11,6,102.0,2,1627835,Paul Zipser,15,3,0.0,0.0,0.333,0.126,CHI,1610612741,4.1,119,5
344,5.0,5.01,0,62,5,3,29.0,0,203510,Pierre Jackson,12,0,0.0,0.0,0.0,0.171,DAL,1610612742,5.8,70,2
345,0.29,1.07,3,58,9,9,75.0,7,203112,Quincy Acy,33,8,0.0,1.429,1.5,0.282,BKN,1610612751,2.1,117,0
346,1.78,2.44,0,8,3,1,9.0,0,1626154,RJ Hunter,0,0,0.0,0.0,0.0,0.0,CHI,1610612741,0.4,9,2
347,3.97,3.99,36,2094,32,17,941.0,20,200765,Rajon Rondo,226,24,0.111,0.2,0.25,0.088,CHI,1610612741,171.3,2579,15
348,0.33,0.83,2,7,3,3,14.0,0,1626176,Rakeem Christmas,3,0,0.0,0.0,0.0,0.25,IND,1610612754,0.2,12,0
349,5.05,5.06,9,1332,41,21,673.0,10,201196,Ramon Sessions,256,16,0.556,1.2,0.875,0.177,CHA,1610612766,122.4,1450,20
350,3.12,3.56,4,731,26,21,447.0,4,200751,Randy Foye,130,11,0.5,0.5,0.182,0.154,BKN,1610612751,50.2,846,5
351,1.2,2.03,2,115,15,9,149.0,5,1626173,Rashad Vaughn,45,5,0.0,1.8,1.8,0.306,MIL,1610612749,5.0,147,6
352,4.11,4.08,0,267,22,9,171.0,6,203526,Raul Neto,59,6,0.0,1.167,0.833,0.197,UTA,1610612762,20.4,300,13
353,3.84,4.02,14,1348,41,13,874.0,5,101109,Raymond Felton,296,12,0.0,0.4,0.0,0.178,LAC,1610612746,111.2,1660,28
354,0.67,1.61,7,77,6,4,97.0,4,203493,Reggie Bullock,27,4,0.571,1.0,1.0,0.287,DET,1610612765,2.5,94,2
355,5.74,5.68,2,1358,22,14,634.0,2,202704,Reggie Jackson,359,3,1.0,0.0,0.667,0.231,DET,1610612765,147.0,1553,8
356,1.2,1.87,1,64,5,4,63.0,0,202130,Reggie Williams,25,1,0.0,0.0,0.0,0.309,NOP,1610612740,2.5,81,1
357,0.51,1.31,27,623,40,11,768.0,31,2210,Richard Jefferson,209,40,0.0,0.645,0.575,0.206,CLE,1610612739,22.1,1013,29
358,0.27,1.31,109,417,21,16,337.0,66,1626158,Richaun Holmes,145,56,0.165,0.879,1.0,0.245,PHI,1610612755,12.9,591,5
359,4.96,5.01,15,2390,36,24,1145.0,21,201937,Ricky Rubio,272,22,0.133,0.286,0.273,0.097,MIN,1610612750,235.4,2818,12
360,0.49,1.3,27,1008,36,23,1076.0,38,203496,Robert Covington,370,47,0.259,0.895,0.809,0.238,PHI,1610612755,33.8,1553,13
361,0.4,1.4,109,902,41,21,1163.0,157,201577,Robin Lopez,378,186,0.183,0.662,0.656,0.273,CHI,1610612741,32.3,1385,20
362,2.43,3.31,33,1407,37,12,1084.0,20,203918,Rodney Hood,518,20,0.394,1.1,0.95,0.324,UTA,1610612762,88.3,1600,25
363,1.28,1.75,23,710,37,27,965.0,44,203585,Rodney McGruder,211,46,0.174,0.568,0.543,0.223,MIA,1610612748,27.6,945,10
364,3.08,3.7,8,523,17,9,345.0,5,201155,Rodney Stuckey,154,8,0.25,1.6,1.0,0.246,IND,1610612754,38.5,625,8
365,2.99,3.22,7,316,17,12,183.0,5,1627758,Ron Baker,66,8,0.571,0.2,0.125,0.176,NYK,1610612752,20.1,374,5
366,1.57,2.23,17,930,32,26,685.0,37,1626178,Rondae Hollis-Jefferson,261,43,0.471,0.811,0.698,0.191,BKN,1610612751,50.8,1364,6
367,0.35,1.28,33,310,34,18,543.0,90,201579,Roy Hibbert,176,98,0.121,0.967,0.929,0.349,CHA,1610612766,10.8,504,16
368,1.53,2.42,85,1260,29,18,985.0,42,200752,Rudy Gay,541,57,0.424,0.905,0.947,0.328,SAC,1610612758,66.5,1650,11
369,0.28,1.34,178,1270,43,16,1436.0,256,203497,Rudy Gobert,534,255,0.118,1.047,1.051,0.212,UTA,1610612762,56.5,2521,27
370,4.87,5.32,71,3584,43,18,1488.0,40,201566,Russell Westbrook,1321,59,0.563,0.45,0.271,0.313,OKC,1610612760,374.9,4226,25
371,0.71,1.44,18,1198,43,11,1323.0,45,201583,Ryan Anderson,600,55,0.111,0.778,0.709,0.312,HOU,1610612745,46.2,1923,32
372,0.73,1.2,4,44,9,6,47.0,0,203527,Ryan Kelly,10,1,0.5,0.0,2.0,0.132,ATL,1610612737,1.5,76,3
373,0.28,1.25,44,259,34,24,447.0,46,1626257,Salah Mejri,84,46,0.182,0.957,0.87,0.141,DAL,1610612742,12.4,597,10
374,0.67,1.28,8,621,43,11,800.0,28,1626155,Sam Dekker,287,37,0.5,1.107,1.108,0.248,HOU,1610612745,24.7,1157,32
375,1.86,2.37,3,252,23,14,196.0,1,2756,Sasha Vujacic,50,3,0.0,0.0,0.0,0.156,NYK,1610612752,12.6,320,9
376,3.03,3.31,21,1608,36,29,980.0,17,203930,Sean Kilpatrick,515,28,0.571,0.588,0.679,0.275,BKN,1610612751,103.2,1874,7
377,5.31,5.28,12,1098,36,15,555.0,17,203902,Semaj Christon,116,31,0.0,0.471,0.258,0.093,OKC,1610612760,109.8,1247,21
378,0.36,1.38,98,1247,42,25,1291.0,113,201586,Serge Ibaka,649,134,0.316,0.894,0.858,0.299,ORL,1610612753,50.1,2171,17
379,4.74,4.44,17,2432,35,25,897.0,7,200771,Sergio Rodriguez,310,14,0.235,0.571,0.429,0.116,PHI,1610612755,197.3,2665,10
380,4.46,4.51,20,1527,35,24,924.0,3,203552,Seth Curry,350,6,0.1,0.667,0.333,0.198,DAL,1610612742,133.1,1772,11
381,1.11,1.92,4,487,37,25,670.0,51,203498,Shabazz Muhammad,288,67,1.25,0.882,0.896,0.497,MIN,1610612750,18.5,580,12
382,4.21,4.3,1,419,27,17,219.0,2,203894,Shabazz Napier,100,1,0.0,0.0,0.0,0.205,POR,1610612757,35.0,488,10
383,3.01,3.46,27,1119,40,6,692.0,60,2733,Shaun Livingston,214,65,0.407,0.817,0.785,0.157,GSW,1610612744,78.6,1362,34
384,1.5,2.09,9,208,18,9,215.0,5,1627815,Sheldon McClellan,67,7,0.0,0.2,0.143,0.257,WAS,1610612764,9.1,261,9
385,4.29,4.25,15,1915,41,16,934.0,22,202714,Shelvin Mack,332,24,0.267,0.545,0.625,0.151,UTA,1610612762,155.5,2197,25
386,0.66,1.69,5,20,4,4,27.0,1,1627746,Skal Labissiere,12,2,0.0,2.0,1.0,0.364,SAC,1610612758,0.9,33,0
387,1.31,2.05,19,920,40,24,1102.0,26,203524,Solomon Hill,236,27,0.053,0.962,1.0,0.183,NOP,1610612740,44.0,1287,16
388,3.55,4.04,0,510,16,15,289.0,2,203915,Spencer Dinwiddie,75,2,0.0,0.0,0.0,0.115,BKN,1610612751,43.8,651,1
389,0.69,1.61,59,581,29,15,497.0,71,201150,Spencer Hawes,210,67,0.186,1.268,1.134,0.243,CHA,1610612766,23.2,864,14
390,1.41,2.11,13,596,38,21,619.0,3,1626169,Stanley Johnson,152,8,0.154,0.667,0.375,0.18,DET,1610612765,29.7,844,17
391,3.5,3.76,61,2632,41,6,1376.0,66,201939,Stephen Curry,1009,82,0.557,0.818,0.683,0.318,GSW,1610612744,198.9,3170,35
392,0.22,1.28,7,30,8,5,32.0,2,1627757,Stephen Zimmerman,10,1,0.286,1.0,2.0,0.169,ORL,1610612753,1.3,59,3
393,0.4,0.92,0,11,8,2,22.0,0,200779,Steve Novak,5,0,0.0,0.0,0.0,0.238,MIL,1610612749,0.3,21,6
394,0.49,1.54,97,927,42,17,1256.0,250,203500,Steven Adams,506,277,0.247,0.984,0.928,0.322,OKC,1610612760,40.5,1572,25
395,4.27,4.07,13,2247,38,26,847.0,17,204456,TJ McConnell,183,34,0.154,0.412,0.206,0.07,PHI,1610612755,176.3,2598,12
396,1.14,1.93,35,777,26,18,757.0,22,203933,TJ Warren,373,23,0.6,0.909,1.13,0.389,PHX,1610612756,30.8,959,8
397,0.39,1.28,169,1355,41,21,1141.0,146,201959,Taj Gibson,491,215,0.343,0.815,0.828,0.201,CHI,1610612741,52.3,2446,20
398,0.38,1.38,61,375,33,19,502.0,81,204028,Tarik Black,190,93,0.18,0.889,0.925,0.259,LAL,1610612747,16.8,733,14
399,1.44,2.29,4,249,24,11,242.0,5,1627752,Taurean Prince,79,7,0.5,1.2,1.143,0.239,ATL,1610612737,12.6,330,13
400,0.92,1.84,78,966,40,25,977.0,75,203093,Terrence Jones,429,99,0.372,1.12,1.051,0.269,NOP,1610612740,48.8,1595,15
401,1.4,1.93,13,639,38,13,822.0,3,203082,Terrence Ross,410,3,0.538,0.667,1.333,0.489,TOR,1610612761,27.0,839,25
402,4.11,4.08,8,1188,36,14,636.0,9,1626179,Terry Rozier,201,11,0.625,1.222,0.818,0.145,BOS,1610612738,94.3,1386,22
403,1.33,2.24,52,1060,38,15,988.0,51,200757,Thabo Sefolosha,285,60,0.308,0.882,0.767,0.194,ATL,1610612737,54.8,1468,23
404,0.54,1.4,120,1162,39,18,1229.0,114,201152,Thaddeus Young,469,133,0.242,0.991,0.887,0.218,IND,1610612754,50.2,2147,21
405,0.71,1.53,41,365,31,22,366.0,41,203080,Thomas Robinson,129,36,0.244,0.683,0.611,0.176,LAL,1610612747,18.7,732,9
406,0.25,1.17,4,44,17,7,72.0,5,1627748,Thon Maker,37,5,0.0,1.0,1.0,0.394,MIL,1610612749,1.8,94,10
407,4.35,4.39,14,2021,34,22,936.0,21,204025,Tim Frazier,328,33,0.0,0.524,0.455,0.138,NOP,1610612740,174.1,2379,12
408,1.67,2.19,19,1078,39,16,890.0,26,203501,Tim Hardaway Jr.,468,38,0.211,1.5,1.237,0.355,ATL,1610612737,48.2,1320,23
409,3.63,3.86,1,47,12,8,39.0,0,1627817,Tim Quarterman,16,0,0.0,0.0,0.0,0.308,POR,1610612757,3.3,52,4
410,0.35,1.58,121,787,44,30,939.0,141,202389,Timofey Mozgov,352,157,0.405,0.837,0.79,0.271,LAL,1610612747,34.1,1297,14
411,1.01,1.68,4,204,26,18,243.0,8,1627789,Timothe Luwawu-Cabarrot,73,10,0.0,0.5,0.8,0.221,PHI,1610612755,9.3,331,8
412,0.91,1.86,82,1457,42,23,1385.0,38,202699,Tobias Harris,694,47,0.439,1.211,1.128,0.268,DET,1610612765,80.1,2586,19
413,4.27,4.06,13,560,25,13,380.0,5,203107,Tomas Satoransky,85,7,0.462,1.0,1.0,0.123,WAS,1610612764,46.8,691,12
414,6.16,5.44,1,205,6,1,107.0,2,201962,Toney Douglas,35,2,0.0,1.0,1.0,0.15,MEM,1610612763,21.2,234,5
415,2.14,2.53,37,1020,36,16,1008.0,90,2754,Tony Allen,356,117,0.514,0.911,0.761,0.274,MEM,1610612763,54.9,1299,20
416,5.62,5.18,39,1690,30,6,767.0,11,2225,Tony Parker,339,25,0.359,0.0,0.08,0.176,SAS,1610612759,166.3,1928,24
417,1.09,1.79,16,756,38,19,1117.0,13,203503,Tony Snell,317,17,0.375,1.231,1.059,0.3,MIL,1610612749,31.5,1057,19
418,1.18,1.68,0,47,12,6,77.0,1,1626203,Treveon Graham,21,2,0.0,0.0,0.5,0.292,CHA,1610612766,2.0,72,6
419,0.75,1.5,22,1284,43,11,1471.0,41,2772,Trevor Ariza,554,58,0.364,0.634,0.414,0.3,HOU,1610612745,46.1,1849,32
420,0.95,1.73,62,1260,33,26,912.0,68,202344,Trevor Booker,338,83,0.274,0.794,0.711,0.158,BKN,1610612751,61.5,2136,7
421,5.04,4.65,26,885,36,17,451.0,3,203504,Trey Burke,171,2,0.154,0.667,0.0,0.174,WAS,1610612764,76.3,984,19
422,0.63,1.56,46,1130,43,16,843.0,13,1626168,Trey Lyles,354,23,0.13,0.923,0.522,0.204,UTA,1610612762,45.1,1732,27
423,0.38,1.27,98,652,40,11,1158.0,130,202684,Tristan Thompson,290,118,0.296,0.938,1.025,0.199,CLE,1610612739,30.9,1456,29
424,1.13,1.74,47,666,32,16,621.0,7,203584,Troy Daniels,315,7,0.362,0.571,0.571,0.379,MEM,1610612763,24.2,831,16
425,1.05,1.78,10,373,24,9,418.0,14,1627786,Troy Williams,127,19,1.1,0.286,0.211,0.271,MEM,1610612763,13.9,468,15
426,4.64,4.69,21,2079,39,24,977.0,10,201951,Ty Lawson,336,16,0.095,0.6,0.375,0.144,SAC,1610612758,182.5,2334,15
427,3.77,4.02,3,370,24,7,173.0,3,203898,Tyler Ennis,51,3,0.0,0.0,0.0,0.112,HOU,1610612745,30.5,455,17
428,3.06,3.34,63,1711,38,27,1177.0,25,204020,Tyler Johnson,529,36,0.222,0.48,0.5,0.239,MIA,1610612748,123.1,2209,11
429,4.96,4.48,4,433,24,20,223.0,2,1627755,Tyler Ulis,74,6,0.0,0.0,0.0,0.146,PHX,1610612756,37.8,506,4
430,0.49,1.34,49,363,27,12,327.0,43,203092,Tyler Zeller,111,49,0.388,0.721,0.714,0.213,BOS,1610612738,11.7,521,15
431,4.61,4.72,5,556,14,7,247.0,2,201936,Tyreke Evans,136,2,0.0,1.0,1.0,0.209,NOP,1610612740,51.2,650,7
432,0.38,1.23,69,555,30,21,824.0,108,2199,Tyson Chandler,228,113,0.203,0.963,0.947,0.174,PHX,1610612756,26.9,1313,9
433,3.8,4.11,1,435,23,16,240.0,2,1626145,Tyus Jones,73,4,0.0,0.0,0.0,0.146,MIN,1610612750,34.3,500,7
434,0.54,1.45,14,85,13,10,111.0,15,2617,Udonis Haslem,27,14,0.357,0.6,0.429,0.182,MIA,1610612748,3.6,148,3
435,2.46,2.99,47,1366,34,14,1149.0,28,203506,Victor Oladipo,546,28,0.404,1.071,1.107,0.331,OKC,1610612760,82.3,1651,20
436,0.86,1.52,61,872,36,17,855.0,22,1713,Vince Carter,288,25,0.426,0.773,0.76,0.235,MEM,1610612763,31.1,1228,19
437,5.18,5.37,7,606,23,9,304.0,0,1627735,Wade Baldwin IV,81,1,0.0,0.0,0.0,0.116,MEM,1610612763,62.3,696,14
438,0.99,1.62,28,479,21,16,556.0,5,201961,Wayne Ellington,227,6,0.643,0.0,0.0,0.378,MIA,1610612748,16.2,600,5
439,0.3,1.0,15,372,36,13,488.0,10,202325,Wesley Johnson,116,13,0.333,0.8,0.769,0.147,LAC,1610612746,13.1,788,23
440,1.31,2.15,46,1621,38,26,1355.0,29,202083,Wesley Matthews,574,31,0.261,0.828,0.839,0.285,DAL,1610612742,72.2,2017,12
441,2.52,3.04,12,999,26,15,745.0,15,203115,Will Barton,351,17,0.5,1.2,1.059,0.302,DEN,1610612743,59.0,1164,11
442,0.59,1.76,78,282,33,20,364.0,70,1626161,Willie Cauley-Stein,141,69,0.282,1.0,0.986,0.311,SAC,1610612758,13.3,453,13
443,0.49,1.31,50,268,32,22,437.0,51,203186,Willie Reed,163,60,0.16,1.137,1.0,0.361,MIA,1610612748,9.9,452,10
444,0.31,1.25,84,499,35,20,461.0,63,1626195,Willy Hernangomez,181,80,0.131,0.905,0.713,0.192,NYK,1610612752,19.6,945,15
445,1.51,2.19,29,1221,35,21,1080.0,40,201163,Wilson Chandler,561,48,0.276,1.0,0.979,0.322,DEN,1610612743,63.6,1742,14
446,4.22,4.02,5,263,10,9,151.0,1,1627812,Yogi Ferrell,54,2,0.4,0.0,0.0,0.178,BKN,1610612751,20.4,304,1
447,2.22,2.92,35,1945,38,27,1417.0,11,203897,Zach LaVine,765,14,0.543,0.545,0.143,0.338,MIN,1610612750,110.2,2261,11
448,0.76,1.97,167,1142,36,15,847.0,91,2216,Zach Randolph,496,117,0.251,0.846,0.863,0.293,MEM,1610612763,55.5,1692,21
449,0.42,1.4,95,598,37,5,688.0,108,2585,Zaza Pachulia,205,127,0.105,0.713,0.685,0.188,GSW,1610612744,25.5,1093,32
