,AGE,CFID,CFPARAMS,GP,L,MIN,PCT_AST_2PM,PCT_AST_3PM,PCT_AST_FGM,PCT_FGA_2PT,PCT_FGA_3PT,PCT_PTS_2PT,PCT_PTS_2PT_MR,PCT_PTS_3PT,PCT_PTS_FB,PCT_PTS_FT,PCT_PTS_OFF_TOV,PCT_PTS_PAINT,PCT_UAST_2PM,PCT_UAST_3PM,PCT_UAST_FGM,PLAYER_ID,PLAYER_NAME,TEAM_ABBREVIATION,TEAM_ID,W,W_PCT
0,34.0,5,"920,1610612742",82,62,32.3,0.744,0.0,0.744,0.993,0.007,0.807,0.477,0.0,0.12,0.193,0.158,0.33,0.256,0.0,0.256,920,A.C. Green,DAL,1610612742,20,0.244
1,25.0,5,"243,1610612755",81,47,22.4,0.717,0.917,0.734,0.835,0.165,0.765,0.422,0.108,0.172,0.127,0.187,0.343,0.283,0.083,0.266,243,Aaron McKie,PHI,1610612755,34,0.42
2,26.0,5,"1425,1610612760",65,16,11.6,0.819,0.0,0.819,0.995,0.005,0.779,0.087,0.0,0.154,0.221,0.181,0.691,0.181,0.0,0.181,1425,Aaron Williams,SEA,1610612760,49,0.754
3,28.0,5,"228,1610612762",80,19,25.6,0.808,0.0,0.808,1.0,0.0,0.739,0.126,0.0,0.176,0.261,0.197,0.613,0.192,0.0,0.192,228,Adam Keefe,UTA,1610612762,61,0.763
4,23.0,5,"1502,1610612744",55,46,12.0,0.493,0.0,0.493,0.994,0.006,0.836,0.097,0.0,0.091,0.164,0.152,0.739,0.507,0.0,0.507,1502,Adonal Foyle,GSW,1610612744,9,0.164
5,31.0,5,"154,1610612742",1,0,2.7,0.0,0.0,0.0,0.0,0.0,0.0,0.0,0.0,0.0,0.0,0.0,0.0,0.0,0.0,0.0,154,Adrian Caldwell,DAL,1610612742,1,1.0
6,25.0,5,"673,1610612737",69,27,29.1,0.569,0.667,0.57,0.992,0.008,0.734,0.187,0.009,0.118,0.257,0.174,0.548,0.431,0.333,0.43,673,Alan Henderson,ATL,1610612737,42,0.609
7,27.0,5,"275,1610612752",82,39,34.7,0.532,0.951,0.592,0.833,0.167,0.648,0.391,0.163,0.112,0.189,0.188,0.257,0.468,0.049,0.408,275,Allan Houston,NYK,1610612752,43,0.524
8,23.0,5,"947,1610612755",80,49,39.4,0.358,0.843,0.41,0.833,0.167,0.659,0.235,0.119,0.207,0.222,0.227,0.423,0.642,0.157,0.59,947,Allen Iverson,PHI,1610612755,31,0.388
9,28.0,5,"297,1610612748",58,19,33.4,0.705,0.0,0.705,1.0,0.0,0.723,0.132,0.0,0.09,0.277,0.146,0.591,0.295,0.0,0.295,297,Alonzo Mourning,MIA,1610612748,39,0.672
10,39.0,5,"175,1610612757",7,2,6.2,0.333,0.0,0.333,1.0,0.0,1.0,0.667,0.0,0.0,0.0,0.0,0.333,0.667,0.0,0.667,175,Alton Lister,POR,1610612757,5,0.714
11,23.0,5,"1541,1610612761",54,30,19.8,0.431,0.556,0.44,0.901,0.099,0.716,0.315,0.083,0.179,0.201,0.16,0.401,0.569,0.444,0.56,1541,Alvin Williams,TOR,1610612761,24,0.444
12,25.0,5,"692,1610612738",81,45,18.8,0.562,0.0,0.562,0.997,0.003,0.77,0.023,0.0,0.103,0.23,0.171,0.747,0.438,0.0,0.438,692,Andrew DeClercq,BOS,1610612738,36,0.444
13,32.0,5,"457,1610612749",57,34,12.1,0.574,0.0,0.574,0.993,0.007,0.711,0.105,0.0,0.099,0.289,0.224,0.605,0.426,0.0,0.426,457,Andrew Lang,MIL,1610612749,23,0.404
14,26.0,5,"358,1610612753",19,9,33.1,0.5,1.0,0.573,0.817,0.183,0.566,0.199,0.145,0.238,0.289,0.206,0.367,0.5,0.0,0.427,358,Anfernee Hardaway,ORL,1610612753,10,0.526
15,34.0,5,"194,1610612752",27,16,8.2,0.828,1.0,0.844,0.917,0.083,0.773,0.453,0.12,0.227,0.107,0.213,0.32,0.172,0.0,0.156,194,Anthony Bowie,NYK,1610612752,11,0.407
16,26.0,5,"924,1610612743",82,71,26.9,0.427,0.81,0.517,0.742,0.258,0.549,0.296,0.252,0.269,0.2,0.218,0.253,0.573,0.19,0.483,924,Anthony Goldwire,DEN,1610612743,11,0.134
17,23.0,5,"1533,1610612758",77,52,29.4,0.576,0.881,0.633,0.79,0.21,0.641,0.24,0.22,0.186,0.139,0.204,0.401,0.424,0.119,0.367,1533,Anthony Johnson,SAC,1610612758,25,0.325
18,31.0,5,"193,1610612766",81,31,38.9,0.478,0.0,0.478,0.995,0.005,0.749,0.125,0.0,0.088,0.251,0.125,0.624,0.522,0.0,0.522,193,Anthony Mason,CHH,1610612766,50,0.617
19,26.0,5,"292,1610612737",37,12,6.2,0.448,0.0,0.448,1.0,0.0,0.734,0.025,0.0,0.152,0.266,0.152,0.709,0.552,0.0,0.552,292,Anthony Miller,ATL,1610612737,25,0.676
20,23.0,5,"1515,1610612755",37,19,5.3,0.438,0.889,0.6,0.556,0.444,0.444,0.25,0.375,0.264,0.181,0.125,0.194,0.563,0.111,0.4,1515,Anthony Parker,PHI,1610612755,18,0.486
21,28.0,5,"324,1610612750",38,19,31.4,0.642,0.868,0.705,0.702,0.298,0.584,0.32,0.339,0.183,0.077,0.207,0.264,0.358,0.132,0.295,324,Anthony Peeler,MIN,1610612750,19,0.5
22,36.0,5,"156,1610612762",66,18,16.4,0.728,0.0,0.728,1.0,0.0,0.799,0.386,0.0,0.058,0.201,0.14,0.413,0.272,0.0,0.272,156,Antoine Carr,UTA,1610612762,48,0.727
23,21.0,5,"952,1610612738",82,46,39.9,0.531,0.901,0.578,0.829,0.171,0.686,0.124,0.148,0.135,0.166,0.247,0.562,0.469,0.099,0.422,952,Antoine Walker,BOS,1610612738,36,0.439
24,23.0,5,"1498,1610612763",74,57,26.4,0.433,0.909,0.456,0.905,0.095,0.75,0.318,0.057,0.228,0.193,0.185,0.432,0.567,0.091,0.544,1498,Antonio Daniels,VAN,1610612763,17,0.23
25,29.0,5,"213,1610612754",82,24,26.8,0.705,0.0,0.705,0.994,0.006,0.647,0.145,0.0,0.098,0.353,0.166,0.502,0.295,0.0,0.295,213,Antonio Davis,IND,1610612754,58,0.707
26,26.0,5,"226,1610612748",6,2,5.0,0.667,0.0,0.667,1.0,0.0,0.5,0.0,0.0,0.167,0.5,0.0,0.5,0.333,0.0,0.333,226,Antonio Lang,MIA,1610612748,4,0.667
27,23.0,5,"686,1610612756",81,26,30.1,0.785,0.0,0.785,0.998,0.002,0.811,0.238,0.0,0.167,0.189,0.175,0.573,0.215,0.0,0.215,686,Antonio McDyess,PHX,1610612756,55,0.679
28,34.0,5,"288,1610612749",82,46,25.8,0.581,0.0,0.581,0.994,0.006,0.71,0.185,0.0,0.125,0.29,0.198,0.526,0.419,0.0,0.419,288,Armen Gilliam,MIL,1610612749,36,0.439
29,33.0,5,"717,1610612757",73,33,31.9,0.676,0.967,0.698,0.861,0.139,0.646,0.074,0.077,0.019,0.277,0.131,0.572,0.324,0.033,0.302,717,Arvydas Sabonis,POR,1610612757,40,0.548
30,23.0,5,"1506,1610612754",26,5,9.4,0.643,0.75,0.656,0.849,0.151,0.737,0.395,0.158,0.118,0.105,0.158,0.342,0.357,0.25,0.344,1506,Austin Croshere,IND,1610612754,21,0.808
31,33.0,5,"422,1610612759",75,25,35.6,0.417,1.0,0.421,0.981,0.019,0.833,0.206,0.008,0.176,0.159,0.171,0.627,0.583,0.0,0.579,422,Avery Johnson,SAS,1610612759,50,0.667
32,30.0,5,"769,1610612766",66,30,12.6,0.604,1.0,0.638,0.836,0.164,0.736,0.421,0.103,0.18,0.161,0.203,0.314,0.396,0.0,0.362,769,B.J. Armstrong,CHH,1610612766,36,0.545
33,25.0,5,"989,1610612752",7,6,1.7,0.5,0.0,0.5,1.0,0.0,1.0,0.5,0.0,0.0,0.0,0.0,0.5,0.5,0.0,0.5,989,Ben Davis,NYK,1610612752,1,0.143
34,23.0,5,"1112,1610612764",67,33,16.8,0.659,0.0,0.659,1.0,0.0,0.829,0.0,0.0,0.098,0.171,0.19,0.829,0.341,0.0,0.341,1112,Ben Wallace,WAS,1610612764,34,0.507
35,33.0,5,"104,1610612755",14,9,14.3,0.682,0.0,0.682,1.0,0.0,0.698,0.127,0.0,0.032,0.302,0.175,0.571,0.318,0.0,0.318,104,Benoit Benjamin,PHI,1610612755,5,0.357
36,26.0,5,"223,1610612750",11,3,13.3,0.688,0.0,0.688,0.97,0.03,0.941,0.412,0.0,0.059,0.059,0.235,0.529,0.313,0.0,0.313,223,Bill Curley,MIN,1610612750,8,0.727
37,35.0,5,"82,1610612741",48,13,9.7,0.773,0.0,0.773,1.0,0.0,0.898,0.611,0.0,0.048,0.102,0.108,0.287,0.227,0.0,0.227,82,Bill Wennington,CHI,1610612741,35,0.729
38,29.0,5,"182,1610612758",78,53,30.1,0.571,0.923,0.598,0.904,0.096,0.763,0.2,0.095,0.127,0.142,0.164,0.562,0.429,0.077,0.402,182,Billy Owens,SAC,1610612758,25,0.321
39,30.0,5,"902,1610612744",53,41,27.7,0.438,0.769,0.464,0.87,0.13,0.723,0.435,0.092,0.18,0.184,0.199,0.288,0.562,0.231,0.536,902,Bimbo Coles,GSW,1610612744,12,0.226
40,29.0,5,"183,1610612765",78,43,33.6,0.675,0.0,0.674,0.997,0.003,0.841,0.254,0.002,0.08,0.157,0.157,0.587,0.325,1.0,0.326,183,Bison Dele,DET,1610612765,35,0.449
41,32.0,5,"898,1610612763",81,62,24.3,0.692,1.0,0.73,0.838,0.162,0.656,0.3,0.138,0.197,0.206,0.183,0.356,0.308,0.0,0.27,898,Blue Edwards,VAN,1610612763,19,0.235
42,27.0,5,"448,1610612753",82,41,36.0,0.615,0.0,0.613,0.993,0.007,0.766,0.033,0.004,0.169,0.23,0.209,0.732,0.385,1.0,0.387,448,Bo Outlaw,ORL,1610612753,41,0.5
43,34.0,5,"737,1610612761",1,1,5.1,0.0,0.0,0.0,1.0,0.0,0.0,0.0,0.0,0.0,0.0,0.0,0.0,0.0,0.0,0.0,737,Bob McCann,TOR,1610612761,0,0.0
44,25.0,5,"682,1610612739",46,21,20.5,0.279,0.789,0.391,0.74,0.26,0.509,0.082,0.213,0.184,0.277,0.165,0.427,0.721,0.211,0.609,682,Bob Sura,CLE,1610612739,25,0.543
45,27.0,5,"310,1610612763",61,42,14.3,0.5,1.0,0.527,0.908,0.092,0.704,0.472,0.06,0.072,0.236,0.144,0.232,0.5,0.0,0.473,310,Bobby Hurley,VAN,1610612763,19,0.311
46,25.0,5,"1517,1610612743",68,60,30.1,0.457,0.429,0.455,0.898,0.102,0.732,0.4,0.08,0.196,0.189,0.218,0.332,0.543,0.571,0.545,1517,Bobby Jackson,DEN,1610612743,8,0.118
47,28.0,5,"184,1610612766",62,22,30.5,0.653,0.955,0.707,0.793,0.207,0.629,0.199,0.206,0.218,0.165,0.217,0.43,0.347,0.045,0.293,184,Bobby Phills,CHH,1610612766,40,0.645
48,33.0,5,"38,1610612759",9,3,11.3,0.667,1.0,0.857,0.333,0.667,0.316,0.316,0.632,0.105,0.053,0.158,0.0,0.333,0.0,0.143,38,Brad Lohaus,SAS,1610612759,6,0.667
49,23.0,5,"1585,1610612744",9,7,15.5,0.692,1.0,0.75,0.82,0.18,0.703,0.432,0.243,0.054,0.054,0.162,0.27,0.308,0.0,0.25,1585,Brandon Williams,GSW,1610612744,2,0.222
50,26.0,5,"699,1610612748",58,37,27.6,0.439,0.7,0.549,0.547,0.453,0.39,0.079,0.428,0.214,0.182,0.168,0.311,0.561,0.3,0.451,699,Brent Barry,MIA,1610612748,21,0.362
51,29.0,5,"85,1610612745",72,37,18.6,0.382,0.74,0.586,0.397,0.603,0.271,0.071,0.539,0.131,0.19,0.143,0.2,0.618,0.26,0.414,85,Brent Price,HOU,1610612745,35,0.486
52,22.0,5,"1510,1610612739",80,35,31.1,0.383,0.0,0.383,0.988,0.012,0.722,0.318,0.0,0.159,0.278,0.216,0.404,0.617,0.0,0.617,1510,Brevin Knight,CLE,1610612739,45,0.563
53,24.0,5,"967,1610612751",72,40,12.4,0.691,0.931,0.748,0.721,0.279,0.586,0.405,0.271,0.106,0.143,0.181,0.181,0.309,0.069,0.252,967,Brian Evans,NJN,1610612751,32,0.444
54,26.0,5,"258,1610612757",61,26,31.5,0.675,0.0,0.675,0.998,0.002,0.768,0.149,0.0,0.084,0.232,0.161,0.619,0.325,0.0,0.325,258,Brian Grant,POR,1610612757,35,0.574
55,30.0,5,"1680,1610612737",5,0,12.2,0.571,0.0,0.571,1.0,0.0,0.933,0.267,0.0,0.4,0.067,0.0,0.667,0.429,0.0,0.429,1680,Brian Oliver,ATL,1610612737,5,1.0
56,32.0,5,"216,1610612755",59,42,25.9,0.444,0.857,0.519,0.787,0.213,0.677,0.306,0.226,0.108,0.097,0.121,0.371,0.556,0.143,0.481,216,Brian Shaw,PHI,1610612755,17,0.288
57,27.0,5,"240,1610612752",30,13,5.6,0.286,0.778,0.478,0.464,0.536,0.475,0.237,0.458,0.153,0.068,0.169,0.237,0.714,0.222,0.522,240,Brooks Thompson,NYK,1610612752,17,0.567
58,27.0,5,"1477,1610612738",61,35,21.4,0.598,0.9,0.648,0.802,0.198,0.6,0.147,0.176,0.253,0.224,0.376,0.453,0.402,0.1,0.352,1477,Bruce Bowen,BOS,1610612738,26,0.426
59,25.0,5,"735,1610612763",74,58,34.1,0.711,0.0,0.711,0.996,0.004,0.815,0.242,0.0,0.06,0.185,0.128,0.573,0.289,0.0,0.289,735,Bryant Reeves,VAN,1610612763,16,0.216
60,27.0,5,"179,1610612743",31,28,23.2,0.508,0.7,0.533,0.787,0.213,0.553,0.272,0.128,0.115,0.319,0.174,0.281,0.492,0.3,0.467,179,Bryant Stith,DEN,1610612743,3,0.097
61,27.0,5,"935,1610612762",82,20,27.1,0.667,0.918,0.748,0.592,0.408,0.415,0.1,0.297,0.172,0.289,0.224,0.314,0.333,0.082,0.252,935,Bryon Russell,UTA,1610612762,62,0.756
62,23.0,5,"1528,1610612742",39,32,10.0,0.447,1.0,0.458,0.948,0.052,0.734,0.391,0.023,0.148,0.242,0.211,0.344,0.553,0.0,0.542,1528,Bubba Wells,DAL,1610612742,7,0.179
63,38.0,5,"433,1610612752",41,19,18.0,0.587,0.0,0.587,1.0,0.0,0.743,0.099,0.0,0.099,0.257,0.134,0.644,0.413,0.0,0.413,433,Buck Williams,NYK,1610612752,22,0.537
64,26.0,5,"384,1610612764",82,40,34.6,0.667,0.667,0.667,0.946,0.054,0.825,0.404,0.043,0.135,0.132,0.202,0.421,0.333,0.333,0.333,384,Calbert Cheaney,WAS,1610612764,42,0.512
65,31.0,5,"61,1610612759",58,16,8.9,0.566,0.0,0.566,0.994,0.006,0.894,0.224,0.0,0.1,0.106,0.176,0.671,0.434,0.0,0.434,61,Carl Herrera,SAS,1610612759,42,0.724
66,28.0,5,"1063,1610612739",43,27,9.8,0.722,0.95,0.804,0.579,0.421,0.486,0.365,0.405,0.25,0.108,0.189,0.122,0.278,0.05,0.196,1063,Carl Thomas,CLE,1610612739,16,0.372
67,27.0,5,"435,1610612757",21,14,17.9,0.638,0.0,0.638,0.978,0.022,0.839,0.018,0.0,0.277,0.161,0.143,0.821,0.362,0.0,0.362,435,Carlos Rogers,POR,1610612757,7,0.333
68,28.0,5,"76,1610612742",47,21,21.1,0.612,0.952,0.647,0.831,0.169,0.683,0.127,0.118,0.213,0.2,0.263,0.556,0.388,0.048,0.353,76,Cedric Ceballos,DAL,1610612742,26,0.553
69,23.0,5,"1538,1610612739",82,35,30.8,0.787,0.0,0.787,0.994,0.006,0.837,0.313,0.0,0.288,0.163,0.232,0.524,0.213,0.0,0.213,1538,Cedric Henderson,CLE,1610612739,47,0.573
70,35.0,5,"787,1610612745",68,32,33.0,0.332,0.5,0.341,0.887,0.113,0.662,0.17,0.052,0.068,0.286,0.142,0.492,0.668,0.5,0.659,787,Charles Barkley,HOU,1610612745,36,0.529
71,41.0,5,"279,1610612745",24,14,5.2,0.143,0.0,0.143,1.0,0.0,0.933,0.0,0.0,0.0,0.067,0.133,0.933,0.857,0.0,0.857,279,Charles Jones,HOU,1610612745,10,0.417
72,23.0,5,"1525,1610612765",30,12,7.8,0.654,0.0,0.654,0.957,0.043,0.813,0.188,0.0,0.313,0.188,0.188,0.625,0.346,0.0,0.346,1525,Charles O'Bannon,DET,1610612765,18,0.6
73,34.0,5,"891,1610612752",79,37,34.6,0.837,0.0,0.837,0.991,0.009,0.864,0.602,0.0,0.097,0.136,0.181,0.262,0.163,0.0,0.163,891,Charles Oakley,NYK,1610612752,42,0.532
74,22.0,5,"1520,1610612746",34,19,8.6,0.559,0.933,0.673,0.624,0.376,0.571,0.269,0.378,0.21,0.05,0.151,0.303,0.441,0.067,0.327,1520,Charles Smith,LAC,1610612746,15,0.441
75,27.0,5,"369,1610612752",82,39,28.3,0.299,0.642,0.417,0.583,0.417,0.48,0.093,0.379,0.146,0.142,0.221,0.386,0.701,0.358,0.583,369,Charlie Ward,NYK,1610612752,43,0.524
76,21.0,5,"1497,1610612761",80,52,27.7,0.312,0.542,0.4,0.566,0.434,0.387,0.078,0.359,0.195,0.253,0.226,0.309,0.688,0.458,0.6,1497,Chauncey Billups,TOR,1610612761,28,0.35
77,25.0,5,"685,1610612750",79,36,21.6,0.741,0.0,0.741,0.998,0.002,0.803,0.319,0.0,0.088,0.197,0.142,0.484,0.259,0.0,0.259,685,Cherokee Parks,MIN,1610612750,43,0.544
78,23.0,5,"1512,1610612742",41,31,16.6,0.697,1.0,0.707,0.931,0.069,0.742,0.35,0.038,0.138,0.221,0.15,0.392,0.303,0.0,0.293,1512,Chris Anstey,DAL,1610612742,10,0.244
79,24.0,5,"713,1610612750",51,23,22.9,0.713,0.95,0.763,0.719,0.281,0.595,0.29,0.238,0.149,0.167,0.194,0.306,0.287,0.05,0.237,713,Chris Carr,MIN,1610612750,28,0.549
80,30.0,5,"164,1610612752",68,31,23.5,0.303,0.815,0.396,0.754,0.246,0.569,0.27,0.189,0.138,0.242,0.179,0.298,0.697,0.185,0.604,164,Chris Childs,NYK,1610612752,37,0.544
81,23.0,5,"1544,1610612737",40,16,6.4,0.511,1.0,0.522,0.973,0.027,0.6,0.147,0.02,0.147,0.38,0.187,0.453,0.489,0.0,0.478,1544,Chris Crawford,ATL,1610612737,24,0.6
82,33.0,5,"201,1610612752",51,22,16.8,0.586,0.0,0.586,1.0,0.0,0.739,0.038,0.0,0.064,0.261,0.089,0.701,0.414,0.0,0.414,201,Chris Dudley,NYK,1610612752,29,0.569
83,23.0,5,"1612,1610612761",38,31,7.6,0.474,1.0,0.565,0.8,0.2,0.717,0.226,0.226,0.226,0.057,0.151,0.491,0.526,0.0,0.435,1612,Chris Garner,TOR,1610612761,7,0.184
84,30.0,5,"423,1610612751",57,27,23.8,0.603,1.0,0.605,0.993,0.007,0.753,0.271,0.005,0.085,0.242,0.212,0.482,0.397,0.0,0.395,423,Chris Gatling,NJN,1610612751,30,0.526
85,28.0,5,"168,1610612752",80,38,27.3,0.647,0.95,0.688,0.797,0.203,0.649,0.227,0.155,0.153,0.196,0.214,0.423,0.353,0.05,0.312,168,Chris Mills,NYK,1610612752,42,0.525
86,32.0,5,"356,1610612762",54,11,10.0,0.621,1.0,0.706,0.7,0.3,0.567,0.103,0.245,0.172,0.189,0.18,0.464,0.379,0.0,0.294,356,Chris Morris,UTA,1610612762,43,0.796
87,34.0,5,"904,1610612754",82,24,26.6,0.69,0.972,0.781,0.649,0.351,0.488,0.246,0.346,0.21,0.166,0.197,0.242,0.31,0.028,0.219,904,Chris Mullin,IND,1610612754,58,0.707
88,24.0,5,"997,1610612758",35,31,11.9,0.634,0.917,0.738,0.621,0.379,0.506,0.198,0.444,0.198,0.049,0.21,0.309,0.366,0.083,0.262,997,Chris Robinson,SAC,1610612758,4,0.114
89,25.0,5,"185,1610612764",71,32,39.6,0.703,0.862,0.719,0.847,0.153,0.749,0.214,0.125,0.143,0.126,0.201,0.535,0.297,0.138,0.281,185,Chris Webber,WAS,1610612764,39,0.549
90,26.0,5,"43,1610612764",82,40,13.1,0.5,0.712,0.587,0.524,0.476,0.351,0.209,0.37,0.05,0.28,0.187,0.142,0.5,0.288,0.413,43,Chris Whitney,WAS,1610612764,42,0.512
91,28.0,5,"363,1610612737",74,27,30.9,0.563,1.0,0.571,0.963,0.037,0.682,0.261,0.018,0.06,0.3,0.165,0.422,0.437,0.0,0.429,363,Christian Laettner,ATL,1610612737,47,0.635
92,34.0,5,"456,1610612759",61,19,23.8,0.729,0.968,0.888,0.307,0.693,0.235,0.137,0.697,0.11,0.068,0.09,0.098,0.271,0.032,0.112,456,Chuck Person,SAS,1610612759,42,0.689
93,30.0,5,"359,1610612737",77,30,15.7,0.654,0.5,0.652,0.978,0.022,0.822,0.377,0.016,0.186,0.163,0.202,0.444,0.346,0.5,0.348,359,Chucky Brown,ATL,1610612737,47,0.61
94,27.0,5,"221,1610612744",79,55,29.4,0.713,0.0,0.713,1.0,0.0,0.728,0.171,0.0,0.098,0.272,0.164,0.557,0.287,0.0,0.287,221,Clar. Weatherspoon,GSW,1610612744,24,0.304
95,31.0,5,"361,1610612756",80,25,29.6,0.674,0.926,0.69,0.906,0.094,0.71,0.141,0.071,0.091,0.219,0.177,0.568,0.326,0.074,0.31,361,Clifford Robinson,PHX,1610612756,55,0.688
96,25.0,5,"32,1610612750",6,5,5.1,0.667,0.0,0.667,1.0,0.0,1.0,0.667,0.0,0.333,0.0,0.667,0.333,0.333,0.0,0.333,32,Clifford Rozier,MIN,1610612750,1,0.167
97,36.0,5,"17,1610612745",70,31,35.4,0.439,0.821,0.529,0.685,0.315,0.538,0.146,0.247,0.196,0.215,0.177,0.392,0.561,0.179,0.471,17,Clyde Drexler,HOU,1610612745,39,0.557
98,27.0,5,"1133,1610612766",59,22,12.5,0.507,0.5,0.507,0.975,0.025,0.743,0.304,0.031,0.11,0.225,0.183,0.44,0.493,0.5,0.493,1133,Corey Beck,CHH,1610612766,37,0.627
99,29.0,5,"916,1610612747",70,19,14.7,0.794,0.0,0.794,0.979,0.021,0.846,0.134,0.0,0.119,0.154,0.099,0.711,0.206,0.0,0.206,916,Corie Blount,LAL,1610612747,51,0.729
100,24.0,5,"722,1610612758",79,54,35.6,0.606,0.0,0.606,0.992,0.008,0.801,0.171,0.0,0.183,0.199,0.164,0.63,0.394,0.0,0.394,722,Corliss Williamson,SAC,1610612758,25,0.316
101,25.0,5,"724,1610612743",60,31,21.6,0.305,0.712,0.462,0.56,0.44,0.43,0.25,0.406,0.111,0.164,0.197,0.18,0.695,0.288,0.538,724,Cory Alexander,DEN,1610612743,29,0.483
102,29.0,5,"905,1610612754",78,23,27.8,0.626,0.0,0.626,1.0,0.0,0.872,0.112,0.0,0.133,0.128,0.153,0.76,0.374,0.0,0.374,905,Dale Davis,IND,1610612754,55,0.705
103,37.0,5,"107,1610612760",79,20,24.6,0.868,0.984,0.911,0.606,0.394,0.472,0.308,0.409,0.181,0.119,0.246,0.164,0.132,0.016,0.089,107,Dale Ellis,SEA,1610612760,59,0.747
104,24.0,5,"757,1610612757",71,47,40.0,0.291,0.489,0.331,0.722,0.278,0.584,0.236,0.221,0.211,0.195,0.185,0.349,0.709,0.511,0.669,757,Damon Stoudamire,POR,1610612757,24,0.338
105,32.0,5,"105,1610612748",72,23,26.8,0.685,0.901,0.815,0.328,0.672,0.281,0.023,0.642,0.145,0.077,0.198,0.258,0.315,0.099,0.185,105,Dan Majerle,MIA,1610612748,49,0.681
106,39.0,5,"7,1610612753",74,39,17.2,0.742,0.0,0.742,1.0,0.0,0.764,0.419,0.0,0.022,0.236,0.123,0.345,0.258,0.0,0.258,7,Dan Schayes,ORL,1610612753,35,0.473
107,31.0,5,"344,1610612738",80,44,21.1,0.392,0.78,0.53,0.596,0.404,0.462,0.25,0.383,0.181,0.156,0.237,0.212,0.608,0.22,0.47,344,Dana Barros,BOS,1610612738,36,0.45
108,31.0,5,"198,1610612739",69,30,15.0,0.775,1.0,0.841,0.654,0.346,0.55,0.433,0.34,0.086,0.11,0.241,0.117,0.225,0.0,0.159,198,Danny Ferry,CLE,1610612739,39,0.565
109,22.0,5,"1504,1610612743",80,69,22.7,0.549,1.0,0.551,0.995,0.005,0.674,0.132,0.004,0.107,0.322,0.184,0.542,0.451,0.0,0.449,1504,Danny Fortson,DEN,1610612743,11,0.138
110,32.0,5,"330,1610612756",70,24,25.7,0.669,0.0,0.669,0.991,0.009,0.824,0.304,0.0,0.117,0.176,0.191,0.52,0.331,0.0,0.331,330,Danny Manning,PHX,1610612756,46,0.657
111,30.0,5,"353,1610612753",48,25,25.8,0.351,0.84,0.429,0.821,0.179,0.593,0.276,0.17,0.17,0.238,0.24,0.317,0.649,0.16,0.571,353,Darrell Armstrong,ORL,1610612753,23,0.479
112,27.0,5,"239,1610612746",82,65,28.0,0.089,0.533,0.262,0.599,0.401,0.4,0.077,0.382,0.181,0.219,0.174,0.322,0.911,0.467,0.738,239,Darrick Martin,LAC,1610612746,17,0.207
113,24.0,5,"1032,1610612764",71,34,8.9,0.582,0.0,0.582,1.0,0.0,0.759,0.041,0.0,0.179,0.241,0.255,0.717,0.418,0.0,0.418,1032,Darvin Ham,WAS,1610612764,37,0.521
114,30.0,5,"128,1610612753",77,36,14.6,0.649,0.927,0.75,0.583,0.417,0.462,0.21,0.393,0.129,0.145,0.179,0.252,0.351,0.073,0.25,128,David Benoit,ORL,1610612753,41,0.532
115,32.0,5,"764,1610612759",73,23,33.7,0.632,1.0,0.632,0.996,0.004,0.69,0.187,0.002,0.083,0.308,0.113,0.503,0.368,0.0,0.368,764,David Robinson,SAS,1610612759,50,0.685
116,25.0,5,"710,1610612751",40,22,12.2,0.697,0.0,0.697,0.993,0.007,0.815,0.272,0.0,0.142,0.185,0.247,0.543,0.303,0.0,0.303,710,David Vaughn,NJN,1610612751,18,0.45
117,27.0,5,"133,1610612766",81,31,35.1,0.448,0.847,0.509,0.803,0.197,0.615,0.302,0.168,0.17,0.217,0.213,0.313,0.552,0.153,0.491,133,David Wesley,CHH,1610612766,50,0.617
118,34.0,5,"766,1610612760",58,13,9.4,0.81,0.667,0.803,0.95,0.05,0.84,0.467,0.06,0.233,0.1,0.227,0.373,0.19,0.333,0.197,766,David Wingate,SEA,1610612760,45,0.776
119,24.0,5,"1545,1610612750",34,17,4.3,0.5,0.75,0.6,0.66,0.34,0.421,0.175,0.421,0.175,0.158,0.298,0.246,0.5,0.25,0.4,1545,DeJuan Wheat,MIN,1610612750,17,0.5
120,31.0,5,"1051,1610612743",82,71,32.1,0.711,0.0,0.711,1.0,0.0,0.809,0.338,0.0,0.048,0.191,0.151,0.472,0.289,0.0,0.289,1051,Dean Garrett,DEN,1610612743,11,0.134
121,29.0,5,"244,1610612761",72,51,23.9,0.638,0.861,0.736,0.518,0.482,0.419,0.274,0.492,0.143,0.088,0.181,0.146,0.362,0.139,0.264,244,Dee Brown,TOR,1610612761,21,0.292
122,34.0,5,"209,1610612766",52,21,18.7,0.789,0.934,0.835,0.666,0.334,0.543,0.29,0.373,0.245,0.084,0.202,0.253,0.211,0.066,0.165,209,Dell Curry,CHH,1610612766,31,0.596
123,37.0,5,"23,1610612741",80,20,35.7,0.497,0.75,0.503,0.936,0.064,0.805,0.091,0.032,0.093,0.163,0.168,0.715,0.503,0.25,0.497,23,Dennis Rodman,CHI,1610612741,60,0.75
124,29.0,5,"192,1610612756",81,52,28.2,0.417,0.904,0.602,0.587,0.413,0.459,0.273,0.422,0.137,0.118,0.16,0.187,0.583,0.096,0.398,192,Dennis Scott,PHX,1610612756,29,0.358
125,23.0,5,"1507,1610612739",66,26,27.8,0.486,0.647,0.498,0.857,0.143,0.577,0.236,0.066,0.191,0.357,0.214,0.34,0.514,0.353,0.502,1507,Derek Anderson,CLE,1610612739,40,0.606
126,23.0,5,"965,1610612747",82,21,21.5,0.316,0.871,0.421,0.786,0.214,0.561,0.152,0.196,0.194,0.243,0.181,0.409,0.684,0.129,0.579,965,Derek Fisher,LAL,1610612747,61,0.744
127,23.0,5,"1575,1610612758",9,7,3.7,0.0,0.75,0.75,0.143,0.857,0.0,0.0,0.857,0.0,0.143,0.0,0.0,0.0,0.25,0.25,1575,Derek Grimm,SAC,1610612758,2,0.222
128,36.0,5,"157,1610612753",66,37,26.7,0.557,0.729,0.602,0.697,0.303,0.59,0.382,0.313,0.136,0.097,0.201,0.208,0.443,0.271,0.398,157,Derek Harper,ORL,1610612753,29,0.439
129,30.0,5,"400,1610612753",58,25,28.3,0.685,0.0,0.685,0.994,0.006,0.705,0.282,0.0,0.087,0.295,0.187,0.423,0.315,0.0,0.315,400,Derek Strong,ORL,1610612753,33,0.569
130,31.0,5,"934,1610612755",59,36,36.2,0.57,0.962,0.598,0.887,0.113,0.635,0.219,0.075,0.083,0.29,0.151,0.415,0.43,0.038,0.402,934,Derrick Coleman,PHI,1610612755,23,0.39
131,31.0,5,"365,1610612754",57,16,23.1,0.664,1.0,0.673,0.948,0.052,0.813,0.312,0.033,0.081,0.153,0.184,0.501,0.336,0.0,0.327,365,Derrick McKey,IND,1610612754,41,0.719
132,35.0,5,"96,1610612760",78,20,35.2,0.651,0.983,0.697,0.837,0.163,0.611,0.253,0.147,0.183,0.242,0.17,0.358,0.349,0.017,0.303,96,Detlef Schrempf,SEA,1610612760,58,0.744
133,26.0,5,"54,1610612741",40,22,10.8,0.646,0.0,0.646,0.978,0.022,0.727,0.152,0.0,0.091,0.273,0.121,0.576,0.354,0.0,0.354,54,Dickey Simpkins,CHI,1610612741,18,0.45
134,32.0,5,"87,1610612737",82,32,35.5,0.424,0.0,0.424,1.0,0.0,0.725,0.067,0.0,0.042,0.275,0.118,0.658,0.576,0.0,0.576,87,Dikembe Mutombo,ATL,1610612737,50,0.61
135,28.0,5,"931,1610612751",9,5,4.8,0.0,1.0,1.0,0.8,0.2,0.0,0.0,1.0,0.0,0.0,1.0,0.0,0.0,0.0,0.0,931,Don MacLean,NJN,1610612751,4,0.444
136,24.0,5,"690,1610612765",68,35,14.6,0.798,0.0,0.798,1.0,0.0,0.79,0.05,0.0,0.143,0.21,0.252,0.739,0.202,0.0,0.202,690,Don Reid,DET,1610612765,33,0.485
137,32.0,5,"140,1610612766",31,13,10.4,0.52,0.0,0.52,1.0,0.0,0.633,0.177,0.0,0.101,0.367,0.114,0.456,0.48,0.0,0.48,140,Donald Royal,CHH,1610612766,18,0.581
138,29.0,5,"1126,1610612737",3,0,5.0,1.0,0.0,1.0,0.5,0.5,1.0,0.0,0.0,1.0,0.0,0.0,1.0,0.0,0.0,0.0,1126,Donald Whiteside,ATL,1610612737,3,1.0
139,23.0,5,"963,1610612738",15,8,6.1,0.769,1.0,0.842,0.596,0.404,0.591,0.364,0.409,0.182,0.0,0.182,0.227,0.231,0.0,0.158,963,Dontae' Jones,BOS,1610612738,7,0.467
140,24.0,5,"112,1610612757",3,1,2.7,0.0,0.0,0.0,1.0,0.0,0.0,0.0,0.0,0.0,1.0,0.0,0.0,0.0,0.0,0.0,112,Dontonio Wingfield,POR,1610612757,2,0.667
141,25.0,5,"923,1610612744",73,57,35.8,0.608,0.952,0.656,0.816,0.184,0.691,0.212,0.168,0.15,0.141,0.214,0.479,0.392,0.048,0.344,923,Donyell Marshall,GSW,1610612744,16,0.219
142,28.0,5,"57,1610612761",78,63,37.7,0.528,0.83,0.594,0.713,0.287,0.556,0.185,0.233,0.267,0.211,0.225,0.371,0.472,0.17,0.406,57,Doug Christie,TOR,1610612761,15,0.192
143,28.0,5,"77,1610612755",23,17,12.0,0.75,0.0,0.75,0.952,0.048,0.774,0.484,0.0,0.29,0.226,0.242,0.29,0.25,0.0,0.25,77,Doug Overton,PHI,1610612755,6,0.261
144,31.0,5,"28,1610612750",38,17,18.1,0.813,0.0,0.813,0.988,0.012,0.815,0.446,0.0,0.14,0.185,0.153,0.369,0.188,0.0,0.188,28,Doug West,MIN,1610612750,21,0.553
145,25.0,5,"1003,1610612737",27,11,9.5,0.667,0.889,0.778,0.447,0.553,0.321,0.143,0.482,0.25,0.196,0.339,0.179,0.333,0.111,0.222,1003,Drew Barry,ATL,1610612737,16,0.593
146,30.0,5,"190,1610612748",37,8,9.8,0.73,0.0,0.73,1.0,0.0,0.831,0.067,0.0,0.045,0.169,0.045,0.764,0.27,0.0,0.27,190,Duane Causwell,MIA,1610612748,29,0.784
147,33.0,5,"273,1610612744",50,43,9.1,0.561,0.0,0.561,0.946,0.054,0.872,0.383,0.0,0.202,0.128,0.309,0.489,0.439,0.0,0.439,273,Duane Ferrell,GSW,1610612744,7,0.14
148,22.0,5,"1516,1610612737",30,11,15.7,0.458,0.778,0.532,0.772,0.228,0.52,0.203,0.238,0.172,0.242,0.159,0.317,0.542,0.222,0.468,1516,Ed Gray,ATL,1610612737,19,0.633
149,26.0,5,"1055,1610612761",4,4,4.4,0.0,0.0,0.0,1.0,0.0,0.667,0.0,0.0,0.0,0.333,0.0,0.667,1.0,0.0,1.0,1055,Ed Stokes,TOR,1610612761,0,0.0
150,39.0,5,"698,1610612745",75,38,19.9,0.733,0.985,0.806,0.636,0.364,0.509,0.269,0.313,0.137,0.179,0.171,0.24,0.267,0.015,0.194,698,Eddie Johnson,HOU,1610612745,37,0.493
151,26.0,5,"224,1610612747",80,20,36.4,0.659,0.965,0.749,0.634,0.366,0.509,0.082,0.318,0.275,0.172,0.203,0.427,0.341,0.035,0.251,224,Eddie Jones,LAL,1610612747,60,0.75
152,29.0,5,"922,1610612747",81,21,22.0,0.59,0.0,0.588,0.997,0.003,0.706,0.13,0.004,0.051,0.29,0.162,0.576,0.41,1.0,0.412,922,Elden Campbell,LAL,1610612747,60,0.741
153,30.0,5,"695,1610612737",59,27,24.6,0.41,0.823,0.534,0.673,0.327,0.526,0.318,0.339,0.068,0.135,0.153,0.208,0.59,0.177,0.466,695,Eldridge Recasner,ATL,1610612737,32,0.542
154,29.0,5,"386,1610612749",81,45,21.6,0.518,0.941,0.548,0.911,0.089,0.758,0.558,0.086,0.223,0.156,0.252,0.2,0.482,0.059,0.452,386,Elliot Perry,MIL,1610612749,36,0.444
155,29.0,5,"1023,1610612745",45,28,13.3,0.583,0.926,0.73,0.493,0.507,0.391,0.12,0.44,0.147,0.168,0.223,0.272,0.417,0.074,0.27,1023,Emanual Davis,HOU,1610612745,17,0.378
156,26.0,5,"376,1610612765",48,28,14.4,0.525,0.0,0.525,1.0,0.0,0.884,0.13,0.0,0.072,0.116,0.174,0.754,0.475,0.0,0.475,376,Eric Montross,DET,1610612765,20,0.417
157,30.0,5,"785,1610612748",82,27,17.0,0.409,0.786,0.469,0.783,0.217,0.588,0.138,0.166,0.156,0.247,0.225,0.45,0.591,0.214,0.531,785,Eric Murdock,MIA,1610612748,55,0.671
158,27.0,5,"15,1610612746",67,52,26.0,0.543,0.849,0.669,0.544,0.456,0.397,0.097,0.418,0.182,0.184,0.179,0.3,0.457,0.151,0.331,15,Eric Piatkowski,LAC,1610612746,15,0.224
159,28.0,5,"35,1610612742",39,29,13.9,0.714,0.0,0.714,0.993,0.007,0.806,0.388,0.0,0.022,0.194,0.187,0.417,0.286,0.0,0.286,35,Eric Riley,DAL,1610612742,10,0.256
160,25.0,5,"727,1610612755",64,29,14.4,0.61,1.0,0.62,0.908,0.092,0.737,0.278,0.029,0.306,0.234,0.206,0.459,0.39,0.0,0.38,727,Eric Snow,PHI,1610612755,35,0.547
161,24.0,5,"1540,1610612743",66,59,23.3,0.688,0.818,0.716,0.725,0.275,0.614,0.309,0.258,0.159,0.127,0.139,0.305,0.312,0.182,0.284,1540,Eric Washington,DEN,1610612743,7,0.106
162,25.0,5,"677,1610612743",4,4,36.2,0.292,0.0,0.292,1.0,0.0,0.608,0.228,0.0,0.051,0.392,0.139,0.38,0.708,0.0,0.708,677,Eric Williams,DEN,1610612743,0,0.0
163,22.0,5,"956,1610612744",82,63,32.4,0.537,0.0,0.537,0.997,0.003,0.725,0.103,0.0,0.132,0.275,0.138,0.622,0.463,0.0,0.463,956,Erick Dampier,GSW,1610612744,19,0.232
164,24.0,5,"1065,1610612742",67,50,22.4,0.318,0.917,0.462,0.708,0.292,0.591,0.341,0.282,0.188,0.127,0.188,0.25,0.682,0.083,0.538,1065,Erick Strickland,DAL,1610612742,17,0.254
165,30.0,5,"911,1610612749",81,46,27.9,0.601,0.0,0.601,1.0,0.0,0.78,0.052,0.0,0.139,0.22,0.139,0.727,0.399,0.0,0.399,911,Ervin Johnson,MIL,1610612749,35,0.432
166,25.0,5,"1564,1610612754",5,0,2.1,0.0,0.0,0.0,1.0,0.0,0.0,0.0,0.0,0.0,0.0,0.0,0.0,0.0,0.0,0.0,1564,Etdrick Bohannon,IND,1610612754,5,1.0
167,30.0,5,"280,1610612744",68,51,11.9,0.475,0.0,0.475,1.0,0.0,0.728,0.099,0.0,0.025,0.272,0.086,0.63,0.525,0.0,0.525,280,Felton Spencer,GSW,1610612744,17,0.25
168,25.0,5,"697,1610612754",65,20,13.5,0.811,0.938,0.859,0.617,0.383,0.406,0.215,0.368,0.218,0.226,0.226,0.192,0.189,0.063,0.141,697,Fred Hoiberg,IND,1610612754,45,0.692
169,33.0,5,"202,1610612757",22,11,16.4,0.333,1.0,0.442,0.796,0.204,0.686,0.229,0.2,0.276,0.114,0.362,0.457,0.667,0.0,0.558,202,Gary Grant,POR,1610612757,11,0.5
170,29.0,5,"56,1610612760",82,21,38.4,0.288,0.657,0.373,0.689,0.311,0.567,0.082,0.256,0.218,0.178,0.228,0.484,0.712,0.343,0.627,56,Gary Payton,SEA,1610612760,61,0.744
171,23.0,5,"718,1610612761",54,29,25.1,0.553,1.0,0.56,0.976,0.024,0.752,0.162,0.019,0.144,0.229,0.141,0.59,0.447,0.0,0.44,718,Gary Trent,TOR,1610612761,25,0.463
172,27.0,5,"248,1610612763",82,63,18.2,0.657,0.778,0.661,0.942,0.058,0.776,0.292,0.044,0.172,0.18,0.162,0.484,0.343,0.222,0.339,248,George Lynch,VAN,1610612763,19,0.232
173,31.0,5,"45,1610612756",63,24,19.3,0.706,0.944,0.803,0.513,0.487,0.447,0.219,0.467,0.16,0.086,0.2,0.228,0.294,0.056,0.197,45,George McCloud,PHX,1610612756,39,0.619
174,24.0,5,"678,1610612760",12,7,5.3,0.667,1.0,0.714,0.931,0.069,0.414,0.138,0.103,0.0,0.483,0.379,0.276,0.333,0.0,0.286,678,George Zidek,SEA,1610612760,5,0.417
175,29.0,5,"1666,1610612744",19,15,12.7,0.286,0.667,0.462,0.559,0.441,0.378,0.324,0.486,0.108,0.135,0.324,0.054,0.714,0.333,0.538,1666,Gerald Madkins,GSW,1610612744,4,0.211
176,34.0,5,"786,1610612753",72,37,17.4,0.589,0.966,0.667,0.749,0.251,0.589,0.179,0.229,0.142,0.182,0.192,0.411,0.411,0.034,0.333,786,Gerald Wilkins,ORL,1610612753,35,0.486
177,31.0,5,"779,1610612766",82,31,40.2,0.732,0.9,0.767,0.784,0.216,0.552,0.281,0.214,0.133,0.234,0.165,0.271,0.268,0.1,0.233,779,Glen Rice,CHH,1610612766,51,0.622
178,25.0,5,"299,1610612749",56,27,40.9,0.576,0.88,0.59,0.943,0.057,0.778,0.476,0.057,0.133,0.164,0.175,0.303,0.424,0.12,0.41,299,Glenn Robinson,MIL,1610612749,29,0.518
179,22.0,5,"1539,1610612764",20,12,7.3,0.211,0.0,0.211,0.966,0.034,0.623,0.131,0.0,0.23,0.377,0.197,0.492,0.789,0.0,0.789,1539,God Shammgod,WAS,1610612764,8,0.4
180,25.0,5,"255,1610612765",81,45,40.7,0.273,1.0,0.276,0.985,0.015,0.715,0.266,0.005,0.147,0.28,0.169,0.449,0.727,0.0,0.724,255,Grant Hill,DET,1610612765,36,0.444
181,32.0,5,"3,1610612765",40,21,18.6,0.88,0.0,0.88,0.966,0.034,0.709,0.241,0.0,0.177,0.291,0.184,0.468,0.12,0.0,0.12,3,Grant Long,DET,1610612765,19,0.475
182,34.0,5,"246,1610612737",50,19,7.9,0.556,0.0,0.556,0.938,0.062,0.818,0.023,0.0,0.068,0.182,0.114,0.795,0.444,0.0,0.444,246,Greg Anderson,ATL,1610612737,31,0.62
183,30.0,5,"21,1610612760",80,20,12.8,0.274,0.818,0.513,0.544,0.456,0.401,0.15,0.473,0.141,0.126,0.227,0.251,0.726,0.182,0.487,21,Greg Anthony,SEA,1610612760,60,0.75
184,29.0,5,"323,1610612762",78,20,18.5,0.788,1.0,0.79,0.978,0.022,0.834,0.449,0.014,0.122,0.152,0.132,0.385,0.212,0.0,0.21,323,Greg Foster,UTA,1610612762,58,0.744
185,27.0,5,"37,1610612739",6,1,9.4,0.571,0.0,0.571,0.75,0.25,0.875,0.625,0.0,0.125,0.125,0.375,0.25,0.429,0.0,0.429,37,Greg Graham,CLE,1610612739,5,0.833
186,26.0,5,"65,1610612738",69,37,16.3,0.694,0.833,0.7,0.903,0.097,0.777,0.359,0.052,0.243,0.171,0.18,0.417,0.306,0.167,0.3,65,Greg Minor,BOS,1610612738,32,0.464
187,25.0,5,"731,1610612762",63,18,20.4,0.591,0.0,0.591,1.0,0.0,0.774,0.02,0.0,0.051,0.226,0.101,0.754,0.409,0.0,0.409,731,Greg Ostertag,UTA,1610612762,45,0.714
188,35.0,5,"165,1610612745",47,21,34.7,0.699,0.0,0.699,0.995,0.005,0.793,0.311,0.0,0.019,0.207,0.109,0.482,0.301,0.0,0.301,165,Hakeem Olajuwon,HOU,1610612745,26,0.553
189,27.0,5,"1677,1610612743",27,25,12.7,0.516,0.0,0.516,0.964,0.036,0.756,0.024,0.0,0.262,0.244,0.348,0.732,0.484,0.0,0.484,1677,Harold Ellis,DEN,1610612743,2,0.074
190,32.0,5,"265,1610612764",65,34,13.7,0.811,1.0,0.813,0.969,0.031,0.871,0.553,0.018,0.129,0.112,0.082,0.318,0.189,0.0,0.187,265,Harvey Grant,WAS,1610612764,31,0.477
191,32.0,5,"1080,1610612739",28,12,6.0,0.846,0.909,0.875,0.576,0.424,0.325,0.225,0.413,0.038,0.263,0.15,0.1,0.154,0.091,0.125,1080,Henry James,CLE,1610612739,16,0.571
192,40.0,5,"1006,1610612752",27,12,6.5,0.889,0.0,0.889,1.0,0.0,0.973,0.541,0.0,0.054,0.027,0.162,0.432,0.111,0.0,0.111,1006,Herb Williams,NYK,1610612752,15,0.556
193,31.0,5,"765,1610612760",82,21,31.7,0.665,0.976,0.804,0.527,0.473,0.36,0.113,0.435,0.152,0.205,0.186,0.247,0.335,0.024,0.196,765,Hersey Hawkins,SEA,1610612760,61,0.744
194,32.0,5,"270,1610612753",76,38,36.9,0.784,0.0,0.784,0.992,0.008,0.853,0.502,0.0,0.068,0.147,0.138,0.352,0.216,0.0,0.216,270,Horace Grant,ORL,1610612753,38,0.5
195,24.0,5,"1024,1610612756",8,2,5.2,0.571,0.0,0.5,0.857,0.143,0.583,0.167,0.125,0.0,0.292,0.0,0.417,0.429,1.0,0.5,1024,Horacio Llamas,PHX,1610612756,6,0.75
196,35.0,5,"73,1610612756",71,23,18.8,0.789,0.0,0.789,1.0,0.0,0.745,0.259,0.0,0.039,0.255,0.176,0.486,0.211,0.0,0.211,73,Hot Rod Williams,PHX,1610612756,48,0.676
197,25.0,5,"458,1610612762",82,20,21.0,0.32,0.521,0.362,0.773,0.227,0.572,0.227,0.227,0.09,0.201,0.125,0.344,0.68,0.479,0.638,458,Howard Eisley,UTA,1610612762,62,0.756
198,28.0,5,"93,1610612742",81,61,29.4,0.562,0.891,0.657,0.7,0.3,0.555,0.39,0.337,0.189,0.108,0.186,0.165,0.438,0.109,0.343,93,Hubert Davis,DAL,1610612742,20,0.247
199,28.0,5,"1134,1610612746",78,38,29.2,0.667,0.0,0.667,0.991,0.009,0.77,0.209,0.0,0.143,0.23,0.135,0.561,0.333,0.0,0.333,1134,Ike Austin,LAC,1610612746,40,0.513
200,27.0,5,"375,1610612757",74,33,37.7,0.519,0.763,0.579,0.677,0.323,0.571,0.274,0.278,0.169,0.152,0.202,0.296,0.481,0.237,0.421,375,Isaiah Rider,POR,1610612757,41,0.554
201,27.0,5,"1096,1610612763",28,24,8.9,0.632,1.0,0.65,0.982,0.018,0.655,0.034,0.052,0.103,0.293,0.121,0.621,0.368,0.0,0.35,1096,Ivano Newbill,VAN,1610612763,4,0.143
202,30.0,5,"462,1610612766",79,30,14.1,0.706,0.667,0.705,0.975,0.025,0.745,0.417,0.023,0.12,0.232,0.148,0.328,0.294,0.333,0.295,462,J.R. Reid,CHH,1610612766,49,0.62
203,34.0,5,"917,1610612751",16,9,3.2,0.8,0.0,0.8,0.944,0.056,0.455,0.0,0.0,0.0,0.545,0.182,0.455,0.2,0.0,0.2,917,Jack Haley,NJN,1610612751,7,0.438
204,23.0,5,"1521,1610612762",45,10,9.3,0.415,1.0,0.455,0.934,0.066,0.59,0.259,0.065,0.137,0.345,0.144,0.331,0.585,0.0,0.545,1521,Jacque Vaughn,UTA,1610612762,35,0.778
205,25.0,5,"147,1610612754",82,24,20.8,0.513,0.96,0.552,0.88,0.12,0.687,0.309,0.097,0.231,0.215,0.226,0.379,0.487,0.04,0.448,147,Jalen Rose,IND,1610612754,58,0.707
206,25.0,5,"469,1610612748",48,19,36.0,0.523,0.973,0.59,0.789,0.211,0.592,0.196,0.154,0.172,0.254,0.199,0.396,0.477,0.027,0.41,469,Jamal Mashburn,MIA,1610612748,29,0.604
207,24.0,5,"1530,1610612746",23,21,4.4,0.5,0.778,0.619,0.636,0.364,0.407,0.136,0.458,0.102,0.136,0.254,0.271,0.5,0.222,0.381,1530,James Collins,LAC,1610612746,2,0.087
208,22.0,5,"1526,1610612760",9,2,3.8,0.875,0.0,0.875,0.81,0.19,0.667,0.167,0.0,0.292,0.333,0.25,0.5,0.125,0.0,0.125,1526,James Cotton,SEA,1610612760,7,0.778
209,27.0,5,"381,1610612746",70,56,17.6,0.463,0.757,0.574,0.551,0.449,0.447,0.159,0.41,0.231,0.142,0.177,0.288,0.537,0.243,0.426,381,James Robinson,LAC,1610612746,14,0.2
210,23.0,5,"994,1610612749",45,25,10.0,0.657,1.0,0.692,0.856,0.144,0.686,0.176,0.118,0.127,0.196,0.196,0.51,0.343,0.0,0.308,994,Jamie Feick,MIL,1610612749,20,0.444
211,30.0,5,"1114,1610612759",82,26,27.2,0.726,0.938,0.818,0.546,0.454,0.404,0.271,0.465,0.166,0.13,0.157,0.133,0.274,0.063,0.182,1114,Jaren Jackson,SAS,1610612759,56,0.683
212,25.0,5,"679,1610612744",80,36,17.8,0.606,0.0,0.606,0.996,0.004,0.775,0.172,0.0,0.18,0.225,0.172,0.604,0.394,0.0,0.394,679,Jason Caffey,GSW,1610612744,44,0.55
213,25.0,5,"467,1610612756",82,26,38.1,0.394,0.863,0.49,0.729,0.271,0.595,0.254,0.23,0.229,0.175,0.202,0.342,0.606,0.137,0.51,467,Jason Kidd,PHX,1610612756,56,0.683
214,23.0,5,"1535,1610612753",17,11,4.6,0.667,0.0,0.667,1.0,0.0,0.692,0.0,0.0,0.0,0.308,0.269,0.692,0.333,0.0,0.333,1535,Jason Lawson,ORL,1610612753,6,0.353
215,30.0,5,"420,1610612751",65,30,36.1,0.592,0.0,0.592,0.994,0.006,0.767,0.091,0.0,0.145,0.233,0.182,0.676,0.408,0.0,0.408,420,Jayson Williams,NJN,1610612751,35,0.538
216,32.0,5,"81,1610612744",5,2,6.8,0.5,1.0,0.75,0.455,0.545,0.4,0.2,0.6,0.0,0.0,0.0,0.2,0.5,0.0,0.25,81,Jeff Grayer,GSW,1610612744,3,0.6
217,35.0,5,"204,1610612762",80,20,30.8,0.65,0.929,0.689,0.847,0.153,0.602,0.332,0.147,0.126,0.25,0.153,0.27,0.35,0.071,0.311,204,Jeff Hornacek,UTA,1610612762,60,0.75
218,25.0,5,"999,1610612749",13,7,3.7,0.6,0.0,0.6,1.0,0.0,0.556,0.111,0.0,0.444,0.444,0.333,0.444,0.4,0.0,0.4,999,Jeff Nordgaard,MIL,1610612749,6,0.462
219,23.0,5,"1532,1610612749",38,23,13.9,0.492,0.966,0.644,0.652,0.348,0.498,0.139,0.355,0.118,0.147,0.155,0.359,0.508,0.034,0.356,1532,Jerald Honeycutt,MIL,1610612749,15,0.395
220,19.0,5,"979,1610612757",60,25,13.5,0.536,0.0,0.536,0.991,0.009,0.833,0.059,0.0,0.13,0.167,0.093,0.773,0.464,0.0,0.464,979,Jermaine O'Neal,POR,1610612757,35,0.583
221,36.0,5,"760,1610612760",37,10,19.4,0.792,1.0,0.794,0.957,0.043,0.821,0.496,0.013,0.154,0.167,0.226,0.325,0.208,0.0,0.206,760,Jerome Kersey,SEA,1610612760,27,0.73
222,25.0,5,"966,1610612765",77,42,16.9,0.563,0.0,0.563,0.997,0.003,0.737,0.063,0.0,0.241,0.263,0.212,0.673,0.437,0.0,0.437,966,Jerome Williams,DET,1610612765,35,0.455
223,23.0,5,"711,1610612765",79,47,32.2,0.618,0.872,0.646,0.8,0.2,0.604,0.178,0.113,0.195,0.283,0.199,0.426,0.382,0.128,0.354,711,Jerry Stackhouse,DET,1610612765,32,0.405
224,27.0,5,"754,1610612744",79,55,38.6,0.545,0.934,0.595,0.827,0.173,0.668,0.3,0.147,0.149,0.184,0.181,0.369,0.455,0.066,0.405,754,Jim Jackson,GSW,1610612744,24,0.304
225,25.0,5,"29,1610612760",78,21,15.5,0.683,0.0,0.683,0.987,0.013,0.818,0.194,0.0,0.077,0.182,0.097,0.623,0.317,0.0,0.317,29,Jim McIlvaine,SEA,1610612760,57,0.731
226,28.0,5,"1429,1610612764",1,1,10.1,0.0,1.0,0.5,0.5,0.5,0.4,0.4,0.6,0.0,0.0,0.0,0.0,1.0,0.0,0.5,1429,Jimmy Oliver,WAS,1610612764,0,0.0
227,35.0,5,"247,1610612765",72,38,32.3,0.374,0.835,0.596,0.461,0.539,0.363,0.293,0.503,0.13,0.135,0.185,0.07,0.626,0.165,0.404,247,Joe Dumars,DET,1610612765,34,0.472
228,36.0,5,"170,1610612741",46,13,8.6,0.795,0.0,0.795,1.0,0.0,0.839,0.581,0.0,0.0,0.161,0.086,0.258,0.205,0.0,0.205,170,Joe Kleine,CHI,1610612741,33,0.717
229,22.0,5,"693,1610612755",79,56,29.7,0.724,0.0,0.724,0.993,0.007,0.803,0.447,0.0,0.074,0.197,0.132,0.357,0.276,0.0,0.276,693,Joe Smith,PHI,1610612755,23,0.291
230,25.0,5,"1086,1610612745",7,7,5.2,0.571,1.0,0.7,0.643,0.357,0.519,0.148,0.333,0.0,0.148,0.185,0.37,0.429,0.0,0.3,1086,Joe Stephens,HOU,1610612745,0,0.0
231,33.0,5,"341,1610612743",57,49,10.9,0.711,0.5,0.7,0.917,0.083,0.874,0.575,0.069,0.023,0.057,0.149,0.299,0.289,0.5,0.3,341,Joe Wolf,DEN,1610612743,8,0.14
232,28.0,5,"180,1610612757",26,10,14.5,0.522,0.667,0.552,0.778,0.222,0.479,0.104,0.188,0.26,0.333,0.167,0.375,0.478,0.333,0.448,180,John Crotty,POR,1610612757,16,0.615
233,32.0,5,"317,1610612752",82,39,26.7,0.537,0.762,0.616,0.58,0.42,0.457,0.215,0.368,0.162,0.175,0.211,0.242,0.463,0.238,0.384,317,John Starks,NYK,1610612752,43,0.524
234,36.0,5,"304,1610612762",64,13,29.0,0.429,0.641,0.459,0.822,0.178,0.6,0.161,0.152,0.191,0.248,0.145,0.439,0.571,0.359,0.541,304,John Stockton,UTA,1610612762,51,0.797
235,22.0,5,"1519,1610612761",54,37,9.9,0.6,0.0,0.6,1.0,0.0,0.728,0.119,0.0,0.179,0.272,0.225,0.609,0.4,0.0,0.4,1519,John Thomas,TOR,1610612761,17,0.315
236,24.0,5,"961,1610612761",82,66,28.8,0.653,1.0,0.654,0.998,0.002,0.814,0.344,0.003,0.179,0.183,0.188,0.471,0.347,0.0,0.346,961,John Wallace,TOR,1610612761,16,0.195
237,34.0,5,"271,1610612743",74,63,29.5,0.562,0.889,0.596,0.869,0.131,0.566,0.224,0.099,0.179,0.335,0.187,0.342,0.438,0.111,0.404,271,Johnny Newman,DEN,1610612743,11,0.149
238,24.0,5,"1511,1610612753",12,8,8.9,0.75,1.0,0.769,0.946,0.054,0.632,0.211,0.079,0.263,0.289,0.237,0.421,0.25,0.0,0.231,1511,Johnny Taylor,ORL,1610612753,4,0.333
239,28.0,5,"468,1610612747",49,10,7.6,0.9,0.889,0.895,0.413,0.587,0.331,0.198,0.446,0.264,0.223,0.264,0.132,0.1,0.111,0.105,468,Jon Barry,LAL,1610612747,39,0.796
240,30.0,5,"146,1610612741",74,19,8.2,0.883,0.96,0.906,0.631,0.369,0.606,0.414,0.379,0.131,0.015,0.167,0.192,0.117,0.04,0.094,146,Jud Buechler,CHI,1610612741,55,0.743
241,25.0,5,"436,1610612764",64,32,39.9,0.654,0.0,0.654,0.998,0.002,0.782,0.383,0.0,0.111,0.218,0.195,0.399,0.346,0.0,0.346,436,Juwan Howard,WAS,1610612764,32,0.5
242,34.0,5,"252,1610612762",81,20,37.4,0.779,0.5,0.778,0.996,0.004,0.711,0.35,0.003,0.089,0.287,0.154,0.361,0.221,0.5,0.222,252,Karl Malone,UTA,1610612762,61,0.753
243,24.0,5,"1529,1610612755",15,9,7.5,0.583,0.0,0.583,1.0,0.0,0.6,0.0,0.0,0.125,0.4,0.15,0.6,0.417,0.0,0.417,1529,Kebu Stewart,PHI,1610612755,6,0.4
244,30.0,5,"173,1610612748",46,14,14.8,0.611,1.0,0.821,0.393,0.607,0.324,0.126,0.568,0.063,0.108,0.126,0.198,0.389,0.0,0.179,173,Keith Askins,MIA,1610612748,32,0.696
245,23.0,5,"1522,1610612741",6,2,2.8,0.5,0.0,0.5,0.833,0.167,0.4,0.2,0.0,0.0,0.6,0.0,0.2,0.5,0.0,0.5,1522,Keith Booth,CHI,1610612741,4,0.667
246,22.0,5,"1569,1610612746",58,46,12.8,0.505,0.0,0.505,1.0,0.0,0.802,0.172,0.0,0.082,0.198,0.091,0.629,0.495,0.0,0.495,1569,Keith Closs,LAC,1610612746,12,0.207
247,22.0,5,"1496,1610612751",62,30,37.6,0.541,0.986,0.61,0.786,0.214,0.619,0.207,0.17,0.119,0.212,0.18,0.412,0.459,0.014,0.39,1496,Keith Van Horn,NJN,1610612751,32,0.516
248,23.0,5,"1509,1610612757",74,33,13.7,0.745,0.0,0.745,0.987,0.013,0.695,0.092,0.0,0.149,0.305,0.124,0.603,0.255,0.0,0.255,1509,Kelvin Cato,POR,1610612757,41,0.554
249,30.0,5,"383,1610612751",81,39,33.8,0.566,0.885,0.586,0.896,0.104,0.721,0.316,0.072,0.182,0.207,0.216,0.405,0.434,0.115,0.414,383,Kendall Gill,NJN,1610612751,42,0.519
250,27.0,5,"72,1610612738",61,28,30.5,0.28,0.632,0.354,0.763,0.237,0.566,0.223,0.229,0.165,0.205,0.198,0.343,0.72,0.368,0.646,72,Kenny Anderson,BOS,1610612738,33,0.541
251,24.0,5,"954,1610612751",77,37,36.5,0.533,0.918,0.616,0.772,0.228,0.599,0.259,0.248,0.172,0.152,0.232,0.34,0.467,0.082,0.384,954,Kerry Kittles,NJN,1610612751,40,0.519
252,32.0,5,"236,1610612753",39,16,12.4,0.804,1.0,0.825,0.909,0.091,0.68,0.507,0.12,0.16,0.2,0.3,0.173,0.196,0.0,0.175,236,Kevin Edwards,ORL,1610612753,23,0.59
253,22.0,5,"708,1610612750",82,37,39.3,0.736,1.0,0.737,0.988,0.012,0.833,0.412,0.006,0.117,0.161,0.161,0.42,0.264,0.0,0.263,708,Kevin Garnett,MIN,1610612750,45,0.549
254,32.0,5,"134,1610612756",50,15,25.9,0.364,1.0,0.381,0.925,0.075,0.634,0.311,0.025,0.151,0.34,0.155,0.324,0.636,0.0,0.619,134,Kevin Johnson,PHX,1610612756,35,0.7
255,25.0,5,"1563,1610612753",35,22,12.3,0.351,0.0,0.351,0.99,0.01,0.602,0.179,0.0,0.146,0.398,0.22,0.423,0.649,0.0,0.649,1563,Kevin Ollie,ORL,1610612753,13,0.371
256,27.0,5,"1089,1610612758",16,11,5.5,0.0,0.0,0.0,1.0,0.0,0.4,0.0,0.0,0.4,0.6,0.2,0.4,1.0,0.0,1.0,1089,Kevin Salvadori,SAC,1610612758,5,0.313
257,35.0,5,"788,1610612745",81,40,31.2,0.628,0.0,0.627,0.993,0.007,0.812,0.245,0.002,0.133,0.185,0.171,0.567,0.372,1.0,0.373,788,Kevin Willis,HOU,1610612745,41,0.506
258,25.0,5,"234,1610612742",82,62,23.8,0.292,0.786,0.403,0.744,0.256,0.536,0.153,0.234,0.155,0.23,0.162,0.382,0.708,0.214,0.597,234,Khalid Reeves,DAL,1610612742,20,0.244
259,23.0,5,"1619,1610612743",28,28,8.0,0.176,0.4,0.227,0.785,0.215,0.5,0.265,0.221,0.191,0.279,0.25,0.235,0.824,0.6,0.773,1619,Kiwane Garris,DEN,1610612743,0,0.0
260,19.0,5,"977,1610612747",79,21,26.1,0.443,0.827,0.517,0.759,0.241,0.518,0.136,0.184,0.157,0.298,0.154,0.382,0.557,0.173,0.483,977,Kobe Bryant,LAL,1610612747,58,0.734
261,25.0,5,"703,1610612742",5,4,14.7,0.706,0.0,0.706,1.0,0.0,0.919,0.162,0.0,0.216,0.081,0.162,0.757,0.294,0.0,0.294,703,Kurt Thomas,DAL,1610612742,1,0.2
262,28.0,5,"111,1610612743",76,65,33.9,0.535,0.965,0.595,0.8,0.2,0.652,0.323,0.158,0.105,0.19,0.13,0.329,0.465,0.035,0.405,111,LaPhonso Ellis,DEN,1610612743,11,0.145
263,25.0,5,"441,1610612746",79,62,32.6,0.465,0.944,0.52,0.845,0.155,0.687,0.207,0.133,0.184,0.18,0.189,0.48,0.535,0.056,0.48,441,Lamond Murray,LAC,1610612746,17,0.215
264,29.0,5,"913,1610612752",70,32,34.5,0.638,0.933,0.648,0.929,0.071,0.762,0.142,0.041,0.152,0.197,0.183,0.62,0.362,0.067,0.352,913,Larry Johnson,NYK,1610612752,38,0.543
265,30.0,5,"1683,1610612763",6,5,6.7,0.333,1.0,0.667,0.684,0.316,0.353,0.235,0.529,0.294,0.118,0.353,0.118,0.667,0.0,0.333,1683,Larry Robinson,VAN,1610612763,1,0.167
266,27.0,5,"84,1610612744",14,13,39.1,0.446,0.667,0.464,0.827,0.173,0.676,0.368,0.09,0.151,0.234,0.177,0.308,0.554,0.333,0.536,84,Latrell Sprewell,GSW,1610612744,1,0.071
267,27.0,5,"1444,1610612758",52,41,21.1,0.611,1.0,0.613,0.982,0.018,0.771,0.272,0.006,0.148,0.223,0.195,0.499,0.389,0.0,0.387,1444,Lawrence Funderburke,SAC,1610612758,11,0.212
268,26.0,5,"734,1610612764",8,5,3.3,0.667,0.0,0.667,0.923,0.077,0.667,0.0,0.0,0.222,0.333,0.0,0.667,0.333,0.0,0.333,734,Lawrence Moten,WAS,1610612764,3,0.375
269,31.0,5,"289,1610612764",42,21,13.0,0.644,1.0,0.72,0.737,0.263,0.541,0.257,0.22,0.096,0.239,0.151,0.284,0.356,0.0,0.28,289,Ledell Eackles,WAS,1610612764,21,0.5
270,28.0,5,"195,1610612763",79,61,23.2,0.25,0.778,0.504,0.484,0.516,0.375,0.099,0.521,0.088,0.105,0.204,0.275,0.75,0.222,0.496,195,Lee Mayberry,VAN,1610612763,18,0.228
271,27.0,5,"283,1610612765",71,41,35.3,0.385,0.847,0.509,0.679,0.321,0.536,0.269,0.296,0.175,0.168,0.222,0.267,0.615,0.153,0.491,283,Lindsey Hunter,DET,1610612765,30,0.423
272,28.0,5,"1036,1610612749",21,15,5.8,1.0,0.0,1.0,0.913,0.087,0.4,0.16,0.0,0.4,0.6,0.16,0.24,0.0,0.0,0.0,1036,Litterial Green,MIL,1610612749,6,0.286
273,30.0,5,"1380,1610612761",6,3,13.7,0.7,1.0,0.75,0.69,0.31,0.588,0.294,0.176,0.118,0.235,0.059,0.294,0.3,0.0,0.25,1380,Lloyd Daniels,TOR,1610612761,3,0.5
274,22.0,5,"953,1610612746",69,56,29.9,0.676,0.0,0.676,0.996,0.004,0.774,0.189,0.0,0.108,0.226,0.157,0.584,0.324,0.0,0.324,953,Lorenzen Wright,LAC,1610612746,13,0.188
275,28.0,5,"31,1610612764",14,11,8.1,0.462,0.0,0.462,1.0,0.0,1.0,0.0,0.0,0.077,0.0,0.0,1.0,0.538,0.0,0.538,31,Lorenzo Williams,WAS,1610612764,3,0.214
276,30.0,5,"919,1610612746",10,10,26.4,0.639,0.0,0.639,0.976,0.024,0.96,0.48,0.0,0.08,0.04,0.213,0.48,0.361,0.0,0.361,919,Loy Vaught,LAC,1610612746,0,0.0
277,29.0,5,"26,1610612741",58,16,29.4,0.726,0.0,0.726,1.0,0.0,0.836,0.271,0.0,0.041,0.164,0.151,0.564,0.274,0.0,0.274,26,Luc Longley,CHI,1610612741,42,0.724
278,27.0,5,"446,1610612751",50,23,13.4,0.632,1.0,0.696,0.78,0.22,0.597,0.356,0.188,0.194,0.215,0.225,0.241,0.368,0.0,0.304,446,Lucious Harris,NJN,1610612751,27,0.54
279,29.0,5,"51,1610612758",31,21,17.1,0.633,0.6,0.631,0.886,0.114,0.863,0.767,0.066,0.053,0.07,0.172,0.097,0.367,0.4,0.369,51,Mahmoud Abdul-Rauf,SAC,1610612758,10,0.323
280,23.0,5,"990,1610612759",53,16,8.1,0.655,1.0,0.661,0.978,0.022,0.734,0.063,0.019,0.114,0.247,0.196,0.671,0.345,0.0,0.339,990,Malik Rose,SAS,1610612759,37,0.698
281,28.0,5,"907,1610612765",77,43,21.3,0.734,0.889,0.741,0.919,0.081,0.701,0.403,0.046,0.139,0.254,0.196,0.298,0.266,0.111,0.259,907,Malik Sealy,DET,1610612765,34,0.442
282,24.0,5,"948,1610612761",63,47,31.7,0.636,0.0,0.636,0.997,0.003,0.805,0.199,0.0,0.22,0.195,0.207,0.607,0.364,0.0,0.364,948,Marcus Camby,TOR,1610612761,16,0.254
283,24.0,5,"712,1610612747",45,10,7.9,0.646,0.0,0.638,0.985,0.015,0.893,0.011,0.017,0.209,0.09,0.22,0.881,0.354,1.0,0.363,712,Mario Bennett,LAL,1610612747,35,0.778
284,34.0,5,"53,1610612745",73,38,27.2,0.669,0.891,0.728,0.586,0.414,0.493,0.095,0.27,0.229,0.237,0.211,0.399,0.331,0.109,0.272,53,Mario Elie,HOU,1610612745,35,0.479
285,33.0,5,"95,1610612756",70,24,15.9,0.642,0.0,0.642,0.996,0.004,0.749,0.089,0.0,0.055,0.251,0.179,0.66,0.358,0.0,0.358,95,Mark Bryant,PHX,1610612756,46,0.657
286,25.0,5,"707,1610612755",71,44,12.8,0.651,0.0,0.651,0.975,0.025,0.773,0.121,0.0,0.255,0.227,0.22,0.652,0.349,0.0,0.349,707,Mark Davis,PHI,1610612755,27,0.38
287,24.0,5,"971,1610612758",48,33,15.3,0.793,0.0,0.793,0.966,0.034,0.712,0.429,0.0,0.16,0.288,0.221,0.282,0.207,0.0,0.207,971,Mark Hendrickson,SAC,1610612758,15,0.313
288,33.0,5,"349,1610612754",82,24,29.4,0.257,0.86,0.361,0.771,0.229,0.608,0.127,0.19,0.134,0.202,0.15,0.481,0.743,0.14,0.639,349,Mark Jackson,IND,1610612754,58,0.707
289,25.0,5,"998,1610612754",28,6,6.8,0.846,1.0,0.857,0.927,0.073,0.667,0.205,0.077,0.205,0.256,0.154,0.462,0.154,0.0,0.143,998,Mark Pope,IND,1610612754,22,0.786
290,34.0,5,"899,1610612753",63,29,22.7,0.316,0.712,0.406,0.708,0.292,0.593,0.355,0.261,0.082,0.146,0.156,0.238,0.684,0.288,0.594,899,Mark Price,ORL,1610612753,34,0.54
291,27.0,5,"1110,1610612748",51,17,16.6,0.757,0.0,0.757,0.996,0.004,0.83,0.104,0.0,0.285,0.17,0.141,0.726,0.243,0.0,0.243,1110,Mark Strickland,MIA,1610612748,34,0.667
292,37.0,5,"770,1610612754",15,6,7.0,0.6,0.0,0.6,1.0,0.0,0.87,0.087,0.0,0.174,0.13,0.087,0.783,0.4,0.0,0.4,770,Mark West,IND,1610612754,9,0.6
293,21.0,5,"1527,1610612756",33,9,4.9,0.583,1.0,0.615,0.906,0.094,0.783,0.065,0.098,0.228,0.12,0.304,0.717,0.417,0.0,0.385,1527,Marko Milic,PHX,1610612756,24,0.727
294,23.0,5,"982,1610612742",41,32,14.7,0.373,0.938,0.482,0.801,0.199,0.575,0.112,0.206,0.176,0.219,0.215,0.464,0.627,0.063,0.518,982,Martin Muursepp,DAL,1610612742,9,0.22
295,30.0,5,"55,1610612748",18,7,11.6,0.786,0.0,0.786,1.0,0.0,0.636,0.273,0.0,0.102,0.364,0.148,0.364,0.214,0.0,0.214,55,Marty Conlon,MIA,1610612748,11,0.611
296,31.0,5,"672,1610612745",67,33,17.8,0.658,1.0,0.846,0.406,0.594,0.339,0.206,0.618,0.049,0.043,0.109,0.133,0.342,0.0,0.154,672,Matt Bullard,HOU,1610612745,34,0.507
297,28.0,5,"761,1610612766",78,30,23.6,0.686,1.0,0.687,0.984,0.016,0.807,0.183,0.003,0.162,0.19,0.167,0.624,0.314,0.0,0.313,761,Matt Geiger,CHH,1610612766,48,0.615
298,26.0,5,"1074,1610612745",78,39,28.4,0.416,0.802,0.619,0.41,0.59,0.338,0.129,0.565,0.146,0.097,0.182,0.209,0.584,0.198,0.381,1074,Matt Maloney,HOU,1610612745,39,0.5
299,21.0,5,"1508,1610612746",71,55,21.3,0.47,0.0,0.47,0.999,0.001,0.788,0.29,0.0,0.072,0.212,0.145,0.498,0.53,0.0,0.53,1508,Maurice Taylor,LAC,1610612746,16,0.225
300,36.0,5,"262,1610612751",79,37,15.2,0.558,0.0,0.558,0.988,0.012,0.811,0.038,0.0,0.057,0.189,0.151,0.774,0.442,0.0,0.442,262,Michael Cage,NJN,1610612751,42,0.532
301,29.0,5,"688,1610612749",82,46,24.1,0.745,0.5,0.74,0.978,0.022,0.707,0.387,0.022,0.225,0.271,0.221,0.32,0.255,0.5,0.26,688,Michael Curry,MIL,1610612749,36,0.439
302,25.0,5,"714,1610612742",82,62,41.5,0.378,0.828,0.436,0.838,0.162,0.667,0.307,0.148,0.192,0.185,0.196,0.36,0.622,0.172,0.564,714,Michael Finley,DAL,1610612742,20,0.244
303,35.0,5,"893,1610612741",82,20,38.8,0.498,0.8,0.509,0.933,0.067,0.722,0.403,0.038,0.121,0.24,0.193,0.319,0.502,0.2,0.491,893,Michael Jordan,CHI,1610612741,62,0.756
304,29.0,5,"1075,1610612766",1,0,4.3,0.0,0.0,0.0,0.0,0.0,0.0,0.0,0.0,0.0,0.0,0.0,0.0,0.0,0.0,0.0,1075,Michael McDonald,CHH,1610612766,1,1.0
305,26.0,5,"63,1610612763",48,36,21.9,0.602,0.0,0.602,0.995,0.005,0.741,0.064,0.0,0.12,0.259,0.207,0.677,0.398,0.0,0.398,63,Michael Smith,VAN,1610612763,12,0.25
306,23.0,5,"1565,1610612758",81,55,21.7,0.535,0.0,0.535,1.0,0.0,0.827,0.064,0.0,0.165,0.173,0.16,0.763,0.465,0.0,0.465,1565,Michael Stewart,SAC,1610612758,26,0.321
307,31.0,5,"52,1610612750",25,10,6.4,0.375,0.0,0.375,0.917,0.083,0.5,0.188,0.0,0.25,0.5,0.281,0.313,0.625,0.0,0.625,52,Micheal Williams,MIN,1610612750,15,0.6
308,33.0,5,"782,1610612758",70,44,36.7,0.576,0.838,0.639,0.726,0.274,0.509,0.29,0.24,0.106,0.251,0.144,0.219,0.424,0.162,0.361,782,Mitch Richmond,SAC,1610612758,26,0.371
309,27.0,5,"348,1610612739",18,6,11.6,0.786,1.0,0.8,0.872,0.128,0.757,0.162,0.081,0.405,0.162,0.216,0.595,0.214,0.0,0.2,348,Mitchell Butler,CLE,1610612739,12,0.667
310,26.0,5,"42,1610612759",72,23,18.3,0.707,0.0,0.703,0.995,0.005,0.724,0.15,0.007,0.221,0.269,0.183,0.574,0.293,1.0,0.297,42,Monty Williams,SAS,1610612759,49,0.681
311,31.0,5,"302,1610612737",70,26,38.5,0.309,0.633,0.389,0.644,0.356,0.604,0.276,0.293,0.228,0.103,0.215,0.328,0.691,0.367,0.611,302,Mookie Blaylock,ATL,1610612737,44,0.629
312,33.0,5,"177,1610612744",61,42,25.7,0.467,0.5,0.468,0.95,0.05,0.79,0.576,0.035,0.167,0.176,0.112,0.213,0.533,0.5,0.532,177,Muggsy Bogues,GSW,1610612744,19,0.311
313,33.0,5,"203,1610612760",18,6,15.3,0.625,0.867,0.783,0.493,0.507,0.258,0.097,0.726,0.113,0.016,0.274,0.161,0.375,0.133,0.217,203,Nate McMillan,SEA,1610612760,12,0.667
314,30.0,5,"98,1610612753",58,27,29.4,0.504,0.909,0.595,0.716,0.284,0.598,0.211,0.26,0.078,0.143,0.162,0.387,0.496,0.091,0.405,98,Nick Anderson,ORL,1610612753,31,0.534
315,26.0,5,"89,1610612747",64,17,32.0,0.287,0.626,0.421,0.575,0.425,0.427,0.12,0.419,0.283,0.154,0.201,0.306,0.713,0.374,0.579,89,Nick Van Exel,LAL,1610612747,47,0.734
316,33.0,5,"178,1610612758",70,45,20.8,0.586,0.0,0.586,0.998,0.002,0.905,0.258,0.0,0.095,0.095,0.171,0.647,0.414,0.0,0.414,178,Olden Polynice,SAC,1610612758,25,0.357
317,28.0,5,"932,1610612761",64,49,25.4,0.688,0.0,0.688,0.989,0.011,0.848,0.175,0.0,0.157,0.152,0.14,0.673,0.312,0.0,0.312,932,Oliver Miller,TOR,1610612761,15,0.234
318,24.0,5,"970,1610612745",58,31,15.6,0.558,0.0,0.558,0.996,0.004,0.737,0.166,0.0,0.031,0.263,0.131,0.571,0.442,0.0,0.442,970,Othella Harrington,HOU,1610612745,27,0.466
319,35.0,5,"901,1610612758",74,58,29.7,0.629,0.0,0.629,0.992,0.008,0.782,0.165,0.0,0.053,0.218,0.132,0.617,0.371,0.0,0.371,901,Otis Thorpe,SAC,1610612758,16,0.216
320,28.0,5,"136,1610612748",74,26,31.9,0.755,0.0,0.755,1.0,0.0,0.786,0.289,0.0,0.095,0.214,0.143,0.498,0.245,0.0,0.245,136,P.J. Brown,MIA,1610612748,48,0.649
321,35.0,5,"121,1610612752",26,11,32.6,0.635,0.0,0.635,0.995,0.005,0.752,0.322,0.0,0.07,0.248,0.152,0.43,0.365,0.0,0.365,121,Patrick Ewing,NYK,1610612752,15,0.577
322,31.0,5,"442,1610612738",33,16,13.5,0.65,0.0,0.65,1.0,0.0,0.8,0.06,0.0,0.06,0.2,0.07,0.74,0.35,0.0,0.35,442,Pervis Ellison,BOS,1610612738,17,0.515
323,29.0,5,"432,1610612763",82,63,17.4,0.824,1.0,0.885,0.638,0.362,0.504,0.316,0.4,0.084,0.096,0.165,0.188,0.176,0.0,0.115,432,Pete Chilcutt,VAN,1610612763,19,0.232
324,34.0,5,"939,1610612752",9,4,4.3,0.2,0.0,0.2,1.0,0.0,0.714,0.143,0.0,0.5,0.286,0.214,0.571,0.8,0.0,0.8,939,Pete Myers,NYK,1610612752,5,0.556
325,32.0,5,"71,1610612746",69,55,18.2,0.407,0.636,0.427,0.829,0.171,0.782,0.567,0.114,0.208,0.104,0.145,0.215,0.593,0.364,0.573,71,Pooh Richardson,LAC,1610612746,14,0.203
326,28.0,5,"461,1610612761",14,13,25.4,0.64,1.0,0.654,0.976,0.024,0.833,0.4,0.05,0.35,0.117,0.208,0.433,0.36,0.0,0.346,461,Popeye Jones,TOR,1610612761,1,0.071
327,24.0,5,"968,1610612743",39,36,8.9,0.491,0.0,0.491,1.0,0.0,0.736,0.125,0.0,0.028,0.264,0.146,0.611,0.509,0.0,0.509,968,Priest Lauderdale,DEN,1610612743,3,0.077
328,30.0,5,"753,1610612741",71,18,16.2,0.681,0.0,0.681,0.983,0.017,0.806,0.354,0.0,0.219,0.194,0.292,0.451,0.319,0.0,0.319,753,Randy Brown,CHI,1610612741,53,0.746
329,23.0,5,"988,1610612737",12,2,6.9,0.667,0.0,0.667,1.0,0.0,0.6,0.0,0.0,0.0,0.4,0.1,0.6,0.333,0.0,0.333,988,Randy Livingston,ATL,1610612737,10,0.833
330,23.0,5,"739,1610612757",77,34,37.6,0.731,0.75,0.732,0.955,0.045,0.815,0.317,0.021,0.121,0.164,0.16,0.498,0.269,0.25,0.268,739,Rasheed Wallace,POR,1610612757,43,0.558
331,22.0,5,"951,1610612749",82,46,40.1,0.385,0.761,0.474,0.72,0.28,0.536,0.271,0.251,0.172,0.213,0.167,0.265,0.615,0.239,0.526,951,Ray Allen,MIL,1610612749,36,0.439
332,24.0,5,"1002,1610612759",62,20,11.1,0.705,0.75,0.714,0.763,0.237,0.579,0.329,0.237,0.125,0.184,0.184,0.25,0.295,0.25,0.286,1002,Reggie Geary,SAS,1610612759,42,0.677
333,29.0,5,"1682,1610612738",8,3,3.0,1.0,0.0,1.0,1.0,0.0,1.0,0.0,0.0,0.333,0.0,0.333,1.0,0.0,0.0,0.0,1682,Reggie Hanson,BOS,1610612738,5,0.625
334,30.0,5,"674,1610612750",57,21,8.5,0.648,0.0,0.648,0.991,0.009,0.725,0.054,0.0,0.315,0.275,0.262,0.671,0.352,0.0,0.352,674,Reggie Jordan,MIN,1610612750,36,0.632
335,32.0,5,"397,1610612754",81,23,34.5,0.648,0.866,0.717,0.647,0.353,0.446,0.276,0.312,0.167,0.242,0.19,0.17,0.352,0.134,0.283,397,Reggie Miller,IND,1610612754,58,0.716
336,27.0,5,"1073,1610612761",78,63,21.3,0.621,0.0,0.621,1.0,0.0,0.675,0.08,0.0,0.125,0.325,0.15,0.595,0.379,0.0,0.379,1073,Reggie Slater,TOR,1610612761,15,0.192
337,30.0,5,"364,1610612756",68,22,33.3,0.736,0.958,0.801,0.675,0.325,0.532,0.323,0.333,0.136,0.135,0.189,0.209,0.264,0.042,0.199,364,Rex Chapman,PHX,1610612756,46,0.676
338,28.0,5,"777,1610612748",38,16,6.2,0.556,1.0,0.667,0.585,0.415,0.45,0.275,0.225,0.088,0.325,0.213,0.175,0.444,0.0,0.333,777,Rex Walters,MIA,1610612748,22,0.579
339,26.0,5,"1594,1610612757",38,17,16.3,0.556,0.682,0.612,0.567,0.433,0.333,0.099,0.407,0.105,0.259,0.16,0.235,0.444,0.318,0.388,1594,Rick Brunson,POR,1610612757,21,0.553
340,28.0,5,"296,1610612747",82,21,33.0,0.653,0.907,0.713,0.656,0.344,0.564,0.104,0.262,0.236,0.174,0.194,0.46,0.347,0.093,0.287,296,Rick Fox,LAL,1610612747,61,0.744
341,39.0,5,"328,1610612765",59,34,12.0,0.695,0.0,0.695,1.0,0.0,0.837,0.255,0.0,0.014,0.163,0.135,0.582,0.305,0.0,0.305,328,Rick Mahorn,DET,1610612765,25,0.424
342,38.0,5,"894,1610612749",39,28,11.3,0.625,1.0,0.654,0.909,0.091,0.636,0.384,0.079,0.172,0.285,0.152,0.252,0.375,0.0,0.346,894,Ricky Pierce,MIL,1610612749,11,0.282
343,31.0,5,"22,1610612754",73,21,28.5,0.761,0.0,0.761,0.997,0.003,0.845,0.406,0.0,0.05,0.155,0.164,0.439,0.239,0.0,0.239,22,Rik Smits,IND,1610612754,52,0.712
344,27.0,5,"109,1610612747",72,20,30.5,0.657,0.895,0.68,0.779,0.221,0.675,0.067,0.106,0.187,0.218,0.153,0.608,0.343,0.105,0.32,109,Robert Horry,LAL,1610612747,52,0.722
345,29.0,5,"123,1610612742",12,12,24.4,0.4,0.667,0.424,0.939,0.061,0.638,0.17,0.096,0.394,0.266,0.255,0.468,0.6,0.333,0.576,123,Robert Pack,DAL,1610612742,0,0.0
346,31.0,5,"393,1610612764",76,38,39.7,0.22,0.333,0.222,0.958,0.042,0.709,0.237,0.027,0.148,0.265,0.199,0.471,0.78,0.667,0.778,393,Rod Strickland,WAS,1610612764,38,0.5
347,27.0,5,"915,1610612746",76,59,32.9,0.475,0.847,0.538,0.773,0.227,0.616,0.086,0.188,0.134,0.196,0.15,0.53,0.525,0.153,0.462,915,Rodney Rogers,LAC,1610612746,17,0.224
348,24.0,5,"1518,1610612745",58,29,18.5,0.536,0.5,0.536,0.974,0.026,0.653,0.208,0.018,0.228,0.329,0.258,0.445,0.464,0.5,0.464,1518,Rodrick Rhodes,HOU,1610612745,29,0.5
349,34.0,5,"166,1610612741",82,20,27.9,0.643,0.938,0.659,0.874,0.126,0.725,0.16,0.063,0.211,0.212,0.205,0.565,0.357,0.063,0.341,166,Ron Harper,CHI,1610612741,62,0.756
350,22.0,5,"1500,1610612738",80,45,33.2,0.695,0.333,0.693,0.976,0.024,0.839,0.475,0.007,0.206,0.154,0.256,0.364,0.305,0.667,0.307,1500,Ron Mercer,BOS,1610612738,35,0.438
351,33.0,5,"938,1610612751",56,31,29.3,0.448,0.0,0.448,0.997,0.003,0.67,0.088,0.0,0.028,0.33,0.15,0.582,0.552,0.0,0.552,938,Rony Seikaly,NJN,1610612751,25,0.446
352,24.0,5,"964,1610612761",15,11,7.1,0.444,0.0,0.444,1.0,0.0,0.9,0.1,0.0,0.1,0.1,0.05,0.8,0.556,0.0,0.556,964,Roy Rogers,TOR,1610612761,4,0.267
353,24.0,5,"1601,1610612741",14,4,9.9,0.625,0.5,0.6,0.673,0.327,0.653,0.449,0.245,0.122,0.102,0.122,0.204,0.375,0.5,0.4,1601,Rusty LaRue,CHI,1610612741,10,0.714
354,28.0,5,"208,1610612751",75,37,34.7,0.331,0.6,0.339,0.931,0.069,0.673,0.391,0.031,0.135,0.296,0.188,0.282,0.669,0.4,0.661,208,Sam Cassell,NJN,1610612751,38,0.507
355,28.0,5,"694,1610612763",57,43,24.8,0.616,0.936,0.775,0.519,0.481,0.364,0.146,0.536,0.128,0.101,0.164,0.218,0.384,0.064,0.225,694,Sam Mack,VAN,1610612763,14,0.246
356,34.0,5,"417,1610612750",81,37,27.7,0.817,1.0,0.825,0.946,0.054,0.712,0.442,0.045,0.16,0.243,0.139,0.27,0.183,0.0,0.175,417,Sam Mitchell,MIN,1610612750,44,0.543
357,37.0,5,"64,1610612760",81,21,20.7,0.523,0.943,0.709,0.529,0.471,0.376,0.114,0.45,0.06,0.174,0.152,0.262,0.477,0.057,0.291,64,Sam Perkins,SEA,1610612760,60,0.741
358,22.0,5,"955,1610612742",41,33,25.2,0.449,0.0,0.449,0.997,0.003,0.855,0.181,0.0,0.041,0.145,0.148,0.674,0.551,0.0,0.551,955,Samaki Walker,DAL,1610612742,8,0.195
359,23.0,5,"1513,1610612765",33,17,9.6,0.571,0.0,0.571,1.0,0.0,0.787,0.045,0.0,0.067,0.213,0.247,0.742,0.429,0.0,0.429,1513,Scot Pollard,DET,1610612765,16,0.485
360,32.0,5,"418,1610612739",43,20,7.2,0.522,1.0,0.607,0.833,0.167,0.582,0.354,0.19,0.063,0.228,0.241,0.228,0.478,0.0,0.393,418,Scott Brooks,CLE,1610612739,23,0.535
361,27.0,5,"197,1610612741",80,20,13.7,0.722,0.902,0.78,0.616,0.384,0.519,0.221,0.368,0.19,0.113,0.183,0.298,0.278,0.098,0.22,197,Scott Burrell,CHI,1610612741,60,0.75
362,30.0,5,"281,1610612755",58,38,13.8,0.656,0.0,0.656,0.977,0.023,0.785,0.287,0.0,0.101,0.215,0.169,0.498,0.344,0.0,0.344,281,Scott Williams,PHI,1610612755,20,0.345
363,32.0,5,"937,1610612741",44,8,37.6,0.627,0.705,0.642,0.728,0.272,0.605,0.192,0.217,0.222,0.178,0.211,0.413,0.373,0.295,0.358,937,Scottie Pippen,CHI,1610612741,36,0.818
364,30.0,5,"251,1610612759",36,12,28.1,0.648,1.0,0.746,0.703,0.297,0.527,0.257,0.305,0.147,0.168,0.111,0.269,0.352,0.0,0.254,251,Sean Elliott,SAS,1610612759,24,0.667
365,29.0,5,"925,1610612757",2,1,6.4,0.0,0.0,0.0,0.6,0.4,0.0,0.0,0.0,0.0,0.0,0.0,0.0,0.0,0.0,0.0,925,Sean Higgins,POR,1610612757,1,0.5
366,28.0,5,"399,1610612747",41,8,10.4,0.717,0.0,0.717,1.0,0.0,0.662,0.072,0.0,0.108,0.338,0.209,0.59,0.283,0.0,0.283,399,Sean Rooks,LAL,1610612747,33,0.805
367,24.0,5,"1000,1610612762",82,20,19.5,0.805,1.0,0.81,0.936,0.064,0.769,0.094,0.031,0.222,0.2,0.223,0.675,0.195,0.0,0.19,1000,Shandon Anderson,UTA,1610612762,62,0.756
368,26.0,5,"406,1610612747",60,14,36.2,0.707,0.0,0.707,1.0,0.0,0.789,0.054,0.0,0.067,0.211,0.137,0.735,0.293,0.0,0.293,406,Shaquille O'Neal,LAL,1610612747,46,0.767
369,21.0,5,"949,1610612763",82,63,35.9,0.581,0.952,0.593,0.962,0.038,0.691,0.148,0.034,0.183,0.274,0.154,0.543,0.419,0.048,0.407,949,Shareef Abdur-Rahim,VAN,1610612763,19,0.232
370,25.0,5,"412,1610612761",7,5,6.4,0.571,0.0,0.571,1.0,0.0,0.875,0.125,0.0,0.125,0.125,0.125,0.75,0.429,0.0,0.429,412,Sharone Wright,TOR,1610612761,2,0.286
371,26.0,5,"762,1610612742",64,47,28.6,0.528,1.0,0.53,0.996,0.004,0.818,0.224,0.004,0.033,0.178,0.134,0.594,0.472,0.0,0.47,762,Shawn Bradley,DAL,1610612742,17,0.266
372,28.0,5,"431,1610612739",80,33,34.6,0.663,1.0,0.664,0.993,0.007,0.716,0.219,0.004,0.07,0.28,0.211,0.497,0.337,0.0,0.336,431,Shawn Kemp,CLE,1610612739,47,0.588
373,26.0,5,"704,1610612742",57,48,15.9,0.566,0.903,0.646,0.683,0.317,0.584,0.407,0.274,0.204,0.142,0.201,0.177,0.434,0.097,0.354,704,Shawn Respert,DAL,1610612742,9,0.158
374,26.0,5,"1035,1610612739",41,19,4.6,0.563,0.0,0.563,1.0,0.0,0.727,0.0,0.0,0.205,0.273,0.159,0.727,0.438,0.0,0.438,1035,Shawnelle Scott,CLE,1610612739,22,0.537
375,22.0,5,"1578,1610612747",4,1,2.0,1.0,0.0,1.0,0.625,0.375,0.5,0.0,0.0,0.5,0.5,0.5,0.5,0.0,0.0,0.0,1578,Shea Seals,LAL,1610612747,3,0.75
376,31.0,5,"428,1610612751",80,37,21.2,0.336,0.571,0.349,0.911,0.089,0.754,0.203,0.066,0.139,0.18,0.194,0.551,0.664,0.429,0.651,428,Sherman Douglas,NJN,1610612751,43,0.538
377,34.0,5,"892,1610612753",4,2,8.6,0.2,0.0,0.2,0.917,0.083,0.833,0.5,0.0,0.167,0.167,0.167,0.333,0.8,0.0,0.8,892,Spud Webb,ORL,1610612753,2,0.5
378,29.0,5,"278,1610612757",71,32,20.4,0.562,0.0,0.558,0.981,0.019,0.759,0.134,0.007,0.171,0.233,0.166,0.625,0.438,1.0,0.442,278,Stacey Augmon,POR,1610612757,39,0.549
379,28.0,5,"914,1610612750",74,37,18.0,0.681,0.0,0.681,1.0,0.0,0.836,0.053,0.0,0.035,0.164,0.155,0.783,0.319,0.0,0.319,914,Stanley Roberts,MIN,1610612750,37,0.5
380,27.0,5,"1128,1610612760",13,4,4.0,0.375,0.0,0.375,1.0,0.0,0.64,0.08,0.0,0.24,0.36,0.2,0.56,0.625,0.0,0.625,1128,Stephen Howard,SEA,1610612760,9,0.692
381,21.0,5,"950,1610612750",82,37,38.0,0.292,0.495,0.329,0.754,0.246,0.577,0.159,0.197,0.203,0.227,0.193,0.418,0.708,0.505,0.671,950,Stephon Marbury,MIN,1610612750,45,0.549
382,30.0,5,"1667,1610612765",23,14,2.5,0.3,1.0,0.462,0.692,0.308,0.556,0.278,0.25,0.167,0.194,0.222,0.278,0.7,0.0,0.538,1667,Steve Henson,DET,1610612765,9,0.391
383,32.0,5,"70,1610612741",50,13,22.3,0.788,0.947,0.854,0.57,0.43,0.426,0.34,0.455,0.093,0.12,0.186,0.085,0.213,0.053,0.146,70,Steve Kerr,CHI,1610612741,37,0.74
384,24.0,5,"959,1610612756",76,25,21.9,0.508,0.79,0.593,0.666,0.334,0.541,0.336,0.352,0.171,0.107,0.172,0.205,0.492,0.21,0.407,959,Steve Nash,PHX,1610612756,51,0.671
385,29.0,5,"120,1610612737",73,28,39.1,0.411,0.649,0.458,0.749,0.251,0.536,0.199,0.199,0.102,0.266,0.109,0.336,0.589,0.351,0.542,120,Steven Smith,ATL,1610612737,45,0.616
386,34.0,5,"1037,1610612746",65,52,15.3,0.38,0.0,0.38,1.0,0.0,0.81,0.072,0.0,0.031,0.19,0.144,0.738,0.62,0.0,0.62,1037,Stojko Vrankovic,LAC,1610612746,13,0.2
387,23.0,5,"1505,1610612758",59,42,16.3,0.636,0.75,0.639,0.947,0.053,0.745,0.277,0.032,0.218,0.223,0.197,0.468,0.364,0.25,0.361,1505,Tariq Abdul-Wahad,SAC,1610612758,17,0.288
388,28.0,5,"210,1610612749",50,23,35.7,0.442,0.742,0.469,0.873,0.127,0.732,0.428,0.111,0.218,0.157,0.235,0.304,0.558,0.258,0.531,210,Terrell Brandon,MIL,1610612749,27,0.54
389,37.0,5,"187,1610612752",74,47,16.0,0.68,0.0,0.68,0.998,0.002,0.855,0.416,0.0,0.074,0.145,0.178,0.438,0.32,0.0,0.32,187,Terry Cummings,NYK,1610612752,27,0.365
390,31.0,5,"426,1610612764",74,35,23.1,0.551,0.0,0.551,0.996,0.004,0.786,0.08,0.0,0.05,0.214,0.17,0.706,0.449,0.0,0.449,426,Terry Davis,WAS,1610612764,39,0.527
391,26.0,5,"143,1610612758",77,51,18.3,0.615,0.86,0.683,0.707,0.293,0.532,0.344,0.307,0.157,0.162,0.217,0.188,0.385,0.14,0.317,143,Terry Dehere,SAC,1610612758,26,0.338
392,30.0,5,"371,1610612748",50,19,15.6,0.554,0.96,0.679,0.607,0.393,0.528,0.302,0.354,0.038,0.118,0.203,0.226,0.446,0.04,0.321,371,Terry Mills,MIA,1610612748,31,0.62
393,35.0,5,"345,1610612750",82,37,21.8,0.467,0.793,0.583,0.596,0.404,0.43,0.227,0.355,0.147,0.215,0.151,0.203,0.533,0.207,0.417,345,Terry Porter,MIN,1610612750,45,0.549
394,25.0,5,"689,1610612755",82,47,29.9,0.667,0.0,0.667,1.0,0.0,0.756,0.168,0.0,0.111,0.244,0.136,0.588,0.333,0.0,0.333,689,Theo Ratliff,PHI,1610612755,35,0.427
395,27.0,5,"160,1610612749",6,2,4.8,0.333,1.0,0.5,0.727,0.273,0.6,0.0,0.3,0.1,0.1,0.0,0.6,0.667,0.0,0.5,160,Tim Breaux,MIL,1610612749,4,0.667
396,22.0,5,"1495,1610612759",82,26,39.1,0.574,0.0,0.574,0.992,0.008,0.816,0.193,0.0,0.07,0.184,0.146,0.623,0.426,0.0,0.426,1495,Tim Duncan,SAS,1610612759,56,0.683
397,31.0,5,"896,1610612748",81,26,37.4,0.174,0.471,0.256,0.659,0.341,0.527,0.224,0.304,0.174,0.168,0.158,0.304,0.826,0.529,0.744,896,Tim Hardaway,MIA,1610612748,55,0.679
398,34.0,5,"1118,1610612761",8,5,5.7,1.0,0.0,1.0,1.0,0.0,1.0,0.0,0.0,0.0,0.0,0.0,1.0,0.0,0.0,0.0,1118,Tim Kempton,TOR,1610612761,3,0.375
399,31.0,5,"100,1610612764",8,4,9.5,1.0,0.0,1.0,0.684,0.316,0.667,0.667,0.0,0.0,0.333,0.444,0.0,0.0,0.0,0.0,100,Tim Legler,WAS,1610612764,4,0.5
400,21.0,5,"1501,1610612755",77,50,23.1,0.648,0.952,0.709,0.75,0.25,0.578,0.147,0.22,0.241,0.202,0.198,0.431,0.352,0.048,0.291,1501,Tim Thomas,PHI,1610612755,27,0.351
401,28.0,5,"103,1610612748",5,2,14.0,0.444,0.5,0.455,0.613,0.387,0.6,0.2,0.2,0.3,0.2,0.367,0.4,0.556,0.5,0.545,103,Todd Day,MIA,1610612748,3,0.6
402,23.0,5,"957,1610612744",57,45,10.8,0.698,0.0,0.698,0.98,0.02,0.758,0.3,0.0,0.088,0.242,0.132,0.458,0.302,0.0,0.302,957,Todd Fuller,GSW,1610612744,12,0.211
403,39.0,5,"1472,1610612755",1,1,9.7,1.0,0.0,1.0,1.0,0.0,0.667,0.333,0.0,0.0,0.333,0.333,0.333,0.0,0.0,0.0,1472,Tom Chambers,PHI,1610612755,0,0.0
404,28.0,5,"339,1610612750",41,17,38.6,0.694,1.0,0.696,0.973,0.027,0.77,0.45,0.007,0.117,0.222,0.174,0.321,0.306,0.0,0.304,339,Tom Gugliotta,MIN,1610612750,24,0.585
405,31.0,5,"67,1610612750",57,28,20.0,0.669,0.0,0.669,0.996,0.004,0.734,0.121,0.0,0.078,0.266,0.11,0.613,0.331,0.0,0.331,67,Tom Hammonds,MIN,1610612750,29,0.509
406,29.0,5,"389,1610612741",74,17,30.2,0.586,0.921,0.641,0.793,0.207,0.65,0.251,0.192,0.114,0.158,0.156,0.399,0.414,0.079,0.359,389,Toni Kukoc,CHI,1610612741,57,0.77
407,22.0,5,"1499,1610612743",65,57,23.2,0.658,1.0,0.662,0.973,0.027,0.849,0.324,0.017,0.127,0.134,0.171,0.526,0.342,0.0,0.338,1499,Tony Battie,DEN,1610612743,8,0.123
408,24.0,5,"960,1610612744",77,58,21.8,0.676,0.643,0.672,0.803,0.197,0.697,0.484,0.161,0.147,0.142,0.172,0.213,0.324,0.357,0.328,960,Tony Delk,GSW,1610612744,19,0.247
409,25.0,5,"434,1610612739",7,3,6.5,0.75,1.0,0.833,0.667,0.333,0.571,0.0,0.429,0.5,0.0,0.357,0.571,0.25,0.0,0.167,434,Tony Dumas,CLE,1610612739,4,0.571
410,28.0,5,"1108,1610612766",27,11,6.2,0.133,1.0,0.235,0.83,0.17,0.448,0.09,0.09,0.119,0.463,0.179,0.358,0.867,0.0,0.765,1108,Tony Farmer,CHH,1610612766,16,0.593
411,30.0,5,"763,1610612763",61,47,14.7,0.601,0.0,0.601,1.0,0.0,0.747,0.152,0.0,0.083,0.253,0.136,0.596,0.399,0.0,0.399,763,Tony Massenburg,VAN,1610612763,14,0.23
412,30.0,5,"380,1610612749",7,5,11.3,0.625,0.0,0.625,0.833,0.167,0.842,0.526,0.0,0.105,0.158,0.211,0.316,0.375,0.0,0.375,380,Tony Smith,MIL,1610612749,2,0.286
413,19.0,5,"1503,1610612761",64,51,18.4,0.558,0.643,0.564,0.897,0.103,0.732,0.173,0.093,0.284,0.175,0.197,0.559,0.442,0.357,0.436,1503,Tracy McGrady,TOR,1610612761,13,0.203
414,26.0,5,"145,1610612764",82,40,27.2,0.732,0.937,0.804,0.6,0.4,0.47,0.276,0.383,0.122,0.147,0.163,0.194,0.268,0.063,0.196,145,Tracy Murray,WAS,1610612764,42,0.512
415,25.0,5,"696,1610612754",82,24,18.8,0.194,0.952,0.274,0.854,0.146,0.673,0.31,0.118,0.174,0.209,0.264,0.363,0.806,0.048,0.726,696,Travis Best,IND,1610612754,58,0.707
416,23.0,5,"969,1610612738",74,43,20.3,0.68,1.0,0.705,0.874,0.126,0.739,0.315,0.093,0.068,0.168,0.185,0.423,0.32,0.0,0.295,969,Travis Knight,BOS,1610612738,31,0.419
417,29.0,5,"1576,1610612766",39,16,9.4,0.536,0.0,0.536,0.992,0.008,0.824,0.191,0.0,0.176,0.176,0.243,0.632,0.464,0.0,0.464,1576,Travis Williams,CHH,1610612766,23,0.59
418,22.0,5,"1607,1610612762",8,4,3.0,0.333,0.0,0.333,0.786,0.214,1.0,0.667,0.0,0.167,0.0,0.333,0.333,0.667,0.0,0.667,1607,Troy Hudson,UTA,1610612762,4,0.5
419,35.0,5,"895,1610612737",79,30,34.1,0.86,1.0,0.881,0.811,0.189,0.692,0.486,0.182,0.125,0.125,0.213,0.206,0.14,0.0,0.119,895,Tyrone Corbin,ATL,1610612737,49,0.62
420,30.0,5,"238,1610612749",57,31,36.2,0.596,0.0,0.596,0.998,0.002,0.729,0.053,0.0,0.166,0.271,0.161,0.676,0.404,0.0,0.404,238,Tyrone Hill,MIL,1610612749,26,0.456
421,25.0,5,"721,1610612738",52,27,12.0,0.3,0.667,0.312,0.954,0.046,0.65,0.173,0.032,0.184,0.318,0.213,0.477,0.7,0.333,0.688,721,Tyus Edney,BOS,1610612738,25,0.481
422,32.0,5,"137,1610612766",42,20,15.1,0.621,0.892,0.718,0.566,0.434,0.454,0.103,0.381,0.234,0.165,0.189,0.351,0.379,0.108,0.282,137,Vernon Maxwell,CHH,1610612766,22,0.524
423,26.0,5,"452,1610612760",82,21,36.0,0.6,1.0,0.601,0.994,0.006,0.801,0.127,0.002,0.112,0.198,0.177,0.673,0.4,0.0,0.399,452,Vin Baker,SEA,1610612760,61,0.744
424,32.0,5,"355,1610612757",30,14,14.9,0.684,0.0,0.684,0.963,0.037,0.576,0.091,0.0,0.121,0.424,0.076,0.485,0.316,0.0,0.316,355,Vincent Askew,POR,1610612757,16,0.533
425,31.0,5,"219,1610612759",54,19,31.8,0.691,0.706,0.692,0.919,0.081,0.756,0.569,0.099,0.129,0.144,0.135,0.187,0.309,0.294,0.308,219,Vinny Del Negro,SAS,1610612759,35,0.648
426,23.0,5,"958,1610612739",80,33,17.6,0.735,0.0,0.735,0.998,0.002,0.821,0.232,0.0,0.07,0.179,0.168,0.589,0.265,0.0,0.265,958,Vitaly Potapenko,CLE,1610612739,47,0.588
427,30.0,5,"124,1610612766",64,24,28.2,0.674,1.0,0.678,0.974,0.026,0.792,0.165,0.013,0.061,0.195,0.159,0.627,0.326,0.0,0.322,124,Vlade Divac,CHH,1610612766,40,0.625
428,25.0,5,"702,1610612748",81,27,32.3,0.624,0.961,0.766,0.557,0.443,0.412,0.205,0.45,0.162,0.138,0.195,0.207,0.376,0.039,0.234,702,Voshon Lenard,MIA,1610612748,54,0.667
429,28.0,5,"1005,1610612757",59,37,24.9,0.6,0.963,0.738,0.597,0.403,0.428,0.164,0.395,0.137,0.178,0.188,0.263,0.4,0.037,0.262,1005,Walt Williams,POR,1610612757,22,0.373
430,24.0,5,"962,1610612738",82,46,28.6,0.61,0.963,0.675,0.76,0.24,0.612,0.251,0.206,0.133,0.183,0.222,0.36,0.39,0.037,0.325,962,Walter McCarty,BOS,1610612738,36,0.439
431,27.0,5,"445,1610612739",82,35,39.0,0.762,0.948,0.843,0.533,0.467,0.412,0.19,0.478,0.207,0.11,0.228,0.222,0.238,0.052,0.157,445,Wesley Person,CLE,1610612739,47,0.573
432,32.0,5,"781,1610612759",79,26,18.9,0.66,0.0,0.66,0.997,0.003,0.822,0.01,0.0,0.102,0.178,0.129,0.812,0.34,0.0,0.34,781,Will Perdue,SAS,1610612759,53,0.671
433,24.0,5,"1061,1610612755",7,1,5.6,0.5,0.0,0.5,1.0,0.0,1.0,0.0,0.0,0.0,0.0,0.25,1.0,0.5,0.0,0.5,1061,William Cunningham,PHI,1610612755,6,0.857
434,30.0,5,"416,1610612759",13,3,3.2,0.4,1.0,0.625,0.571,0.429,0.37,0.074,0.333,0.185,0.296,0.037,0.296,0.6,0.0,0.375,416,Willie Burton,SAS,1610612759,10,0.769
435,35.0,5,"1365,1610612751",20,9,8.9,0.7,0.0,0.7,1.0,0.0,0.8,0.24,0.0,0.0,0.2,0.2,0.56,0.3,0.0,0.3,1365,Xavier McDaniel,NJN,1610612751,11,0.55
436,25.0,5,"212,1610612751",10,4,5.9,1.0,0.0,1.0,1.0,0.0,0.667,0.167,0.0,0.0,0.333,0.0,0.5,0.0,0.0,0.0,212,Yinka Dare,NJN,1610612751,6,0.6
437,28.0,5,"440,1610612738",57,41,17.2,0.683,0.0,0.683,0.997,0.003,0.925,0.332,0.0,0.166,0.075,0.13,0.593,0.317,0.0,0.317,440,Zan Tabak,BOS,1610612738,16,0.281
438,23.0,5,"980,1610612739",82,35,29.0,0.649,1.0,0.65,0.995,0.005,0.795,0.109,0.003,0.055,0.202,0.183,0.687,0.351,0.0,0.35,980,Zydrunas Ilgauskas,CLE,1610612739,47,0.573
