,AGE,AST_PCT,AST_RATIO,AST_TO,CFID,CFPARAMS,DEF_RATING,DREB_PCT,EFG_PCT,FGA,FGA_PG,FGM,FGM_PG,FG_PCT,GP,L,MIN,NET_RATING,OFF_RATING,OREB_PCT,PACE,PIE,PLAYER_ID,PLAYER_NAME,REB_PCT,TEAM_ABBREVIATION,TEAM_ID,TM_TOV_PCT,TS_PCT,USG_PCT,W,W_PCT
0,24.0,0.233,21.4,2.09,5,"201985,1610612754",102.7,0.083,0.42,320,6.4,114,2.3,0.356,50,28,15.9,1.6,104.4,0.022,95.35,0.075,201985,A.J. Price,0.051,IND,1610612754,10.2,0.454,0.227,22,0.44
1,26.0,0.289,23.8,2.35,5,"201166,1610612756",112.4,0.053,0.434,587,9.9,220,3.7,0.375,59,33,21.8,-6.5,105.9,0.017,96.73,0.078,201166,Aaron Brooks,0.035,PHX,1610612756,10.1,0.489,0.257,26,0.441
2,26.0,0.044,9.9,0.5,5,"201189,1610612740",105.2,0.273,0.566,99,2.4,56,1.4,0.566,41,20,12.9,2.2,107.4,0.14,89.75,0.065,201189,Aaron Gray,0.206,NOH,1610612740,19.8,0.566,0.132,21,0.512
3,26.0,0.182,24.6,1.95,5,"201151,1610612744",108.3,0.082,0.452,186,3.6,81,1.6,0.435,51,31,14.2,-8.2,100.1,0.019,95.98,0.07,201151,Acie Law,0.05,GSW,1610612744,12.6,0.502,0.16,20,0.392
4,31.0,0.096,10.8,0.95,5,"1733,1610612743",106.7,0.179,0.503,675,9.2,281,3.8,0.416,73,28,22.8,3.7,110.4,0.054,98.85,0.078,1733,Al Harrington,0.117,DEN,1610612743,11.4,0.527,0.221,45,0.616
5,25.0,0.169,19.2,2.24,5,"201143,1610612737",104.4,0.233,0.558,921,12.0,513,6.7,0.557,77,36,35.1,0.2,104.5,0.081,90.93,0.15,201143,Al Horford,0.158,ATL,1610612737,8.6,0.587,0.199,41,0.532
6,26.0,0.09,8.8,1.42,5,"2744,1610612762",109.2,0.228,0.496,1319,16.1,654,8.0,0.496,82,43,35.9,-3.2,106.0,0.094,93.55,0.134,2744,Al Jefferson,0.16,UTA,1610612762,6.2,0.528,0.242,39,0.476
7,27.0,0.072,10.0,0.97,5,"201154,1610612744",105.4,0.139,0.48,431,6.1,205,2.9,0.476,71,50,19.5,-4.8,100.6,0.048,95.55,0.077,201154,Al Thornton,0.093,GSW,1610612744,10.3,0.531,0.182,21,0.296
8,20.0,0.067,9.7,0.58,5,"202329,1610612746",105.1,0.154,0.45,406,5.0,160,2.0,0.394,81,50,17.9,-7.8,97.3,0.06,95.47,0.07,202329,Al-Farouq Aminu,0.107,LAC,1610612746,16.6,0.499,0.171,31,0.383
9,23.0,0.049,5.9,0.56,5,"201582,1610612761",103.4,0.208,0.489,133,3.9,59,1.7,0.444,34,28,10.0,-1.4,102.0,0.061,95.58,0.067,201582,Alexis Ajinca,0.137,TOR,1610612761,10.7,0.507,0.212,6,0.176
10,24.0,0.056,9.6,0.69,5,"202087,1610612739",109.5,0.124,0.491,264,4.7,121,2.2,0.458,56,40,20.0,-10.7,98.8,0.061,94.67,0.069,202087,Alonzo Gee,0.092,CLE,1610612739,13.8,0.544,0.144,16,0.286
11,28.0,0.128,9.2,0.81,5,"2405,1610612752",108.5,0.177,0.505,1482,19.0,744,9.5,0.502,78,39,36.8,1.2,109.7,0.08,97.92,0.137,2405,Amar'e Stoudemire,0.129,NYK,1610612752,11.4,0.565,0.309,39,0.5
12,24.0,0.064,11.3,1.17,5,"101161,1610612761",108.3,0.179,0.568,495,6.9,281,3.9,0.568,72,52,25.7,-2.8,105.5,0.117,95.4,0.097,101161,Amir Johnson,0.147,TOR,1610612761,9.6,0.608,0.154,20,0.278
13,28.0,0.074,13.4,1.13,5,"2760,1610612739",106.7,0.24,0.528,216,7.0,114,3.7,0.528,31,23,32.1,-9.0,97.7,0.111,94.92,0.107,2760,Anderson Varejao,0.174,CLE,1610612739,11.9,0.56,0.135,8,0.258
14,24.0,0.115,10.3,0.84,5,"101154,1610612764",107.2,0.19,0.447,957,15.0,426,6.7,0.445,64,43,33.9,-6.9,100.4,0.094,96.11,0.112,101154,Andray Blatche,0.14,WAS,1610612764,12.3,0.497,0.256,21,0.328
15,27.0,0.261,29.1,3.06,5,"2738,1610612755",100.8,0.151,0.486,759,11.3,338,5.0,0.445,67,31,36.8,3.4,104.2,0.029,94.06,0.126,2738,Andre Iguodala,0.09,PHI,1610612755,9.5,0.53,0.192,36,0.537
16,35.0,0.348,32.6,2.87,5,"1889,1610612757",104.0,0.098,0.462,844,10.4,388,4.8,0.46,81,34,32.7,4.7,108.7,0.044,89.18,0.126,1889,Andre Miller,0.07,POR,1610612757,11.4,0.529,0.209,47,0.58
17,25.0,0.086,7.4,0.78,5,"200745,1610612761",112.5,0.141,0.48,1173,17.8,525,8.0,0.448,66,47,35.7,-8.0,104.5,0.037,95.91,0.1,200745,Andrea Bargnani,0.088,TOR,1610612761,9.5,0.533,0.282,19,0.288
18,30.0,0.145,19.8,1.64,5,"1905,1610612762",107.7,0.135,0.5,542,8.5,253,4.0,0.467,64,31,31.2,-1.1,106.6,0.06,94.12,0.107,1905,Andrei Kirilenko,0.098,UTA,1610612762,12.1,0.567,0.178,33,0.516
19,31.0,0.076,11.4,0.96,5,"2804,1610612755",106.6,0.191,0.502,277,5.1,118,2.2,0.426,54,31,17.2,-6.9,99.7,0.024,95.06,0.073,2804,Andres Nocioni,0.106,PHI,1610612755,11.9,0.538,0.174,23,0.426
20,26.0,0.103,12.0,1.05,5,"101106,1610612749",98.6,0.262,0.495,742,11.4,367,5.6,0.495,65,37,35.3,0.0,98.7,0.099,91.2,0.126,101106,Andrew Bogut,0.18,MIL,1610612749,11.4,0.496,0.198,28,0.431
21,23.0,0.079,11.2,0.99,5,"101115,1610612747",99.2,0.252,0.574,413,7.6,237,4.4,0.574,54,18,27.8,7.1,106.3,0.133,91.53,0.144,101115,Andrew Bynum,0.194,LAL,1610612747,11.4,0.606,0.18,36,0.667
22,25.0,0.06,15.1,1.05,5,"2740,1610612744",110.5,0.242,0.534,266,4.5,142,2.4,0.534,59,33,23.7,-7.8,102.7,0.115,97.5,0.07,2740,Andris Biedrins,0.176,GSW,1610612744,14.4,0.526,0.106,26,0.441
23,24.0,0.25,16.8,0.43,5,"202360,1610612752",102.6,0.048,0.5,7,1.4,3,0.6,0.429,5,3,4.8,-18.8,83.8,0.0,94.84,0.015,202360,Andy Rautins,0.023,NYK,1610612752,39.1,0.508,0.278,2,0.4
24,35.0,0.092,8.1,1.21,5,"1712,1610612739",111.9,0.186,0.479,876,15.6,374,6.7,0.427,56,47,32.9,-10.6,101.3,0.05,96.83,0.107,1712,Antawn Jamison,0.115,CLE,1610612739,6.7,0.516,0.255,9,0.161
25,36.0,0.234,31.7,1.77,5,"1853,1610612752",103.4,0.109,0.481,106,3.2,45,1.4,0.425,33,13,14.0,1.1,104.5,0.018,97.24,0.073,1853,Anthony Carter,0.064,NYK,1610612752,17.9,0.502,0.144,20,0.606
26,25.0,0.063,8.6,1.26,5,"201627,1610612751",105.1,0.088,0.539,620,10.7,279,4.8,0.45,58,41,32.0,-4.1,101.0,0.023,92.34,0.077,201627,Anthony Morrow,0.054,NJN,1610612751,6.8,0.573,0.18,17,0.293
27,36.0,0.164,24.4,2.73,5,"1515,1610612739",107.6,0.102,0.476,552,7.7,220,3.1,0.399,72,54,29.0,-7.8,99.8,0.018,95.28,0.076,1515,Anthony Parker,0.059,CLE,1610612739,9.0,0.505,0.146,18,0.25
28,21.0,0.103,8.5,0.62,5,"201576,1610612750",107.5,0.228,0.468,264,6.6,123,3.1,0.466,40,29,14.7,-10.7,96.8,0.079,99.41,0.11,201576,Anthony Randolph,0.151,MIN,1610612750,13.7,0.505,0.262,11,0.275
29,26.0,0.09,16.3,1.67,5,"201229,1610612750",106.1,0.178,0.526,313,4.8,141,2.2,0.45,65,53,21.0,-4.0,102.2,0.074,98.0,0.091,201229,Anthony Tolliver,0.124,MIN,1610612750,9.8,0.585,0.133,12,0.185
30,27.0,0.0,0.0,0.0,5,"101120,1610612758",105.7,0.043,0.125,8,1.1,1,0.1,0.125,7,5,4.5,-19.0,86.7,0.054,91.32,-0.072,101120,Antoine Wright,0.05,SAC,1610612758,11.1,0.125,0.138,2,0.286
31,36.0,0.08,22.5,2.0,5,"1498,1610612755",94.8,0.152,0.4,5,1.3,2,0.5,0.4,4,3,8.8,17.6,112.4,0.0,86.57,0.082,1498,Antonio Daniels,0.082,PHI,1610612755,11.3,0.51,0.096,1,0.25
32,36.0,0.093,15.7,1.17,5,"686,1610612759",102.3,0.225,0.491,344,4.7,169,2.3,0.491,73,19,19.0,5.8,108.1,0.107,93.85,0.092,686,Antonio McDyess,0.168,SAS,1610612759,13.5,0.516,0.15,54,0.74
33,22.0,0.3,23.2,1.18,5,"202356,1610612757",97.5,0.109,0.48,101,2.7,46,1.2,0.455,38,18,7.3,-3.0,94.5,0.042,96.07,0.077,202356,Armon Johnson,0.073,POR,1610612757,19.6,0.497,0.237,20,0.526
34,25.0,0.109,17.9,2.37,5,"201167,1610612743",105.9,0.101,0.581,627,9.1,312,4.5,0.498,69,29,33.7,3.8,109.7,0.023,97.2,0.087,201167,Arron Afflalo,0.063,DEN,1610612743,7.6,0.62,0.15,40,0.58
35,23.0,0.085,11.9,1.32,5,"201948,1610612765",108.8,0.185,0.483,471,6.5,193,2.7,0.41,72,46,20.1,-4.7,104.1,0.05,92.89,0.078,201948,Austin Daye,0.114,DET,1610612765,9.0,0.518,0.184,26,0.361
36,20.0,0.135,12.0,0.75,5,"202340,1610612738",101.7,0.092,0.343,67,2.2,23,0.7,0.343,31,10,5.2,-17.3,84.4,0.03,96.21,0.005,202340,Avery Bradley,0.062,BOS,1610612738,16.0,0.36,0.253,21,0.677
37,32.0,0.388,30.4,2.68,5,"1884,1610612739",108.0,0.087,0.475,693,11.9,289,5.0,0.417,58,34,28.4,-1.3,106.7,0.025,94.78,0.116,1884,Baron Davis,0.056,CLE,1610612739,11.3,0.506,0.243,24,0.414
38,28.0,0.129,14.8,1.21,5,"2732,1610612765",108.9,0.094,0.51,770,9.4,339,4.1,0.44,82,52,26.0,-3.5,105.3,0.022,92.84,0.075,2732,Ben Gordon,0.056,DET,1610612765,12.2,0.548,0.212,30,0.366
39,23.0,0.278,26.3,2.76,5,"202386,1610612751",105.7,0.086,0.434,144,3.4,61,1.5,0.424,42,36,10.4,-8.7,97.0,0.077,90.93,0.097,202386,Ben Uzoh,0.081,NJN,1610612751,9.5,0.468,0.206,6,0.143
40,36.0,0.086,24.8,1.64,5,"1112,1610612765",108.2,0.228,0.453,149,2.8,67,1.2,0.45,54,34,22.9,-7.2,101.0,0.118,89.35,0.083,1112,Ben Wallace,0.17,DET,1610612765,15.2,0.442,0.083,20,0.37
41,28.0,0.219,26.6,2.74,5,"2757,1610612758",106.0,0.097,0.539,824,10.4,412,5.2,0.5,79,55,34.6,-5.6,100.4,0.017,97.85,0.114,2757,Beno Udrih,0.055,SAC,1610612758,9.7,0.587,0.168,24,0.304
42,22.0,0.184,14.1,1.4,5,"201933,1610612746",106.8,0.269,0.508,1376,16.8,696,8.5,0.506,82,50,37.9,-3.4,103.4,0.103,95.53,0.16,201933,Blake Griffin,0.187,LAC,1610612746,10.1,0.549,0.273,32,0.39
43,31.0,0.182,40.0,0.0,5,"2250,1610612759",90.4,0.0,0.0,3,1.5,0,0.0,0.0,2,0,7.8,14.4,104.8,0.0,91.68,-0.058,2250,Bobby Simmons,0.0,SAS,1610612759,0.0,0.0,0.087,2,1.0
44,29.0,0.203,25.3,2.03,5,"2564,1610612766",105.3,0.137,0.543,774,9.4,381,4.6,0.492,82,48,33.9,-3.9,101.4,0.045,92.49,0.1,2564,Boris Diaw,0.09,CHA,1610612766,12.5,0.558,0.168,34,0.415
45,35.0,0.22,27.0,2.69,5,"1802,1610612745",105.6,0.197,0.514,296,4.9,132,2.2,0.446,60,28,16.9,0.0,105.6,0.049,96.28,0.119,1802,Brad Miller,0.123,HOU,1610612745,10.1,0.566,0.17,32,0.533
46,23.0,0.053,7.7,0.86,5,"201148,1610612751",103.8,0.18,0.513,117,3.2,60,1.6,0.513,37,23,10.2,-7.8,96.0,0.09,96.12,0.108,201148,Brandan Wright,0.133,NJN,1610612751,8.9,0.54,0.17,14,0.378
47,26.0,0.051,6.3,0.59,5,"101138,1610612753",97.2,0.17,0.515,645,8.5,332,4.4,0.515,76,27,26.1,6.4,103.6,0.083,92.51,0.115,101138,Brandon Bass,0.127,ORL,1610612753,10.8,0.571,0.202,49,0.645
48,21.0,0.261,20.5,2.09,5,"201943,1610612749",100.4,0.106,0.443,926,14.7,361,5.7,0.39,63,36,34.4,-2.1,98.3,0.021,93.1,0.113,201943,Brandon Jennings,0.062,MIL,1610612749,9.8,0.493,0.25,27,0.429
49,26.0,0.168,16.8,2.35,5,"200750,1610612757",104.0,0.093,0.436,523,11.1,209,4.4,0.4,47,22,27.9,2.5,106.5,0.025,89.54,0.095,200750,Brandon Roy,0.057,POR,1610612757,7.2,0.491,0.228,25,0.532
50,25.0,0.058,9.0,0.9,5,"201575,1610612754",105.9,0.12,0.512,515,7.7,217,3.2,0.421,67,40,26.2,-6.0,99.9,0.021,96.85,0.074,201575,Brandon Rush,0.07,IND,1610612754,10.0,0.54,0.161,27,0.403
51,31.0,0.022,5.1,0.37,5,"2217,1610612742",103.7,0.222,0.574,223,3.1,128,1.8,0.574,72,22,18.5,0.8,104.6,0.113,92.62,0.067,2217,Brendan Haywood,0.167,DAL,1610612742,13.8,0.532,0.124,50,0.694
52,34.0,0.097,24.3,2.35,5,"2073,1610612742",106.1,0.096,0.64,100,1.8,43,0.8,0.43,56,19,11.0,0.4,106.5,0.019,91.97,0.054,2073,Brian Cardinal,0.057,DAL,1610612742,10.3,0.672,0.097,37,0.661
53,30.0,0.057,6.8,0.6,5,"2567,1610612746",108.0,0.217,0.524,170,4.3,72,1.8,0.424,40,32,11.2,-8.8,99.2,0.05,94.63,0.077,2567,Brian Cook,0.13,LAC,1610612746,11.3,0.534,0.203,8,0.2
54,33.0,0.098,20.0,1.2,5,"2243,1610612741",103.9,0.083,0.526,19,1.1,10,0.6,0.526,18,6,4.9,1.1,105.0,0.012,99.55,0.022,2243,Brian Scalabrine,0.048,CHI,1610612741,16.7,0.526,0.12,12,0.667
55,35.0,0.0,0.0,0.0,5,"1730,1610612749",152.7,0.0,0.0,0,0.0,0,0.0,0.0,2,0,2.9,-95.6,57.1,0.0,107.86,0.0,1730,Brian Skinner,0.0,MIL,1610612749,0.0,0.0,0.0,2,1.0
56,23.0,0.087,7.1,0.73,5,"201572,1610612751",108.6,0.123,0.492,1309,16.0,644,7.9,0.492,82,58,35.2,-7.0,101.6,0.078,92.15,0.114,201572,Brook Lopez,0.1,NJN,1610612751,9.6,0.549,0.273,24,0.293
57,22.0,0.0,0.0,0.0,5,"201957,1610612760",108.5,0.237,0.321,28,2.2,9,0.7,0.321,13,5,6.5,-14.8,93.7,0.072,95.57,0.018,201957,Byron Mullens,0.151,OKC,1610612760,19.0,0.366,0.211,8,0.615
58,24.0,0.118,11.1,1.45,5,"101139,1610612762",103.9,0.126,0.468,899,11.5,366,4.7,0.407,78,42,25.2,0.8,104.7,0.032,93.63,0.092,101139,CJ Miles,0.078,UTA,1610612762,7.7,0.507,0.249,36,0.462
59,27.0,0.303,26.8,2.55,5,"201228,1610612741",92.7,0.082,0.426,394,4.8,146,1.8,0.371,82,20,13.3,8.3,101.0,0.018,91.73,0.104,201228,CJ Watson,0.051,CHI,1610612741,10.5,0.466,0.218,62,0.756
60,27.0,0.052,6.4,0.58,5,"201171,1610612740",107.4,0.112,0.502,687,9.0,345,4.5,0.502,76,51,26.4,-4.5,102.9,0.094,94.04,0.085,201171,Carl Landry,0.102,NOH,1610612740,11.1,0.555,0.207,25,0.329
61,31.0,0.16,26.1,2.08,5,"2306,1610612738",99.1,0.078,0.496,273,4.3,120,1.9,0.44,64,21,18.5,6.2,105.2,0.021,92.66,0.066,2306,Carlos Arroyo,0.051,BOS,1610612738,12.5,0.528,0.141,43,0.672
62,29.0,0.137,11.6,0.97,5,"2430,1610612741",100.9,0.27,0.51,845,14.3,431,7.3,0.51,59,12,31.9,6.5,107.4,0.086,92.81,0.142,2430,Carlos Boozer,0.181,CHI,1610612741,12.0,0.542,0.27,47,0.797
63,28.0,0.123,15.7,1.96,5,"2568,1610612749",101.4,0.135,0.492,513,10.5,200,4.1,0.39,49,28,32.5,-3.9,97.5,0.017,92.02,0.1,2568,Carlos Delfino,0.074,MIL,1610612749,8.0,0.517,0.177,21,0.429
64,27.0,0.149,10.1,1.07,5,"2546,1610612752",106.9,0.184,0.487,1503,19.5,684,8.9,0.455,77,34,35.7,3.2,110.2,0.05,97.81,0.143,2546,Carmelo Anthony,0.118,NYK,1610612752,9.4,0.557,0.321,43,0.558
65,31.0,0.091,9.0,0.94,5,"2406,1610612742",98.4,0.119,0.487,378,13.0,170,5.9,0.45,29,8,29.9,8.8,107.2,0.031,93.2,0.093,2406,Caron Butler,0.078,DAL,1610612742,9.6,0.523,0.255,21,0.724
66,26.0,0.05,7.7,1.13,5,"201858,1610612764",103.8,0.121,0.497,182,3.5,71,1.4,0.39,52,33,10.4,2.3,106.1,0.043,96.38,0.069,201858,Cartier Martin,0.081,WAS,1610612764,6.8,0.524,0.176,19,0.365
67,28.0,0.056,9.2,1.32,5,"101112,1610612756",106.5,0.202,0.535,829,10.8,358,4.6,0.432,77,38,33.0,2.3,108.7,0.03,96.64,0.085,101112,Channing Frye,0.117,PHX,1610612756,7.0,0.557,0.169,39,0.506
68,28.0,0.14,24.8,2.35,5,"101236,1610612745",104.4,0.211,0.527,463,6.3,244,3.3,0.527,74,33,28.1,5.9,110.3,0.122,96.31,0.106,101236,Charles Hayes,0.167,HOU,1610612745,10.6,0.554,0.132,41,0.554
69,32.0,0.113,20.4,2.17,5,"2294,1610612744",100.3,0.084,0.349,43,2.3,12,0.6,0.279,19,12,9.0,2.0,102.3,0.037,94.28,0.029,2294,Charlie Bell,0.059,GSW,1610612744,9.4,0.357,0.133,7,0.368
70,26.0,0.05,5.5,0.73,5,"101111,1610612765",109.4,0.188,0.53,708,9.3,313,4.1,0.442,76,49,21.9,-5.6,103.8,0.036,92.52,0.099,101111,Charlie Villanueva,0.109,DET,1610612765,7.6,0.553,0.231,27,0.355
71,23.0,0.113,13.9,1.9,5,"201978,1610612745",104.0,0.147,0.493,656,8.4,279,3.6,0.425,78,37,22.3,4.0,107.9,0.033,96.75,0.099,201978,Chase Budinger,0.089,HOU,1610612745,7.4,0.534,0.199,41,0.526
72,34.0,0.266,25.1,2.19,5,"1497,1610612752",107.4,0.081,0.519,794,11.0,339,4.7,0.427,72,34,32.1,2.8,110.2,0.013,97.52,0.122,1497,Chauncey Billups,0.048,NYK,1610612752,11.5,0.617,0.225,38,0.528
73,32.0,0.043,8.3,0.8,5,"2365,1610612743",100.6,0.223,0.599,137,3.0,82,1.8,0.599,45,16,16.3,5.2,105.9,0.12,99.04,0.123,2365,Chris Andersen,0.172,DEN,1610612743,10.4,0.636,0.131,29,0.644
74,27.0,0.086,9.3,1.04,5,"2547,1610612748",99.4,0.199,0.499,1056,13.7,524,6.8,0.496,77,22,36.3,11.4,110.8,0.064,93.49,0.139,2547,Chris Bosh,0.136,MIA,1610612748,8.9,0.569,0.234,55,0.714
75,24.0,0.098,12.6,1.43,5,"201604,1610612749",100.4,0.109,0.456,273,6.2,117,2.7,0.429,44,25,20.1,-1.0,99.4,0.009,92.73,0.081,201604,Chris Douglas-Roberts,0.059,MIL,1610612749,8.8,0.517,0.186,19,0.432
76,28.0,0.251,37.0,1.93,5,"2768,1610612753",97.5,0.063,0.43,129,2.5,49,1.0,0.38,51,15,15.2,1.6,99.1,0.014,91.78,0.056,2768,Chris Duhon,0.039,ORL,1610612753,19.1,0.446,0.122,36,0.706
77,25.0,0.037,7.0,0.3,5,"202419,1610612757",109.2,0.175,0.429,21,1.5,9,0.6,0.429,14,4,9.9,-21.3,87.9,0.092,95.44,0.05,202419,Chris Johnson,0.131,POR,1610612757,23.4,0.554,0.129,10,0.714
78,29.0,0.1,9.1,0.79,5,"2549,1610612746",101.8,0.224,0.471,376,11.8,177,5.5,0.471,32,21,26.2,-4.7,97.0,0.072,96.61,0.122,2549,Chris Kaman,0.151,LAC,1610612746,11.5,0.495,0.245,11,0.344
79,26.0,0.441,38.0,4.42,5,"101108,1610612740",102.1,0.125,0.502,928,11.6,430,5.4,0.463,80,35,36.0,5.2,107.3,0.016,91.26,0.169,101108,Chris Paul,0.07,NOH,1610612740,8.6,0.578,0.21,45,0.563
80,27.0,0.236,28.3,3.5,5,"200809,1610612759",108.2,0.087,0.423,91,2.2,33,0.8,0.363,41,8,7.1,-1.8,106.4,0.012,91.14,0.051,200809,Chris Quinn,0.049,SAS,1610612759,8.1,0.428,0.173,33,0.805
81,28.0,0.068,9.6,1.0,5,"2404,1610612765",110.2,0.235,0.581,322,5.6,187,3.3,0.581,57,35,17.5,-1.0,109.2,0.112,92.0,0.1,2404,Chris Wilcox,0.17,DET,1610612765,9.6,0.587,0.187,22,0.386
82,22.0,0.061,8.7,0.74,5,"201963,1610612739",110.1,0.121,0.466,306,7.0,130,3.0,0.425,44,34,21.5,-10.4,99.7,0.031,96.23,0.055,201963,Christian Eyenga,0.074,CLE,1610612739,11.7,0.476,0.173,10,0.227
83,22.0,0.041,13.9,0.5,5,"202332,1610612760",100.6,0.168,0.533,15,0.8,8,0.4,0.533,18,7,7.9,3.9,104.4,0.112,94.52,0.026,202332,Cole Aldrich,0.142,OKC,1610612760,27.8,0.537,0.082,11,0.611
84,25.0,0.09,11.9,1.02,5,"201147,1610612742",106.1,0.09,0.426,488,7.1,193,2.8,0.395,69,47,21.9,-3.8,102.3,0.04,99.58,0.058,201147,Corey Brewer,0.064,DAL,1610612742,11.6,0.482,0.185,22,0.319
85,31.0,0.111,9.2,0.66,5,"1894,1610612749",102.6,0.165,0.478,559,8.3,253,3.8,0.453,67,42,20.9,-3.1,99.5,0.037,93.19,0.11,1894,Corey Maggette,0.101,MIL,1610612749,13.9,0.573,0.277,25,0.373
86,25.0,0.092,12.6,1.47,5,"201584,1610612745",106.6,0.104,0.501,576,7.1,253,3.1,0.439,81,38,21.3,0.1,106.7,0.034,96.04,0.084,201584,Courtney Lee,0.069,HOU,1610612745,8.5,0.534,0.179,43,0.531
87,23.0,0.05,5.9,0.0,5,"202342,1610612755",126.5,0.095,0.25,16,5.3,4,1.3,0.25,3,3,10.9,-29.2,97.3,0.057,87.47,-0.018,202342,Craig Brackins,0.071,PHI,1610612755,0.0,0.25,0.22,0,0.0
88,27.0,0.095,11.0,0.94,5,"200783,1610612746",104.8,0.154,0.553,188,3.9,104,2.2,0.553,48,31,12.2,-5.7,99.2,0.085,94.75,0.101,200783,Craig Smith,0.119,LAC,1610612746,11.7,0.592,0.194,17,0.354
89,23.0,0.306,28.6,3.21,5,"201571,1610612766",107.0,0.084,0.474,958,11.7,399,4.9,0.416,82,48,33.6,-4.9,102.1,0.017,92.81,0.111,201571,D.J. Augustin,0.05,CHA,1610612766,8.9,0.541,0.211,34,0.415
90,30.0,0.032,7.1,0.29,5,"2788,1610612740",98.5,0.168,0.469,49,1.2,23,0.6,0.469,41,21,8.1,-5.2,93.3,0.125,90.78,0.055,2788,DJ Mbenga,0.147,NOH,1610612740,25.0,0.518,0.112,20,0.488
91,24.0,0.051,6.8,1.36,5,"201591,1610612766",104.0,0.199,0.507,219,4.7,111,2.4,0.507,47,24,14.6,-2.7,101.3,0.077,90.15,0.112,201591,DJ White,0.139,CHA,1610612766,5.0,0.542,0.182,23,0.489
92,23.0,0.017,2.2,0.15,5,"201969,1610612765",106.8,0.062,0.471,69,3.1,28,1.3,0.406,22,17,9.0,-4.6,102.2,0.013,93.37,0.007,201969,DaJuan Summers,0.038,DET,1610612765,14.0,0.476,0.217,5,0.227
93,24.0,0.055,8.8,1.18,5,"201161,1610612760",101.3,0.123,0.616,181,4.2,79,1.8,0.436,43,13,13.9,7.0,108.3,0.017,94.56,0.085,201161,Daequan Cook,0.072,OKC,1610612760,7.5,0.63,0.16,30,0.698
94,30.0,0.103,10.4,1.06,5,"2563,1610612754",101.4,0.119,0.5,214,4.8,100,2.2,0.467,45,23,13.1,-1.8,99.6,0.008,95.33,0.098,2563,Dahntay Jones,0.064,IND,1610612754,9.8,0.558,0.219,22,0.489
95,31.0,0.099,18.3,1.95,5,"2863,1610612737",108.0,0.122,0.511,137,2.6,69,1.3,0.504,52,27,13.0,-8.7,99.3,0.043,92.91,0.07,2863,Damien Wilkins,0.083,ATL,1610612737,9.4,0.557,0.127,25,0.481
96,23.0,0.082,12.5,0.8,5,"202345,1610612751",101.0,0.211,0.447,103,4.1,46,1.8,0.447,25,18,16.1,-3.3,97.7,0.048,94.01,0.077,202345,Damion James,0.126,NJN,1610612751,15.6,0.477,0.16,7,0.28
97,33.0,0.046,7.6,0.48,5,"2429,1610612751",106.0,0.172,0.419,129,3.1,54,1.3,0.419,42,29,11.0,-7.7,98.2,0.159,94.84,0.031,2429,Dan Gadzuric,0.165,NJN,1610612751,15.8,0.419,0.161,13,0.31
98,25.0,0.185,19.8,2.51,5,"200789,1610612739",106.8,0.098,0.489,660,9.9,264,3.9,0.4,67,49,27.8,-5.4,101.3,0.015,95.54,0.088,200789,Daniel Gibson,0.055,CLE,1610612739,7.9,0.533,0.198,18,0.269
99,22.0,0.074,10.4,1.25,5,"201568,1610612743",106.1,0.133,0.495,640,10.3,265,4.3,0.414,62,28,33.9,2.1,108.2,0.033,98.33,0.098,201568,Danilo Gallinari,0.083,DEN,1610612743,8.3,0.597,0.19,34,0.548
100,28.0,0.128,10.8,0.99,5,"101122,1610612754",103.8,0.133,0.487,1260,15.9,535,6.8,0.425,79,43,35.0,-0.9,103.0,0.036,97.47,0.118,101122,Danny Granger,0.085,IND,1610612754,11.0,0.554,0.266,36,0.456
101,24.0,0.039,4.8,0.4,5,"201980,1610612759",96.8,0.156,0.586,35,4.4,17,2.1,0.486,8,3,11.4,12.8,109.7,0.037,92.03,0.103,201980,Danny Green,0.095,SAS,1610612759,11.9,0.586,0.203,5,0.625
102,24.0,0.044,7.2,0.84,5,"201967,1610612766",105.1,0.147,0.463,472,6.1,218,2.8,0.462,78,39,21.0,-3.3,101.8,0.071,90.54,0.064,201967,Dante Cunningham,0.107,CHA,1610612766,8.6,0.483,0.16,39,0.5
103,33.0,0.044,8.8,0.5,5,"2443,1610612755",115.0,0.157,0.467,15,1.5,7,0.7,0.467,10,6,7.1,-14.1,100.8,0.029,95.62,-0.011,2443,Darius Songaila,0.083,PHI,1610612755,17.6,0.477,0.128,4,0.4
104,26.0,0.099,11.8,0.69,5,"2545,1610612750",106.9,0.146,0.469,578,8.4,271,3.9,0.469,69,54,24.4,-6.7,100.2,0.085,99.07,0.063,2545,Darko Milicic,0.116,MIN,1610612750,17.1,0.482,0.199,15,0.217
105,25.0,0.048,6.5,0.61,5,"201616,1610612758",102.1,0.106,0.497,158,2.7,77,1.3,0.487,59,41,8.2,-5.8,96.4,0.103,101.08,0.064,201616,Darnell Jackson,0.105,SAC,1610612758,10.6,0.521,0.175,18,0.305
106,23.0,0.056,6.4,0.6,5,"201589,1610612763",99.0,0.167,0.497,624,7.8,310,3.9,0.497,80,35,20.1,2.0,101.1,0.082,95.01,0.099,201589,Darrell Arthur,0.124,MEM,1610612763,10.7,0.534,0.216,45,0.563
107,23.0,0.28,25.7,2.08,5,"201954,1610612754",105.8,0.085,0.481,870,11.0,398,5.0,0.457,79,43,29.9,-3.3,102.5,0.019,98.23,0.112,201954,Darren Collison,0.053,IND,1610612754,12.4,0.534,0.218,36,0.456
108,31.0,0.054,7.8,0.59,5,"2431,1610612740",105.9,0.213,0.496,121,3.0,56,1.4,0.463,40,23,9.3,-0.4,105.5,0.069,93.22,0.08,2431,David Andersen,0.142,NOH,1610612740,13.3,0.513,0.187,17,0.425
109,28.0,0.136,15.5,1.37,5,"101135,1610612744",109.2,0.218,0.508,978,13.4,496,6.8,0.507,73,38,36.1,-2.3,107.0,0.093,97.95,0.119,101135,David Lee,0.155,GSW,1610612744,11.3,0.549,0.212,35,0.479
110,30.0,0.126,11.0,1.15,5,"2561,1610612740",102.4,0.189,0.509,1040,14.9,528,7.5,0.508,70,30,35.0,3.3,105.7,0.077,90.55,0.138,2561,David West,0.132,NOH,1610612740,9.5,0.558,0.259,40,0.571
111,22.0,0.031,7.2,0.42,5,"201599,1610612746",107.2,0.206,0.686,341,4.3,234,2.9,0.686,80,49,25.6,-2.7,104.4,0.122,94.79,0.087,201599,DeAndre Jordan,0.165,LAC,1610612746,17.4,0.648,0.118,31,0.388
112,22.0,0.067,9.2,0.68,5,"201971,1610612759",103.8,0.232,0.501,583,7.2,292,3.6,0.501,81,21,21.4,5.1,109.0,0.144,95.14,0.104,201971,DeJuan Blair,0.188,SAS,1610612759,13.6,0.524,0.198,60,0.741
113,21.0,0.085,9.1,1.03,5,"201942,1610612761",110.9,0.104,0.469,1154,14.1,539,6.6,0.467,82,60,34.8,-7.7,103.2,0.03,95.26,0.087,201942,DeMar DeRozan,0.066,TOR,1610612761,8.9,0.53,0.232,22,0.268
114,20.0,0.149,12.3,0.76,5,"202326,1610612758",106.9,0.247,0.432,1004,12.4,432,5.3,0.43,81,58,28.5,-7.5,99.4,0.105,97.18,0.099,202326,DeMarcus Cousins,0.174,SAC,1610612758,16.2,0.484,0.272,23,0.284
115,24.0,0.103,23.7,0.0,5,"201960,1610612745",103.5,0.146,0.333,12,1.0,4,0.3,0.333,12,5,4.2,1.1,104.5,0.043,99.2,0.057,201960,DeMarre Carroll,0.091,HOU,1610612745,0.0,0.388,0.11,7,0.583
116,29.0,0.063,14.9,0.64,5,"2205,1610612766",101.9,0.172,0.333,24,1.5,8,0.5,0.333,16,10,11.3,-8.2,93.7,0.078,93.87,0.021,2205,DeSagana Diop,0.127,CHA,1610612766,23.5,0.347,0.101,6,0.375
117,30.0,0.101,16.4,1.75,5,"2052,1610612742",101.4,0.083,0.53,330,4.6,128,1.8,0.388,72,23,16.1,3.2,104.6,0.021,93.08,0.061,2052,DeShawn Stevenson,0.053,DAL,1610612742,9.4,0.549,0.162,49,0.681
118,27.0,0.268,29.0,2.13,5,"2753,1610612738",102.6,0.084,0.508,120,5.0,55,2.3,0.458,24,11,18.9,-9.2,93.4,0.018,88.23,0.105,2753,Delonte West,0.052,BOS,1610612738,13.6,0.533,0.174,13,0.542
119,36.0,0.134,25.8,3.2,5,"965,1610612747",101.2,0.067,0.449,529,6.5,206,2.5,0.389,82,25,28.0,9.3,110.5,0.007,93.93,0.052,965,Derek Fisher,0.038,LAL,1610612747,8.1,0.486,0.127,57,0.695
120,27.0,0.448,32.5,2.9,5,"101114,1610612751",109.2,0.107,0.493,975,15.0,428,6.6,0.439,65,32,37.9,-2.7,106.5,0.019,94.56,0.144,101114,Deron Williams,0.063,NJN,1610612751,11.2,0.566,0.257,33,0.508
121,23.0,0.093,14.6,0.94,5,"201974,1610612752",104.0,0.122,0.584,131,2.7,74,1.5,0.565,49,27,11.7,-4.3,99.7,0.087,93.02,0.079,201974,Derrick Brown,0.105,NYK,1610612752,15.5,0.588,0.153,22,0.449
122,23.0,0.054,6.9,0.37,5,"202382,1610612747",109.6,0.122,0.485,66,1.6,32,0.8,0.485,41,12,5.2,-8.4,101.2,0.109,98.43,0.034,202382,Derrick Caracter,0.116,LAL,1610612747,18.6,0.532,0.196,29,0.707
123,19.0,0.044,6.4,0.51,5,"202324,1610612762",105.5,0.183,0.517,416,5.3,215,2.8,0.517,78,53,19.7,-7.2,98.4,0.128,91.56,0.079,202324,Derrick Favors,0.155,UTA,1610612762,12.7,0.542,0.172,25,0.321
124,22.0,0.372,22.7,2.24,5,"201565,1610612741",99.2,0.093,0.485,1597,19.7,711,8.8,0.445,81,19,37.4,8.3,107.5,0.032,93.48,0.165,201565,Derrick Rose,0.064,CHI,1610612741,10.1,0.55,0.319,62,0.765
125,21.0,0.033,2.9,0.33,5,"202365,1610612747",105.8,0.102,0.431,51,2.6,21,1.1,0.412,20,5,5.9,-14.1,91.8,0.129,101.09,0.112,202365,Devin Ebanks,0.115,LAL,1610612747,8.7,0.507,0.237,15,0.75
126,28.0,0.373,29.6,2.43,5,"2734,1610612762",108.8,0.082,0.458,813,11.5,343,4.8,0.422,71,47,31.7,-5.0,103.8,0.009,92.79,0.121,2734,Devin Harris,0.045,UTA,1610612762,12.2,0.545,0.247,24,0.338
127,23.0,0.0,0.0,0.0,5,"202354,1610612748",103.8,0.182,0.333,3,1.5,1,0.5,0.333,2,0,5.6,39.1,142.9,0.143,90.16,-0.026,202354,Dexter Pittman,0.167,MIA,1610612748,40.0,0.333,0.208,2,1.0
128,33.0,0.136,11.2,1.39,5,"1717,1610612742",100.2,0.203,0.545,1179,16.2,610,8.4,0.517,73,18,34.3,11.0,111.1,0.025,93.74,0.169,1717,Dirk Nowitzki,0.12,DAL,1610612742,8.1,0.612,0.282,55,0.753
129,25.0,0.092,16.1,1.72,5,"201187,1610612766",103.6,0.213,0.396,182,3.5,72,1.4,0.396,52,34,14.6,-5.7,97.9,0.097,91.9,0.077,201187,Dominic McGuire,0.155,CHA,1610612766,9.4,0.437,0.136,18,0.346
130,22.0,0.241,23.3,1.9,5,"202346,1610612742",101.7,0.165,0.311,45,2.5,14,0.8,0.311,18,8,7.5,-8.7,93.1,0.052,90.47,0.095,202346,Dominique Jones,0.108,DAL,1610612742,12.3,0.4,0.222,10,0.556
131,23.0,0.066,9.2,0.8,5,"201590,1610612758",105.3,0.099,0.462,386,5.6,156,2.3,0.404,69,48,16.3,-3.7,101.7,0.047,98.04,0.056,201590,Donte Greene,0.073,SAC,1610612758,11.5,0.482,0.182,21,0.304
132,25.0,0.114,14.9,1.82,5,"2748,1610612744",108.1,0.126,0.508,1146,14.0,485,5.9,0.423,82,46,38.4,-2.1,106.0,0.031,98.12,0.093,2748,Dorell Wright,0.077,GSW,1610612744,8.2,0.539,0.192,36,0.439
133,29.0,0.108,9.4,1.02,5,"2400,1610612749",102.2,0.229,0.435,362,10.3,156,4.5,0.431,35,21,24.6,-3.7,98.5,0.097,91.12,0.116,2400,Drew Gooden,0.162,MIL,1610612749,9.2,0.487,0.248,14,0.4
134,25.0,0.067,5.8,0.38,5,"2730,1610612753",98.6,0.301,0.593,1044,13.4,619,7.9,0.593,78,27,37.6,8.6,107.2,0.128,93.64,0.184,2730,Dwight Howard,0.218,ORL,1610612753,15.2,0.616,0.272,51,0.654
135,29.0,0.223,15.4,1.46,5,"2548,1610612748",101.1,0.143,0.523,1384,18.2,692,9.1,0.5,76,22,37.1,10.6,111.7,0.055,94.0,0.164,2548,Dwyane Wade,0.102,MIA,1610612748,10.5,0.581,0.313,54,0.711
136,29.0,0.054,8.1,0.69,5,"2853,1610612757",109.4,0.189,0.323,99,4.7,32,1.5,0.323,21,11,14.5,-6.8,102.6,0.125,93.84,0.022,2853,Earl Barron,0.155,POR,1610612757,11.7,0.361,0.186,10,0.476
137,35.0,0.301,24.3,2.71,5,"1863,1610612749",97.6,0.055,0.482,352,6.2,156,2.7,0.443,57,34,15.1,2.7,100.2,0.021,92.08,0.136,1863,Earl Boykins,0.038,MIL,1610612749,8.9,0.526,0.24,23,0.404
138,23.0,0.035,4.2,0.32,5,"201947,1610612753",102.4,0.153,0.43,158,3.8,68,1.6,0.43,42,14,11.0,-4.6,97.8,0.092,95.07,0.063,201947,Earl Clark,0.123,ORL,1610612753,13.0,0.456,0.201,28,0.667
139,32.0,0.26,37.7,2.4,5,"2248,1610612762",105.5,0.104,0.469,307,3.8,126,1.6,0.41,80,43,19.6,-0.8,104.7,0.04,91.55,0.075,2248,Earl Watson,0.072,UTA,1610612762,15.7,0.5,0.136,37,0.463
140,22.0,0.039,7.7,0.83,5,"202334,1610612761",110.8,0.219,0.576,373,5.7,215,3.3,0.576,65,49,24.6,-9.8,101.0,0.121,94.76,0.098,202334,Ed Davis,0.169,TOR,1610612761,9.3,0.583,0.134,16,0.246
141,33.0,0.104,14.4,2.14,5,"2067,1610612748",101.0,0.096,0.505,321,5.7,128,2.3,0.399,56,17,17.5,5.3,106.3,0.011,92.55,0.085,2067,Eddie House,0.055,MIA,1610612748,6.8,0.535,0.177,39,0.696
142,34.0,0.089,18.2,1.54,5,"2059,1610612766",98.8,0.091,0.438,72,2.3,26,0.8,0.361,31,17,12.0,1.8,100.6,0.043,91.09,0.023,2059,Eduardo Najera,0.067,CHA,1610612766,11.8,0.449,0.114,14,0.452
143,24.0,0.051,11.8,0.83,5,"202327,1610612744",101.2,0.112,0.437,222,3.8,97,1.7,0.437,58,30,17.7,6.5,107.7,0.087,96.69,0.039,202327,Ekpe Udoh,0.1,GSW,1610612744,14.2,0.472,0.13,28,0.483
144,32.0,0.07,9.1,1.19,5,"1882,1610612755",103.1,0.181,0.512,981,12.1,502,6.2,0.512,81,40,34.7,1.4,104.5,0.097,93.2,0.116,1882,Elton Brand,0.139,PHI,1610612755,7.6,0.553,0.197,41,0.506
145,28.0,0.029,5.3,0.35,5,"2731,1610612740",101.5,0.243,0.573,524,7.3,300,4.2,0.573,72,29,31.8,3.9,105.4,0.121,90.55,0.102,2731,Emeka Okafor,0.182,NOH,1610612740,14.9,0.584,0.158,43,0.597
146,21.0,0.254,28.1,1.49,5,"202339,1610612746",105.7,0.098,0.457,486,6.0,206,2.5,0.424,81,49,22.7,-7.0,98.7,0.045,94.75,0.083,202339,Eric Bledsoe,0.072,LAC,1610612746,18.9,0.499,0.179,32,0.395
147,22.0,0.197,16.3,1.62,5,"201569,1610612746",107.1,0.064,0.506,949,16.9,427,7.6,0.45,56,31,37.7,-1.7,105.5,0.025,95.73,0.118,201569,Eric Gordon,0.045,LAC,1610612746,10.1,0.566,0.262,25,0.446
148,24.0,0.313,35.3,3.09,5,"201953,1610612760",100.6,0.092,0.458,333,4.1,134,1.6,0.402,82,27,14.6,8.4,109.0,0.027,93.22,0.092,201953,Eric Maynor,0.061,OKC,1610612760,11.4,0.485,0.169,55,0.671
149,35.0,0.039,13.6,0.69,5,"956,1610612748",99.5,0.164,0.584,89,1.7,52,1.0,0.584,51,15,16.0,6.8,106.2,0.083,93.33,0.063,956,Erick Dampier,0.127,MIA,1610612748,19.7,0.591,0.081,36,0.706
150,24.0,0.064,8.3,0.89,5,"101141,1610612749",100.6,0.211,0.471,507,8.5,221,3.7,0.436,60,35,25.1,1.1,101.7,0.078,92.72,0.104,101141,Ersan Ilyasova,0.141,MIL,1610612749,9.4,0.516,0.189,25,0.417
151,33.0,0.05,5.8,0.4,5,"2041,1610612737",117.5,0.262,0.476,21,1.6,10,0.8,0.476,13,7,6.3,-19.4,98.1,0.076,95.08,0.093,2041,Etan Thomas,0.16,ATL,1610612737,14.5,0.58,0.177,6,0.462
152,22.0,0.137,19.3,1.99,5,"202323,1610612755",102.4,0.17,0.439,529,6.8,225,2.9,0.425,78,38,23.0,-0.2,102.2,0.027,93.96,0.087,202323,Evan Turner,0.098,PHI,1610612755,9.7,0.484,0.17,40,0.513
153,36.0,0.0,0.0,0.0,5,"101177,1610612757",107.6,0.098,0.6,5,1.0,3,0.6,0.6,5,1,8.9,-19.0,88.6,0.073,101.75,-0.026,101177,Fabricio Oberto,0.085,POR,1610612757,33.8,0.595,0.086,4,0.8
154,35.0,0.09,17.2,1.03,5,"1922,1610612762",103.0,0.179,0.478,113,1.8,54,0.9,0.478,62,28,9.8,-4.5,98.5,0.071,92.33,0.066,1922,Francisco Elson,0.123,UTA,1610612762,16.7,0.529,0.122,34,0.548
155,29.0,0.079,11.4,1.58,5,"101128,1610612758",105.5,0.093,0.521,475,8.2,207,3.6,0.436,58,40,23.9,-5.6,99.9,0.019,98.18,0.081,101128,Francisco Garcia,0.054,SAC,1610612758,7.2,0.551,0.172,18,0.31
156,22.0,0.0,0.0,0.0,5,"202371,1610612756",144.9,0.0,0.0,0,0.0,0,0.0,0.0,1,0,1.9,-78.3,66.7,0.0,71.5,-0.4,202371,Gani Lawal,0.0,PHX,1610612756,0.0,0.0,0.0,1,1.0
157,24.0,0.041,5.6,0.3,5,"202081,1610612756",113.8,0.15,0.548,31,1.5,17,0.8,0.548,21,11,4.8,-6.1,107.7,0.167,101.4,0.044,202081,Garret Siler,0.159,PHX,1610612756,18.6,0.553,0.204,10,0.476
158,25.0,0.209,24.5,1.39,5,"202066,1610612766",108.7,0.122,0.368,68,2.8,20,0.8,0.294,24,12,9.6,-6.6,102.1,0.005,88.83,0.028,202066,Garrett Temple,0.061,CHA,1610612766,17.6,0.378,0.205,12,0.5
159,26.0,0.094,12.1,1.07,5,"201814,1610612743",110.1,0.127,0.489,273,4.3,124,2.0,0.454,63,24,12.5,-2.1,108.0,0.041,100.98,0.067,201814,Gary Forbes,0.084,DEN,1610612743,11.3,0.524,0.193,39,0.619
160,26.0,0.094,11.3,1.23,5,"202390,1610612759",106.1,0.121,0.553,632,7.9,285,3.6,0.451,80,21,21.1,3.8,110.0,0.015,93.91,0.085,202390,Gary Neal,0.068,SAS,1610612759,9.2,0.578,0.208,59,0.738
161,25.0,0.142,18.5,1.95,5,"201588,1610612759",102.9,0.093,0.514,633,8.3,287,3.8,0.453,76,20,28.3,7.3,110.2,0.014,93.9,0.096,201588,George Hill,0.055,SAS,1610612759,9.5,0.588,0.185,56,0.737
162,23.0,0.106,12.5,1.58,5,"201945,1610612766",104.0,0.115,0.461,570,8.4,259,3.8,0.454,68,39,24.4,-2.6,101.4,0.035,91.66,0.09,201945,Gerald Henderson,0.075,CHA,1610612766,7.9,0.509,0.201,29,0.426
163,28.0,0.108,12.9,1.14,5,"2222,1610612757",103.1,0.206,0.49,851,12.0,386,5.4,0.454,71,35,37.9,3.0,106.1,0.049,91.64,0.117,2222,Gerald Wallace,0.128,POR,1610612757,11.3,0.548,0.203,36,0.507
164,29.0,0.256,21.9,1.55,5,"2240,1610612753",103.2,0.108,0.433,734,10.5,269,3.8,0.366,70,35,25.7,-0.7,102.5,0.014,95.41,0.075,2240,Gilbert Arenas,0.061,ORL,1610612753,14.1,0.471,0.246,35,0.5
165,25.0,0.069,8.4,1.08,5,"201175,1610612738",98.6,0.167,0.449,801,10.3,359,4.6,0.448,78,24,29.5,3.6,102.2,0.057,91.19,0.092,201175,Glen Davis,0.115,BOS,1610612738,7.8,0.499,0.212,54,0.692
166,25.0,0.291,24.9,1.74,5,"201609,1610612745",107.3,0.1,0.499,441,6.3,192,2.7,0.435,70,33,17.6,-6.7,100.6,0.032,95.39,0.089,201609,Goran Dragic,0.065,HOU,1610612745,14.3,0.524,0.228,37,0.529
167,21.0,0.106,16.6,1.16,5,"202330,1610612762",110.8,0.102,0.544,293,4.1,142,2.0,0.485,72,39,16.9,-8.1,102.8,0.04,93.79,0.068,202330,Gordon Hayward,0.07,UTA,1610612762,14.4,0.578,0.153,33,0.458
168,38.0,0.126,15.7,1.49,5,"255,1610612756",107.1,0.122,0.511,825,10.3,399,5.0,0.484,80,41,30.1,1.5,108.6,0.037,97.58,0.092,255,Grant Hill,0.08,PHX,1610612756,10.5,0.563,0.201,39,0.488
169,21.0,0.075,12.5,1.3,5,"202328,1610612765",108.8,0.204,0.551,550,6.9,303,3.8,0.551,80,50,27.8,-4.1,104.8,0.131,90.84,0.108,202328,Greg Monroe,0.166,DET,1610612765,9.7,0.575,0.154,30,0.375
170,24.0,0.266,31.9,2.16,5,"202349,1610612763",103.9,0.094,0.461,233,3.3,95,1.4,0.408,70,29,12.3,-6.1,97.7,0.017,93.87,0.072,202349,Greivis Vasquez,0.053,MEM,1610612763,14.8,0.493,0.17,41,0.586
171,28.0,0.081,9.5,0.87,5,"101124,1610612756",109.0,0.176,0.512,446,5.6,228,2.9,0.511,80,41,17.7,-4.1,104.9,0.073,96.88,0.111,101124,Hakim Warrick,0.124,PHX,1610612756,10.9,0.581,0.209,39,0.488
172,24.0,0.0,0.0,0.0,5,"202380,1610612764",112.3,0.088,0.8,5,0.3,4,0.3,0.8,16,13,5.0,-22.9,89.4,0.029,93.63,-0.016,202380,Hamady Ndiaye,0.056,WAS,1610612764,22.6,0.681,0.076,3,0.188
173,26.0,0.042,5.9,0.45,5,"201632,1610612763",104.2,0.295,0.517,58,1.9,30,1.0,0.517,31,13,5.4,11.2,115.4,0.18,94.94,0.115,201632,Hamed Haddadi,0.241,MEM,1610612763,13.1,0.55,0.204,18,0.581
174,24.0,0.015,5.2,0.24,5,"201934,1610612745",113.1,0.178,0.425,40,0.9,17,0.4,0.425,47,24,7.9,-14.8,98.3,0.073,95.33,0.004,201934,Hasheem Thabeet,0.122,HOU,1610612745,22.3,0.478,0.087,23,0.489
175,22.0,0.0,0.0,0.0,5,"202355,1610612758",144.9,0.0,0.0,0,0.0,0,0.0,0.0,1,0,1.7,-144.9,0.0,0.0,67.53,-2.0,202355,Hassan Whiteside,0.0,SAC,1610612758,0.0,0.0,0.0,1,1.0
176,32.0,0.207,27.1,2.6,5,"2045,1610612753",102.7,0.14,0.534,722,8.9,322,4.0,0.446,81,33,31.4,6.4,109.1,0.021,93.88,0.094,2045,Hedo Turkoglu,0.082,ORL,1610612753,10.4,0.555,0.168,48,0.593
177,23.0,0.069,10.4,0.92,5,"201611,1610612752",99.4,0.155,0.566,236,3.9,104,1.7,0.441,61,29,12.9,6.2,105.6,0.023,98.44,0.079,201611,Henry Walker,0.087,NYK,1610612752,11.3,0.583,0.165,32,0.525
178,26.0,0.046,10.6,0.5,5,"200756,1610612737",103.7,0.215,0.5,76,1.4,37,0.7,0.487,53,38,9.2,-10.0,93.7,0.098,95.92,0.055,200756,Hilton Armstrong,0.155,ATL,1610612737,21.1,0.508,0.11,15,0.283
179,24.0,0.025,4.8,0.32,5,"101133,1610612742",102.1,0.179,0.561,98,1.8,55,1.0,0.561,56,17,8.7,8.8,110.8,0.114,92.83,0.069,101133,Ian Mahinmi,0.149,DAL,1610612742,15.0,0.645,0.153,39,0.696
180,27.0,0.008,1.0,0.09,5,"101113,1610612746",107.8,0.188,0.561,148,4.1,83,2.3,0.561,36,20,13.0,-10.6,97.2,0.096,94.39,0.091,101113,Ike Diogu,0.141,LAC,1610612746,11.0,0.59,0.183,16,0.444
181,33.0,0.153,30.6,2.6,5,"2137,1610612759",104.2,0.12,0.238,21,1.1,5,0.3,0.238,20,4,6.5,0.6,104.7,0.041,91.76,0.03,2137,Ime Udoka,0.08,SAS,1610612759,11.8,0.285,0.109,16,0.8
182,22.0,0.268,33.3,2.32,5,"202397,1610612763",106.8,0.101,0.387,115,2.7,43,1.0,0.374,43,22,10.3,-4.4,102.4,0.018,97.21,0.06,202397,Ish Smith,0.06,MEM,1610612763,14.3,0.406,0.159,21,0.488
183,25.0,0.141,15.1,1.75,5,"2747,1610612743",105.7,0.162,0.514,784,9.9,341,4.3,0.435,79,30,24.9,5.8,111.4,0.028,98.18,0.108,2747,J.R. Smith,0.096,DEN,1610612743,8.6,0.55,0.22,49,0.62
184,22.0,0.075,6.7,0.53,5,"201581,1610612739",110.1,0.244,0.458,936,11.7,429,5.4,0.458,80,61,28.2,-11.9,98.3,0.107,95.73,0.106,201581,JJ Hickson,0.174,CLE,1610612739,12.7,0.503,0.253,19,0.238
185,27.0,0.11,15.5,1.92,5,"200755,1610612753",100.8,0.08,0.538,447,7.6,197,3.3,0.441,59,22,25.6,4.0,104.8,0.005,95.89,0.092,200755,JJ Redick,0.043,ORL,1610612753,8.1,0.589,0.167,37,0.627
186,23.0,0.027,4.5,0.37,5,"201580,1610612764",106.5,0.214,0.55,604,7.6,332,4.2,0.55,79,56,27.8,-4.4,102.1,0.116,96.05,0.104,201580,JaVale McGee,0.165,WAS,1610612764,12.1,0.566,0.165,23,0.291
187,33.0,0.031,7.9,0.6,5,"2048,1610612748",94.4,0.352,0.591,22,1.2,13,0.7,0.591,18,4,8.8,7.2,101.6,0.131,91.56,0.1,2048,Jamaal Magloire,0.239,MIA,1610612748,13.2,0.585,0.105,14,0.778
188,31.0,0.178,17.5,1.66,5,"2037,1610612737",106.5,0.057,0.489,874,11.5,368,4.8,0.421,76,36,30.2,-1.3,105.2,0.012,92.68,0.092,2037,Jamal Crawford,0.034,ATL,1610612737,10.6,0.545,0.231,40,0.526
189,31.0,0.074,15.8,2.36,5,"200081,1610612746",105.4,0.154,0.484,248,4.2,101,1.7,0.407,59,39,17.7,-6.5,98.9,0.025,96.77,0.074,200081,Jamario Moon,0.089,LAC,1610612746,6.7,0.499,0.12,20,0.339
190,29.0,0.324,29.2,2.35,5,"2749,1610612753",100.8,0.092,0.517,838,11.0,374,4.9,0.446,76,27,30.5,7.5,108.3,0.019,93.26,0.111,2749,Jameer Nelson,0.057,ORL,1610612753,12.4,0.548,0.221,49,0.645
191,22.0,0.103,15.0,1.38,5,"202341,1610612759",107.3,0.091,0.494,81,3.1,31,1.2,0.383,26,9,11.0,-7.0,100.3,0.009,94.54,0.051,202341,James Anderson,0.049,SAS,1610612759,10.8,0.529,0.165,17,0.654
192,21.0,0.136,15.8,1.66,5,"201935,1610612760",103.5,0.11,0.518,684,8.3,298,3.6,0.436,82,27,26.7,5.7,109.2,0.024,94.56,0.108,201935,James Harden,0.069,OKC,1610612760,9.5,0.598,0.197,55,0.671
193,24.0,0.161,21.1,1.39,5,"201949,1610612761",107.1,0.153,0.473,237,6.2,108,2.8,0.456,38,23,21.6,-3.1,104.0,0.056,95.66,0.079,201949,James Johnson,0.105,TOR,1610612761,15.2,0.505,0.183,15,0.395
194,30.0,0.043,9.7,2.05,5,"2592,1610612748",100.0,0.102,0.6,346,4.3,146,1.8,0.422,81,24,19.1,8.6,108.6,0.019,93.26,0.07,2592,James Jones,0.062,MIA,1610612748,4.8,0.629,0.122,57,0.704
195,34.0,0.068,11.1,1.42,5,"1899,1610612754",99.3,0.193,0.475,241,4.9,81,1.7,0.336,49,30,17.1,-3.7,95.7,0.013,95.91,0.063,1899,James Posey,0.098,IND,1610612754,7.9,0.485,0.146,19,0.388
196,25.0,0.078,11.9,1.4,5,"201162,1610612756",106.3,0.111,0.56,629,7.7,300,3.7,0.477,82,42,26.1,-0.2,106.1,0.06,95.79,0.097,201162,Jared Dudley,0.086,PHX,1610612756,8.5,0.598,0.17,40,0.488
197,29.0,0.079,23.1,1.71,5,"2407,1610612752",105.3,0.11,0.36,86,2.0,30,0.7,0.349,42,22,14.3,11.0,116.3,0.121,95.36,0.03,2407,Jared Jeffries,0.115,NYK,1610612752,13.5,0.375,0.09,20,0.476
198,27.0,0.251,22.3,2.2,5,"101127,1610612740",105.7,0.108,0.434,637,7.7,260,3.1,0.408,83,44,20.8,-5.6,100.1,0.014,91.55,0.109,101127,Jarrett Jack,0.061,NOH,1610612740,10.2,0.503,0.229,39,0.47
199,32.0,0.018,5.8,0.29,5,"2260,1610612757",95.9,0.068,0.286,21,0.8,6,0.2,0.286,28,17,6.5,-0.7,95.2,0.084,94.94,-0.022,2260,Jarron Collins,0.077,POR,1610612757,20.3,0.374,0.08,11,0.393
200,32.0,0.051,16.1,0.85,5,"2215,1610612737",94.5,0.14,0.486,71,1.4,34,0.7,0.479,49,22,12.1,8.0,102.4,0.064,90.37,0.024,2215,Jason Collins,0.104,ATL,1610612737,19.0,0.539,0.095,27,0.551
201,30.0,0.043,11.5,2.0,5,"2574,1610612755",100.0,0.078,0.268,28,1.2,7,0.3,0.25,24,15,4.6,7.6,107.6,0.026,98.33,0.011,2574,Jason Kapono,0.051,PHI,1610612755,5.7,0.277,0.114,9,0.375
202,38.0,0.357,44.7,3.66,5,"467,1610612742",103.4,0.133,0.472,596,7.5,215,2.7,0.361,80,24,33.2,3.7,107.1,0.016,93.9,0.113,467,Jason Kidd,0.077,DAL,1610612742,12.2,0.5,0.142,56,0.7
203,28.0,0.028,5.8,0.39,5,"101131,1610612765",109.9,0.144,0.492,189,3.3,93,1.6,0.492,57,40,16.3,-6.5,103.4,0.087,92.28,0.047,101131,Jason Maxiell,0.115,DET,1610612765,15.0,0.51,0.141,17,0.298
204,30.0,0.087,10.7,1.55,5,"2202,1610612753",104.0,0.11,0.536,1056,13.2,472,5.9,0.447,80,33,33.9,5.3,109.3,0.029,95.35,0.096,2202,Jason Richardson,0.07,ORL,1610612753,6.9,0.555,0.204,47,0.588
205,25.0,0.055,8.4,0.68,5,"201160,1610612740",100.0,0.164,0.443,307,4.0,136,1.8,0.443,77,33,14.3,0.9,100.9,0.097,91.73,0.067,201160,Jason Smith,0.131,NOH,1610612740,12.4,0.49,0.167,44,0.571
206,33.0,0.223,19.8,2.0,5,"1891,1610612742",103.4,0.057,0.509,1091,13.3,492,6.0,0.451,82,25,31.3,6.4,109.8,0.011,93.11,0.105,1891,Jason Terry,0.035,DAL,1610612742,9.9,0.545,0.245,57,0.695
207,24.0,0.078,10.9,0.89,5,"201574,1610612758",105.8,0.205,0.507,534,7.1,271,3.6,0.507,75,51,23.3,-3.9,101.9,0.094,97.46,0.089,201574,Jason Thompson,0.149,SAC,1610612758,12.2,0.533,0.179,24,0.32
208,35.0,0.244,38.0,2.89,5,"1715,1610612763",96.3,0.108,0.403,67,2.5,22,0.8,0.328,27,8,10.9,9.9,106.2,0.012,95.32,0.081,1715,Jason Williams,0.059,MEM,1610612763,13.1,0.403,0.13,19,0.704
209,28.0,0.093,13.0,1.38,5,"101214,1610612739",110.4,0.139,0.377,126,4.8,41,1.6,0.325,26,20,15.0,-12.5,97.9,0.02,96.0,0.033,101214,Jawad Williams,0.074,CLE,1610612739,9.5,0.396,0.17,6,0.231
210,25.0,0.075,12.3,1.11,5,"202399,1610612744",109.7,0.206,0.426,54,2.3,23,1.0,0.426,23,16,8.5,-1.3,108.4,0.133,93.93,0.064,202399,Jeff Adrien,0.169,GSW,1610612744,11.1,0.457,0.163,7,0.304
211,34.0,0.073,17.7,1.77,5,"1902,1610612754",100.6,0.226,0.479,167,3.0,80,1.4,0.479,56,31,16.8,3.3,103.9,0.177,95.74,0.098,1902,Jeff Foster,0.201,IND,1610612754,10.0,0.497,0.099,25,0.446
212,24.0,0.075,9.5,1.09,5,"201145,1610612738",104.7,0.138,0.488,820,10.9,368,4.9,0.449,75,30,32.4,1.3,105.9,0.037,94.32,0.084,201145,Jeff Green,0.089,BOS,1610612738,8.7,0.538,0.195,45,0.6
213,23.0,0.236,25.2,2.16,5,"201952,1610612737",104.1,0.113,0.467,304,4.3,133,1.9,0.438,70,34,13.8,-2.7,101.4,0.014,94.38,0.099,201952,Jeff Teague,0.064,ATL,1610612737,11.7,0.521,0.199,36,0.514
214,23.0,0.09,13.8,1.26,5,"202379,1610612762",105.9,0.163,0.661,115,2.3,76,1.6,0.661,49,27,9.4,-2.8,103.1,0.1,93.55,0.128,202379,Jeremy Evans,0.132,UTA,1610612762,10.9,0.678,0.148,22,0.449
215,22.0,0.207,29.4,2.33,5,"202391,1610612744",103.1,0.097,0.396,72,2.5,28,1.0,0.389,29,19,9.8,2.5,105.5,0.043,95.18,0.088,202391,Jeremy Lin,0.068,GSW,1610612744,12.6,0.458,0.155,10,0.345
216,32.0,0.046,7.2,0.44,5,"979,1610612738",96.1,0.161,0.459,109,4.5,50,2.1,0.459,24,11,18.0,3.9,100.0,0.076,90.86,0.052,979,Jermaine O'Neal,0.122,BOS,1610612738,16.2,0.504,0.176,13,0.542
217,24.0,0.105,11.2,0.7,5,"201966,1610612758",112.6,0.088,0.515,196,5.8,94,2.8,0.48,34,26,14.2,-10.1,102.5,0.061,99.74,0.069,201966,Jermaine Taylor,0.074,SAC,1610612758,16.1,0.535,0.226,8,0.235
218,36.0,0.1,14.9,1.5,5,"711,1610612748",100.1,0.15,0.292,12,1.7,3,0.4,0.25,7,2,7.1,-4.4,95.7,0.02,92.64,0.042,711,Jerry Stackhouse,0.079,MIA,1610612748,10.0,0.398,0.161,5,0.714
219,22.0,0.294,26.6,2.09,5,"201573,1610612761",110.1,0.11,0.469,517,7.3,218,3.1,0.422,71,46,21.1,-8.9,101.2,0.02,93.62,0.1,201573,Jerryd Bayless,0.064,TOR,1610612761,12.7,0.536,0.224,25,0.352
220,26.0,0.105,15.7,1.19,5,"201149,1610612741",99.6,0.227,0.525,402,8.4,211,4.4,0.525,48,12,32.8,5.8,105.4,0.137,94.15,0.128,201149,Joakim Noah,0.183,CHI,1610612741,13.2,0.579,0.165,36,0.75
221,23.0,0.056,10.0,1.3,5,"201975,1610612755",103.7,0.085,0.546,570,7.7,242,3.3,0.425,74,34,27.9,2.0,105.7,0.012,94.31,0.077,201975,Jodie Meeks,0.048,PHI,1610612755,7.7,0.6,0.157,40,0.541
222,30.0,0.23,19.3,2.32,5,"2207,1610612737",104.7,0.108,0.481,1161,16.1,514,7.1,0.443,72,34,35.5,0.6,105.4,0.028,90.86,0.112,2207,Joe Johnson,0.069,ATL,1610612737,8.3,0.517,0.264,38,0.528
223,35.0,0.093,15.5,0.8,5,"693,1610612747",92.8,0.257,0.188,16,1.0,3,0.2,0.188,16,2,4.3,-2.7,90.1,0.051,99.49,0.013,693,Joe Smith,0.163,LAL,1610612747,19.3,0.237,0.139,14,0.875
224,28.0,0.024,12.6,0.67,5,"201202,1610612748",99.4,0.119,0.535,99,1.3,53,0.7,0.535,75,20,19.5,7.8,107.2,0.091,91.97,0.033,201202,Joel Anthony,0.106,MIA,1610612748,18.8,0.583,0.055,55,0.733
225,31.0,0.038,13.3,0.45,5,"2038,1610612766",107.5,0.246,0.568,44,1.2,25,0.7,0.568,36,18,14.4,-8.1,99.4,0.087,89.27,0.049,2038,Joel Przybilla,0.168,CHA,1610612766,29.6,0.573,0.078,18,0.5
226,27.0,0.078,13.9,0.69,5,"201595,1610612761",102.3,0.266,0.525,99,2.3,52,1.2,0.525,43,32,12.1,-2.0,100.3,0.165,92.36,0.091,201595,Joey Dorsey,0.212,TOR,1610612761,20.1,0.529,0.141,11,0.256
227,29.0,0.054,7.5,0.64,5,"101121,1610612739",105.5,0.153,0.483,179,4.6,82,2.1,0.458,39,30,15.0,-9.4,96.2,0.017,94.42,0.057,101121,Joey Graham,0.087,CLE,1610612739,11.6,0.518,0.175,9,0.231
228,25.0,0.088,11.2,0.96,5,"101130,1610612751",102.6,0.208,0.445,290,3.8,129,1.7,0.445,77,55,11.6,-6.4,96.2,0.083,91.52,0.058,101130,Johan Petro,0.145,NJN,1610612751,11.7,0.452,0.187,22,0.286
229,28.0,0.167,20.5,0.0,5,"101249,1610612741",101.4,0.0,0.333,3,1.5,1,0.5,0.333,2,1,5.1,-19.1,82.4,0.0,95.84,-0.053,101249,John Lucas III,0.0,CHI,1610612741,0.0,0.258,0.179,1,0.5
230,31.0,0.179,18.1,1.84,5,"2422,1610612749",99.1,0.112,0.462,898,12.3,373,5.1,0.415,73,43,35.0,-1.5,97.6,0.012,92.18,0.097,2422,John Salmons,0.06,MIL,1610612749,9.8,0.51,0.209,30,0.411
231,20.0,0.357,29.0,2.2,5,"202322,1610612764",107.9,0.127,0.427,972,14.1,398,5.8,0.409,69,50,37.8,-9.0,98.9,0.014,97.36,0.117,202322,John Wall,0.068,WAS,1610612764,13.2,0.494,0.236,19,0.275
232,24.0,0.041,11.1,0.75,5,"201972,1610612749",100.3,0.203,0.511,94,1.5,48,0.8,0.511,63,35,10.8,2.1,102.4,0.126,92.43,0.056,201972,Jon Brockman,0.163,MIL,1610612749,14.8,0.567,0.097,28,0.444
233,22.0,0.284,29.9,1.61,5,"201938,1610612750",109.8,0.08,0.417,296,5.6,108,2.0,0.365,53,43,18.5,-9.4,100.4,0.014,98.21,0.057,201938,Jonny Flynn,0.046,MIN,1610612750,18.5,0.444,0.19,10,0.189
234,22.0,0.197,15.9,1.41,5,"202348,1610612764",109.6,0.085,0.417,500,11.9,192,4.6,0.384,42,25,24.4,-10.3,99.3,0.032,96.61,0.078,202348,Jordan Crawford,0.057,WAS,1610612764,11.3,0.456,0.264,17,0.405
235,24.0,0.341,30.6,2.65,5,"200770,1610612751",106.9,0.101,0.475,651,8.9,255,3.5,0.392,73,50,24.6,-7.0,99.9,0.015,93.28,0.108,200770,Jordan Farmar,0.057,NJN,1610612751,11.6,0.504,0.212,23,0.315
236,23.0,0.043,6.0,0.47,5,"201941,1610612745",109.8,0.183,0.491,352,4.9,173,2.4,0.491,72,34,15.6,-6.6,103.1,0.127,95.51,0.074,201941,Jordan Hill,0.154,HOU,1610612745,12.9,0.521,0.179,38,0.528
237,29.0,0.412,43.4,4.09,5,"101181,1610612761",109.7,0.1,0.487,596,8.8,262,3.9,0.44,68,50,30.9,-5.3,104.4,0.016,96.49,0.118,101181,Jose Calderon,0.057,TOR,1610612761,10.6,0.522,0.167,18,0.265
238,27.0,0.314,27.1,2.33,5,"200826,1610612742",101.7,0.089,0.49,649,8.0,285,3.5,0.439,81,25,20.6,5.9,107.7,0.021,92.32,0.111,200826,Jose Juan Barea,0.056,DAL,1610612742,11.6,0.535,0.242,56,0.691
239,28.0,0.072,12.9,0.95,5,"2735,1610612756",110.9,0.117,0.568,214,4.0,121,2.2,0.565,54,31,16.6,-5.5,105.4,0.09,95.51,0.081,2735,Josh Childress,0.103,PHX,1610612756,13.5,0.567,0.143,23,0.426
240,31.0,0.095,10.6,1.2,5,"2572,1610612764",106.7,0.159,0.38,162,9.0,58,3.2,0.358,18,15,22.7,-11.0,95.7,0.045,99.0,0.059,2572,Josh Howard,0.098,WAS,1610612764,8.8,0.416,0.213,3,0.167
241,24.0,0.143,22.0,1.61,5,"201177,1610612754",102.5,0.181,0.576,386,5.4,211,2.9,0.547,72,38,22.2,2.5,105.0,0.081,98.22,0.111,201177,Josh McRoberts,0.134,IND,1610612754,13.6,0.608,0.148,34,0.472
242,28.0,0.059,7.3,0.42,5,"2694,1610612737",108.1,0.163,0.452,208,3.9,94,1.7,0.452,54,25,12.1,-10.6,97.5,0.094,93.42,0.053,2694,Josh Powell,0.129,ATL,1610612737,17.5,0.492,0.2,29,0.537
243,25.0,0.168,15.6,1.29,5,"2746,1610612737",102.3,0.233,0.502,1041,13.5,497,6.5,0.477,77,34,34.3,1.8,104.1,0.061,91.63,0.135,2746,Josh Smith,0.148,ATL,1610612737,12.1,0.54,0.249,43,0.558
244,21.0,0.282,28.9,2.44,5,"201950,1610612755",103.4,0.105,0.487,999,12.2,446,5.4,0.446,82,41,35.4,2.8,106.2,0.027,93.99,0.105,201950,Jrue Holiday,0.066,PHI,1610612755,11.8,0.525,0.208,41,0.5
245,24.0,0.11,20.7,1.35,5,"201153,1610612761",103.9,0.107,0.519,160,3.1,82,1.6,0.513,52,43,14.7,-1.0,102.9,0.074,94.45,0.079,201153,Julian Wright,0.091,TOR,1610612761,15.4,0.525,0.131,9,0.173
246,38.0,0.062,12.2,0.92,5,"436,1610612748",103.0,0.169,0.44,125,2.2,55,1.0,0.44,57,14,10.4,2.6,105.6,0.081,91.56,0.065,436,Juwan Howard,0.128,MIA,1610612748,13.3,0.495,0.133,43,0.754
247,31.0,0.098,21.8,2.46,5,"2586,1610612741",100.1,0.105,0.55,307,3.7,124,1.5,0.404,82,20,17.8,5.7,105.8,0.016,92.68,0.058,2586,Keith Bogans,0.061,CHI,1610612741,8.9,0.559,0.115,62,0.756
248,26.0,0.052,10.7,0.46,5,"2570,1610612760",97.4,0.253,0.515,130,4.5,67,2.3,0.515,29,8,25.6,6.9,104.3,0.101,95.09,0.074,2570,Kendrick Perkins,0.18,OKC,1610612760,23.0,0.538,0.134,21,0.724
249,33.0,0.13,19.4,1.85,5,"2030,1610612743",102.6,0.203,0.514,362,7.5,185,3.9,0.511,48,17,25.7,7.9,110.5,0.065,96.77,0.095,2030,Kenyon Martin,0.138,DEN,1610612743,10.5,0.526,0.166,31,0.646
250,22.0,0.127,9.4,0.98,5,"201142,1610612760",105.0,0.174,0.509,1538,19.7,711,9.1,0.462,78,26,38.9,4.7,109.7,0.023,96.3,0.159,201142,Kevin Durant,0.101,OKC,1610612760,9.6,0.589,0.302,52,0.667
251,35.0,0.127,14.2,1.49,5,"708,1610612738",95.3,0.277,0.529,822,11.6,434,6.1,0.528,71,22,31.3,13.1,108.5,0.049,93.21,0.168,708,Kevin Garnett,0.172,BOS,1610612738,9.6,0.575,0.221,49,0.69
252,22.0,0.116,11.6,1.19,5,"201567,1610612750",108.6,0.336,0.513,1026,14.1,482,6.6,0.47,73,56,35.8,-6.0,102.6,0.136,99.08,0.184,201567,Kevin Love,0.233,MIN,1610612750,9.8,0.593,0.227,17,0.233
253,28.0,0.128,10.2,1.08,5,"2755,1610612745",107.2,0.1,0.506,1267,15.8,553,6.9,0.436,80,38,32.5,2.8,110.0,0.012,97.97,0.13,2755,Kevin Martin,0.056,HOU,1610612745,9.5,0.601,0.295,42,0.525
254,21.0,0.025,4.7,0.24,5,"202338,1610612764",110.3,0.138,0.449,147,2.5,66,1.1,0.449,58,43,10.9,-14.9,95.4,0.127,97.08,0.024,202338,Kevin Seraphin,0.132,WAS,1610612764,19.8,0.479,0.135,15,0.259
255,31.0,0.226,27.2,2.67,5,"2039,1610612749",98.0,0.071,0.475,519,6.5,206,2.6,0.397,80,45,22.0,3.4,101.4,0.008,91.49,0.086,2039,Keyon Dooling,0.039,MIL,1610612749,10.2,0.509,0.176,35,0.438
256,30.0,0.221,26.5,2.38,5,"2550,1610612737",107.3,0.09,0.506,623,8.7,278,3.9,0.446,72,48,30.0,-9.5,97.9,0.011,93.4,0.086,2550,Kirk Hinrich,0.05,ATL,1610612737,11.1,0.543,0.171,24,0.333
257,32.0,0.258,15.4,1.6,5,"977,1610612747",102.8,0.135,0.487,1639,20.0,740,9.0,0.451,82,25,33.9,7.7,110.5,0.035,93.42,0.156,977,Kobe Bryant,0.086,LAL,1610612747,9.6,0.548,0.35,57,0.695
258,22.0,0.025,3.4,0.23,5,"201585,1610612743",109.1,0.185,0.453,150,3.0,68,1.4,0.453,50,33,8.7,-6.1,103.0,0.134,101.47,0.062,201585,Kosta Koufos,0.159,DEN,1610612743,15.0,0.474,0.189,17,0.34
259,26.0,0.069,9.8,0.82,5,"2743,1610612751",106.7,0.322,0.527,583,7.9,307,4.1,0.527,74,51,27.8,-5.3,101.3,0.125,92.61,0.138,2743,Kris Humphries,0.22,NJN,1610612751,12.1,0.555,0.173,23,0.311
260,38.0,0.074,19.9,1.43,5,"703,1610612741",97.3,0.227,0.513,186,3.6,95,1.8,0.511,52,13,22.7,6.8,104.1,0.077,92.55,0.073,703,Kurt Thomas,0.153,CHI,1610612741,13.9,0.527,0.096,39,0.75
261,29.0,0.041,7.3,0.62,5,"2198,1610612766",106.4,0.228,0.517,375,5.7,194,2.9,0.517,66,39,26.0,-7.3,99.0,0.102,91.22,0.082,2198,Kwame Brown,0.162,CHA,1610612766,11.7,0.55,0.151,27,0.409
262,30.0,0.121,15.9,2.07,5,"2594,1610612741",98.2,0.096,0.542,557,6.8,242,3.0,0.434,82,20,20.1,8.6,106.9,0.009,92.59,0.089,2594,Kyle Korver,0.053,CHI,1610612741,7.7,0.572,0.182,62,0.756
263,25.0,0.289,31.7,3.16,5,"200768,1610612745",104.6,0.099,0.506,809,10.8,345,4.6,0.426,75,35,34.2,5.0,109.6,0.04,97.27,0.107,200768,Kyle Lowry,0.07,HOU,1610612745,10.0,0.55,0.186,40,0.533
264,25.0,0.212,16.5,1.0,5,"201602,1610612762",82.2,0.14,0.42,25,5.0,9,1.8,0.36,5,4,13.9,2.8,85.0,0.029,94.43,0.116,201602,Kyle Weaver,0.08,UTA,1610612762,16.5,0.491,0.232,1,0.2
265,24.0,0.063,11.0,0.72,5,"201178,1610612762",98.8,0.199,0.44,100,1.9,44,0.8,0.44,53,24,8.6,1.6,100.4,0.091,92.62,0.024,201178,Kyrylo Fesenko,0.145,UTA,1610612762,15.3,0.441,0.145,29,0.547
266,25.0,0.099,8.8,1.11,5,"200746,1610612757",103.2,0.171,0.501,1415,17.5,707,8.7,0.5,81,33,39.6,4.1,107.3,0.103,89.95,0.141,200746,LaMarcus Aldridge,0.136,POR,1610612757,7.9,0.549,0.258,48,0.593
267,31.0,0.154,17.9,1.79,5,"1885,1610612747",101.4,0.223,0.568,893,10.9,473,5.8,0.53,82,25,32.2,7.6,109.1,0.079,93.15,0.143,1885,Lamar Odom,0.153,LAL,1610612747,10.0,0.589,0.198,57,0.695
268,20.0,0.309,25.6,1.31,5,"202362,1610612754",97.0,0.148,0.333,39,3.3,13,1.1,0.333,12,9,9.6,0.0,97.1,0.009,99.84,0.057,202362,Lance Stephenson,0.079,IND,1610612754,19.5,0.41,0.223,3,0.25
269,23.0,0.087,16.7,1.45,5,"202361,1610612752",107.8,0.186,0.568,602,7.3,299,3.6,0.497,82,40,31.0,2.1,109.8,0.047,98.2,0.098,202361,Landry Fields,0.117,NYK,1610612752,11.5,0.598,0.135,42,0.512
270,28.0,0.089,16.3,1.6,5,"202082,1610612764",91.9,0.118,0.563,32,2.7,15,1.3,0.469,12,5,11.9,7.0,98.9,0.008,96.79,0.073,202082,Larry Owens,0.061,WAS,1610612764,10.2,0.556,0.127,7,0.583
271,22.0,0.033,4.7,0.42,5,"202336,1610612749",100.9,0.164,0.433,268,4.5,116,1.9,0.433,60,32,14.5,-7.6,93.3,0.075,92.84,0.06,202336,Larry Sanders,0.118,MIL,1610612749,11.0,0.448,0.176,28,0.467
272,24.0,0.107,12.8,1.47,5,"202351,1610612750",113.9,0.14,0.412,154,3.7,55,1.3,0.357,42,32,10.0,-16.4,97.5,0.056,101.27,0.061,202351,Lazar Hayward,0.094,MIN,1610612750,8.7,0.464,0.187,10,0.238
273,26.0,0.343,21.2,1.95,5,"2544,1610612748",99.9,0.184,0.541,1485,18.8,758,9.6,0.51,79,22,38.8,10.5,110.4,0.033,93.7,0.201,2544,LeBron James,0.114,MIA,1610612748,10.9,0.594,0.312,57,0.722
274,28.0,0.147,13.0,1.42,5,"2571,1610612761",110.0,0.073,0.505,653,11.3,294,5.1,0.45,58,41,24.0,-5.5,104.5,0.012,96.16,0.093,2571,Leandro Barbosa,0.042,TOR,1610612761,9.2,0.539,0.254,17,0.293
275,27.0,0.038,4.1,0.58,5,"200796,1610612763",109.5,0.164,0.496,119,4.0,59,2.0,0.496,30,20,10.9,-10.3,99.2,0.082,92.92,0.072,200796,Leon Powe,0.118,MEM,1610612763,7.1,0.524,0.234,10,0.333
276,26.0,0.447,34.2,2.43,5,"201991,1610612764",91.9,0.073,0.333,24,2.2,6,0.5,0.25,11,8,6.7,-8.7,83.2,0.014,93.78,0.043,201991,Lester Hudson,0.039,WAS,1610612764,14.1,0.349,0.204,3,0.273
277,26.0,0.06,7.4,0.62,5,"101132,1610612761",109.0,0.163,0.486,406,10.4,178,4.6,0.438,39,27,26.5,-4.9,104.1,0.042,95.72,0.066,101132,Linas Kleiza,0.102,TOR,1610612761,12.0,0.502,0.214,12,0.308
278,28.0,0.039,6.5,0.71,5,"200811,1610612744",106.6,0.162,0.454,183,4.0,83,1.8,0.454,46,26,15.0,-5.5,101.1,0.121,96.59,0.055,200811,Lou Amundson,0.141,GSW,1610612744,9.2,0.452,0.155,20,0.435
279,24.0,0.248,19.3,2.47,5,"101150,1610612755",101.9,0.077,0.462,795,10.6,323,4.3,0.406,75,36,23.3,2.1,104.0,0.021,94.36,0.122,101150,Lou Williams,0.049,PHI,1610612755,7.8,0.54,0.277,39,0.52
280,24.0,0.054,10.4,0.88,5,"201601,1610612749",98.8,0.145,0.463,428,5.4,198,2.5,0.463,79,45,26.5,-0.6,98.2,0.09,91.31,0.076,201601,Luc Mbah a Moute,0.117,MIL,1610612749,11.7,0.518,0.132,34,0.43
281,31.0,0.131,11.6,1.26,5,"2449,1610612745",106.5,0.217,0.504,1129,15.3,569,7.7,0.504,74,36,32.6,3.0,109.5,0.07,98.07,0.125,2449,Luis Scola,0.143,HOU,1610612745,9.3,0.538,0.255,38,0.514
282,22.0,0.077,8.2,0.75,5,"202337,1610612757",102.3,0.19,0.3,55,2.3,15,0.6,0.273,24,13,5.7,-11.6,90.7,0.041,96.17,0.008,202337,Luke Babbitt,0.11,POR,1610612757,11.0,0.305,0.211,11,0.458
283,23.0,0.078,11.4,1.88,5,"202376,1610612739",103.4,0.19,0.422,206,4.2,79,1.6,0.383,49,20,13.1,-3.9,99.6,0.072,95.1,0.069,202376,Luke Harangody,0.13,CLE,1610612739,6.1,0.444,0.169,29,0.592
284,30.0,0.274,29.9,2.43,5,"2557,1610612750",108.0,0.083,0.528,681,9.6,319,4.5,0.468,71,58,30.4,-5.9,102.2,0.019,99.37,0.104,2557,Luke Ridnour,0.05,MIN,1610612750,12.3,0.567,0.177,13,0.183
285,31.0,0.183,29.1,2.0,5,"2575,1610612747",98.0,0.119,0.362,116,2.1,38,0.7,0.328,54,15,9.0,3.6,101.6,0.023,92.3,0.049,2575,Luke Walton,0.076,LAL,1610612747,14.5,0.378,0.146,39,0.722
286,26.0,0.119,13.6,1.47,5,"2736,1610612741",97.7,0.126,0.51,1155,14.1,531,6.5,0.46,82,20,39.1,8.3,106.0,0.043,93.19,0.112,2736,Luol Deng,0.086,CHI,1610612741,9.2,0.549,0.208,62,0.756
287,28.0,0.194,24.3,2.19,5,"101129,1610612758",107.9,0.089,0.491,164,4.6,68,1.9,0.415,36,28,16.3,-8.1,99.8,0.031,94.89,0.083,101129,Luther Head,0.059,SAC,1610612758,11.1,0.538,0.167,8,0.222
288,33.0,0.036,10.3,1.33,5,"2124,1610612753",104.7,0.135,0.355,31,1.7,11,0.6,0.355,18,9,9.9,-11.0,93.7,0.068,92.81,0.004,2124,Malik Allen,0.099,ORL,1610612753,7.7,0.361,0.09,9,0.5
289,21.0,0.153,17.8,1.35,5,"202412,1610612739",109.4,0.137,0.433,289,5.4,108,2.0,0.374,54,47,17.3,-12.6,96.7,0.042,95.39,0.073,202412,Manny Harris,0.086,CLE,1610612739,13.2,0.486,0.189,7,0.13
290,33.0,0.249,22.3,2.26,5,"1938,1610612759",100.7,0.117,0.509,1018,12.7,441,5.5,0.433,80,19,30.3,11.5,112.2,0.021,96.37,0.138,1938,Manu Ginobili,0.07,SAS,1610612759,9.9,0.581,0.256,61,0.763
291,26.0,0.117,17.1,1.37,5,"201188,1610612763",102.7,0.193,0.529,691,8.5,364,4.5,0.527,81,35,31.9,1.7,104.3,0.071,93.43,0.113,201188,Marc Gasol,0.132,MEM,1610612763,12.5,0.58,0.171,46,0.568
292,27.0,0.057,8.3,0.86,5,"101162,1610612756",103.7,0.27,0.561,603,7.5,338,4.2,0.561,80,37,25.4,1.4,105.1,0.085,94.32,0.132,101162,Marcin Gortat,0.179,PHX,1610612756,9.7,0.594,0.175,43,0.538
293,25.0,0.077,10.1,1.19,5,"201158,1610612740",104.5,0.086,0.534,691,8.6,302,3.8,0.437,80,36,24.5,1.5,106.0,0.011,91.29,0.072,201158,Marco Belinelli,0.047,NOH,1610612740,8.4,0.56,0.199,44,0.55
294,29.0,0.188,28.5,1.5,5,"2556,1610612761",94.2,0.067,0.0,2,0.7,0,0.0,0.0,3,2,7.3,17.1,111.3,0.0,97.59,0.014,2556,Marcus Banks,0.032,TOR,1610612761,19.0,0.543,0.145,1,0.333
295,37.0,0.114,23.8,1.95,5,"948,1610612757",103.7,0.355,0.398,294,5.0,117,2.0,0.398,59,27,26.1,2.4,106.1,0.136,88.86,0.118,948,Marcus Camby,0.24,POR,1610612757,12.2,0.426,0.118,32,0.542
296,24.0,0.0,0.0,0.0,5,"202408,1610612762",126.9,0.214,0.667,3,0.8,2,0.5,0.667,4,2,4.6,-48.9,78.1,0.0,107.05,0.062,202408,Marcus Cousin,0.103,UTA,1610612762,25.0,0.667,0.092,2,0.5
297,24.0,0.133,12.1,1.45,5,"201977,1610612758",103.9,0.129,0.488,807,11.1,350,4.8,0.434,73,36,24.3,-3.7,100.2,0.039,96.15,0.112,201977,Marcus Thornton,0.084,SAC,1610612758,8.3,0.525,0.245,37,0.507
298,25.0,0.172,25.9,1.95,5,"201596,1610612748",99.6,0.094,0.506,388,5.5,155,2.2,0.399,70,18,22.6,8.8,108.4,0.009,93.1,0.071,201596,Mario Chalmers,0.054,MIA,1610612748,13.3,0.538,0.15,52,0.743
299,27.0,0.123,28.4,5.0,5,"201238,1610612751",106.1,0.114,0.452,21,3.5,9,1.5,0.429,6,5,19.3,0.0,106.1,0.018,93.45,0.05,201238,Mario West,0.058,NJN,1610612751,5.7,0.474,0.101,1,0.167
300,30.0,0.113,17.8,1.68,5,"2605,1610612738",98.8,0.116,0.5,232,4.7,114,2.3,0.491,49,12,19.1,1.2,100.0,0.034,91.82,0.092,2605,Marquis Daniels,0.076,BOS,1610612738,10.6,0.527,0.152,37,0.755
301,23.0,0.069,7.6,0.75,5,"201578,1610612755",98.1,0.226,0.497,291,4.5,144,2.3,0.495,64,31,11.5,5.0,103.0,0.107,94.84,0.101,201578,Marreese Speights,0.169,PHI,1610612755,10.2,0.532,0.227,33,0.516
302,24.0,0.079,10.5,0.91,5,"101110,1610612750",112.5,0.123,0.528,340,7.4,152,3.3,0.447,46,39,23.8,-11.4,101.1,0.036,97.86,0.078,101110,Martell Webster,0.077,MIN,1610612750,11.5,0.575,0.179,7,0.152
303,25.0,0.076,11.5,1.42,5,"101107,1610612737",104.9,0.156,0.493,537,8.3,246,3.8,0.458,65,31,28.7,-1.2,103.7,0.044,90.35,0.095,101107,Marvin Williams,0.101,ATL,1610612737,8.1,0.551,0.174,34,0.523
304,31.0,0.112,16.1,1.22,5,"2440,1610612747",102.1,0.164,0.53,279,5.3,131,2.5,0.47,53,17,19.2,1.3,103.4,0.084,93.8,0.097,2440,Matt Barnes,0.126,LAL,1610612747,13.1,0.569,0.166,36,0.679
305,31.0,0.063,12.6,2.22,5,"2588,1610612759",103.4,0.143,0.605,371,5.6,172,2.6,0.464,66,18,21.7,8.6,112.0,0.051,93.29,0.086,2588,Matt Bonner,0.098,SAS,1610612759,5.7,0.617,0.137,48,0.727
306,30.0,0.068,8.6,1.0,5,"2679,1610612766",106.3,0.124,0.49,199,3.7,89,1.6,0.447,54,30,10.8,-6.4,100.0,0.023,92.68,0.081,2679,Matt Carroll,0.071,CHA,1610612766,8.6,0.53,0.194,24,0.444
307,27.0,0.063,6.3,0.25,5,"200772,1610612750",105.1,0.095,0.682,11,2.8,6,1.5,0.545,4,3,7.2,-12.9,92.1,0.0,94.09,0.074,200772,Maurice Ager,0.037,MIN,1610612750,25.0,0.682,0.216,1,0.25
308,32.0,0.046,8.5,1.36,5,"2230,1610612764",106.4,0.08,0.482,424,5.8,177,2.4,0.417,73,37,21.2,-7.8,98.5,0.036,95.43,0.052,2230,Maurice Evans,0.057,WAS,1610612764,6.3,0.513,0.14,36,0.493
309,32.0,0.179,19.6,2.71,5,"2246,1610612762",117.5,0.208,0.395,62,4.8,22,1.7,0.355,13,8,13.0,-12.8,104.8,0.068,92.85,0.07,2246,Mehmet Okur,0.129,UTA,1610612762,7.2,0.452,0.214,5,0.385
310,33.0,0.052,15.9,1.0,5,"2408,1610612743",108.4,0.153,0.549,51,1.7,28,0.9,0.549,30,12,12.2,2.1,110.5,0.09,97.06,0.044,2408,Melvin Ely,0.122,DEN,1610612743,15.9,0.573,0.092,18,0.6
311,31.0,0.103,17.8,1.94,5,"1897,1610612747",101.1,0.078,0.46,658,8.0,261,3.2,0.397,82,25,29.4,8.9,110.0,0.048,93.58,0.061,1897,Metta World Peace,0.063,LAL,1610612747,9.2,0.485,0.151,57,0.695
312,22.0,0.118,9.1,0.81,5,"201563,1610612750",107.3,0.137,0.474,1246,17.1,561,7.7,0.45,73,59,32.3,-5.6,101.7,0.054,99.63,0.094,201563,Michael Beasley,0.095,MIN,1610612750,11.3,0.51,0.284,14,0.192
313,28.0,0.071,10.2,1.0,5,"200839,1610612745",80.3,0.158,0.5,6,1.5,3,0.8,0.5,4,1,3.9,55.3,135.7,0.111,93.1,0.094,200839,Michael Harris,0.135,HOU,1610612745,10.2,0.515,0.214,3,0.75
314,31.0,0.132,19.1,3.0,5,"2072,1610612749",103.2,0.072,0.444,45,4.5,18,1.8,0.4,10,4,13.5,4.8,108.0,0.0,93.26,0.067,2072,Michael Redd,0.035,MIL,1610612749,6.4,0.47,0.176,6,0.6
315,29.0,0.052,7.1,0.85,5,"2554,1610612756",98.6,0.118,0.508,365,6.4,143,2.5,0.392,57,24,19.4,2.0,100.6,0.016,94.19,0.067,2554,Mickael Pietrus,0.067,PHX,1610612756,8.4,0.526,0.183,33,0.579
316,33.0,0.173,27.3,2.62,5,"1710,1610612748",104.3,0.092,0.563,576,7.2,248,3.1,0.431,80,31,28.6,3.3,107.6,0.009,91.31,0.072,1710,Mike Bibby,0.052,MIA,1610612748,10.4,0.57,0.146,49,0.613
317,23.0,0.273,29.9,3.0,5,"201144,1610612763",102.4,0.088,0.486,953,11.8,423,5.2,0.444,81,35,35.5,4.9,107.3,0.013,94.43,0.108,201144,Mike Conley,0.051,MEM,1610612763,10.0,0.521,0.195,46,0.568
318,30.0,0.097,14.0,1.52,5,"2399,1610612754",101.7,0.158,0.56,520,8.5,240,3.9,0.462,61,33,27.6,1.6,103.3,0.019,97.88,0.107,2399,Mike Dunleavy,0.09,IND,1610612754,9.2,0.593,0.169,28,0.459
319,31.0,0.096,16.5,1.24,5,"2034,1610612748",106.9,0.2,0.507,202,4.9,81,2.0,0.401,41,14,20.4,-1.5,105.4,0.054,92.96,0.075,2034,Mike Miller,0.129,MIA,1610612748,13.3,0.525,0.143,27,0.659
320,28.0,0.361,28.0,2.22,5,"2590,1610612746",108.8,0.086,0.453,730,12.6,291,5.0,0.399,58,39,30.8,-9.8,99.1,0.013,96.41,0.095,2590,Mo Williams,0.049,LAC,1610612746,12.6,0.503,0.246,19,0.328
321,25.0,0.234,18.0,1.79,5,"101145,1610612744",108.8,0.086,0.493,1611,20.1,726,9.1,0.451,80,45,40.3,-3.3,105.4,0.015,97.47,0.115,101145,Monta Ellis,0.049,GSW,1610612744,10.1,0.536,0.281,35,0.438
322,33.0,0.053,16.7,0.0,5,"2050,1610612760",88.9,0.158,0.4,5,1.3,2,0.5,0.4,4,2,5.7,15.2,104.1,0.0,97.46,0.0,2050,Morris Peterson,0.079,OKC,1610612760,0.0,0.4,0.096,2,0.5
323,26.0,0.258,23.0,1.39,5,"201203,1610612764",100.7,0.121,0.364,59,2.7,21,1.0,0.356,22,17,7.2,-1.2,99.5,0.054,95.62,0.048,201203,Mustafa Shakur,0.087,WAS,1610612764,16.6,0.389,0.236,5,0.227
324,27.0,0.183,19.3,1.63,5,"101126,1610612760",99.5,0.089,0.485,376,6.4,150,2.5,0.399,59,15,17.2,1.2,100.7,0.02,93.37,0.069,101126,Nate Robinson,0.056,OKC,1610612760,11.8,0.507,0.217,44,0.746
325,33.0,0.031,3.9,0.33,5,"1737,1610612760",105.0,0.212,0.522,448,6.0,234,3.1,0.522,75,35,17.1,0.7,105.7,0.133,92.48,0.091,1737,Nazr Mohammed,0.173,OKC,1610612760,11.9,0.538,0.206,40,0.533
326,27.0,0.027,4.5,0.48,5,"2420,1610612738",104.2,0.158,0.511,452,6.4,231,3.3,0.511,71,27,22.1,1.6,105.8,0.097,94.77,0.074,2420,Nenad Krstic,0.128,BOS,1610612738,9.3,0.557,0.169,44,0.62
327,28.0,0.104,13.4,1.11,5,"2403,1610612743",103.2,0.204,0.615,654,8.7,402,5.4,0.615,75,29,30.6,7.1,110.2,0.077,96.87,0.132,2403,Nene,0.144,DEN,1610612743,12.0,0.657,0.192,46,0.613
328,30.0,0.068,17.3,1.25,5,"2555,1610612760",100.6,0.148,0.566,242,3.4,137,1.9,0.566,71,23,21.5,10.5,111.1,0.097,93.21,0.067,2555,Nick Collison,0.123,OKC,1610612760,13.8,0.6,0.099,48,0.676
329,26.0,0.066,6.2,0.83,5,"201156,1610612764",107.6,0.086,0.497,935,14.6,412,6.4,0.441,64,50,31.8,-8.0,99.6,0.014,96.67,0.089,201156,Nick Young,0.049,WAS,1610612764,7.5,0.538,0.245,14,0.219
330,22.0,0.08,11.3,1.48,5,"201587,1610612757",105.7,0.131,0.528,807,10.1,367,4.6,0.455,80,33,31.5,0.6,106.4,0.05,90.85,0.093,201587,Nicolas Batum,0.088,POR,1610612757,7.6,0.563,0.177,47,0.588
331,25.0,0.052,6.3,0.3,5,"201593,1610612750",108.8,0.135,0.517,263,4.0,136,2.1,0.517,65,50,13.7,-12.7,96.0,0.11,98.66,0.049,201593,Nikola Pekovic,0.122,MIN,1610612750,21.1,0.573,0.195,15,0.231
332,23.0,0.116,13.8,1.46,5,"201564,1610612763",104.7,0.088,0.471,747,10.5,304,4.3,0.407,71,34,26.3,1.5,106.1,0.022,96.03,0.076,201564,O.J. Mayo,0.054,MEM,1610612763,9.4,0.499,0.213,37,0.521
333,24.0,0.049,10.6,0.5,5,"201600,1610612741",90.9,0.22,0.553,141,1.7,78,1.0,0.553,82,20,12.1,14.0,104.8,0.137,92.13,0.076,201600,Omer Asik,0.18,CHI,1610612741,21.3,0.559,0.125,62,0.756
334,23.0,0.063,10.1,1.09,5,"201956,1610612758",107.5,0.163,0.496,546,7.7,225,3.2,0.412,71,54,24.0,-5.0,102.6,0.049,99.28,0.082,201956,Omri Casspi,0.104,SAC,1610612758,9.3,0.517,0.165,17,0.239
335,29.0,0.167,25.8,0.0,5,"101158,1610612751",102.5,0.0,0.5,2,0.7,1,0.3,0.5,3,3,1.8,23.8,126.3,0.0,97.99,0.176,101158,Orien Greene,0.0,NJN,1610612751,0.0,0.521,0.181,0,0.0
336,25.0,0.088,16.8,1.43,5,"201785,1610612764",104.0,0.149,0.485,65,3.8,31,1.8,0.477,17,9,19.0,6.1,110.1,0.09,97.19,0.082,201785,Othyus Jeffers,0.119,WAS,1610612764,11.7,0.546,0.133,8,0.471
337,23.0,0.222,16.2,0.67,5,"202377,1610612737",111.1,0.071,0.333,6,2.0,2,0.7,0.333,3,3,7.0,-25.6,85.4,0.105,97.22,0.058,202377,Pape Sy,0.091,ATL,1610612737,24.4,0.478,0.217,0,0.0
338,27.0,0.167,20.5,2.0,5,"201607,1610612740",109.3,0.071,0.0,5,0.7,0,0.0,0.0,7,4,2.7,-18.4,91.0,0.067,87.86,-0.018,201607,Patrick Ewing Jr.,0.069,NOH,1610612740,10.2,0.222,0.193,3,0.429
339,22.0,0.078,11.5,1.32,5,"202335,1610612745",104.5,0.146,0.558,267,5.1,149,2.9,0.558,52,23,16.7,1.3,105.8,0.11,94.81,0.108,202335,Patrick Patterson,0.128,HOU,1610612745,8.7,0.574,0.163,29,0.558
340,22.0,0.261,21.0,1.76,5,"201988,1610612757",106.6,0.053,0.483,328,5.1,135,2.1,0.412,64,24,12.2,-7.4,99.2,0.027,92.43,0.085,201988,Patty Mills,0.039,POR,1610612757,11.9,0.506,0.24,40,0.625
341,30.0,0.148,15.8,1.92,5,"2200,1610612747",101.3,0.205,0.53,1120,13.7,593,7.2,0.529,82,25,37.0,8.5,109.8,0.103,93.31,0.159,2200,Pau Gasol,0.156,LAL,1610612747,8.2,0.589,0.217,57,0.695
342,21.0,0.082,11.3,0.93,5,"202331,1610612754",104.0,0.162,0.505,395,6.5,179,2.9,0.453,61,32,20.7,-0.1,103.9,0.033,98.01,0.093,202331,Paul George,0.098,IND,1610612754,12.2,0.542,0.175,29,0.475
343,26.0,0.121,12.7,1.29,5,"200794,1610612762",107.0,0.188,0.536,988,13.0,525,6.9,0.531,76,40,34.3,-0.5,106.6,0.075,94.03,0.129,200794,Paul Millsap,0.132,UTA,1610612762,9.9,0.578,0.225,36,0.474
344,33.0,0.152,15.8,1.52,5,"1718,1610612738",96.7,0.161,0.551,1021,12.8,507,6.3,0.497,80,25,34.7,11.3,108.0,0.016,93.13,0.141,1718,Paul Pierce,0.094,BOS,1610612738,10.4,0.62,0.239,55,0.688
345,34.0,0.069,10.2,1.71,5,"978,1610612742",101.5,0.115,0.566,227,6.9,100,3.0,0.441,33,8,18.7,9.3,110.8,0.028,95.73,0.098,978,Peja Stojakovic,0.073,DAL,1610612742,6.0,0.588,0.189,25,0.758
346,27.0,0.281,33.1,3.18,5,"200817,1610612758",105.3,0.08,0.421,259,4.2,106,1.7,0.409,62,46,13.8,-5.9,99.3,0.011,101.02,0.086,200817,Pooh Jeter,0.045,SAC,1610612758,10.4,0.46,0.16,16,0.258
347,27.0,0.08,28.6,1.0,5,"200822,1610612740",109.8,0.333,0.333,3,0.4,1,0.1,0.333,7,1,5.0,-18.4,91.4,0.094,92.22,-0.015,200822,Pops Mensah-Bonsu,0.196,NOH,1610612740,28.6,0.333,0.068,6,0.857
348,31.0,0.064,11.0,1.15,5,"2047,1610612753",100.0,0.17,0.424,255,4.5,87,1.5,0.341,57,20,16.8,2.2,102.1,0.048,93.4,0.065,2047,Quentin Richardson,0.109,ORL,1610612753,9.6,0.454,0.146,37,0.649
349,23.0,0.064,11.7,1.75,5,"202347,1610612740",102.3,0.104,0.456,180,2.7,73,1.1,0.406,66,31,11.1,-4.1,98.2,0.037,89.01,0.054,202347,Quincy Pondexter,0.071,NOH,1610612740,6.7,0.482,0.14,35,0.53
350,30.0,0.045,12.2,1.43,5,"2624,1610612751",92.8,0.065,0.441,59,1.6,26,0.7,0.441,36,29,9.8,5.6,98.4,0.033,92.49,0.01,2624,Quinton Ross,0.049,NJN,1610612751,8.5,0.437,0.095,7,0.194
351,34.0,0.083,17.0,1.87,5,"1952,1610612762",109.4,0.082,0.482,467,6.9,191,2.8,0.409,68,34,30.8,-5.4,103.9,0.017,94.44,0.049,1952,Raja Bell,0.05,UTA,1610612762,9.1,0.528,0.125,34,0.5
352,25.0,0.448,44.1,3.25,5,"200765,1610612738",98.7,0.096,0.482,670,9.9,318,4.7,0.475,68,21,37.2,8.9,107.6,0.045,93.18,0.13,200765,Rajon Rondo,0.072,BOS,1610612738,13.6,0.495,0.181,47,0.691
353,25.0,0.351,26.9,2.35,5,"201196,1610612739",112.0,0.113,0.468,776,9.6,362,4.5,0.466,81,62,26.3,-11.4,100.6,0.024,96.23,0.135,201196,Ramon Sessions,0.068,CLE,1610612739,11.4,0.559,0.241,19,0.235
354,27.0,0.18,19.7,1.79,5,"200751,1610612746",108.2,0.068,0.455,531,8.4,206,3.3,0.388,63,35,24.6,-6.7,101.5,0.01,95.76,0.073,200751,Randy Foye,0.04,LAC,1610612746,11.0,0.516,0.201,28,0.444
355,31.0,0.082,11.5,1.06,5,"1740,1610612764",103.4,0.136,0.508,582,10.2,252,4.4,0.433,57,33,32.0,-1.5,101.9,0.044,94.81,0.081,1740,Rashard Lewis,0.09,WAS,1610612764,10.8,0.535,0.178,24,0.421
356,32.0,0.059,9.0,1.13,5,"2446,1610612741",102.0,0.103,0.43,237,5.0,79,1.7,0.333,47,30,16.4,-7.6,94.4,0.015,95.61,0.048,2446,Rasual Butler,0.058,CHI,1610612741,8.0,0.446,0.159,17,0.362
357,35.0,0.122,15.5,1.87,5,"951,1610612738",98.5,0.09,0.577,978,12.2,480,6.0,0.491,80,25,36.1,8.1,106.6,0.023,92.52,0.112,951,Ray Allen,0.058,BOS,1610612738,8.3,0.615,0.198,55,0.688
358,27.0,0.347,31.9,2.83,5,"101109,1610612743",106.1,0.091,0.483,1005,13.4,427,5.7,0.425,75,31,36.5,2.9,109.0,0.02,98.7,0.115,101109,Raymond Felton,0.056,DEN,1610612743,11.3,0.524,0.215,44,0.587
359,31.0,0.07,17.4,0.97,5,"2501,1610612761",111.8,0.344,0.408,103,3.4,42,1.4,0.408,30,19,26.6,-11.0,100.8,0.178,93.84,0.099,2501,Reggie Evans,0.26,TOR,1610612761,17.8,0.466,0.102,11,0.367
360,24.0,0.118,15.0,2.12,5,"202130,1610612744",107.4,0.117,0.558,572,7.2,268,3.4,0.469,80,44,20.3,-1.7,105.7,0.031,95.99,0.099,202130,Reggie Williams,0.074,GSW,1610612744,7.0,0.585,0.189,36,0.45
361,26.0,0.047,11.3,2.0,5,"200764,1610612752",106.1,0.089,0.5,13,1.6,6,0.8,0.462,8,2,7.8,0.4,106.5,0.034,101.28,0.022,200764,Renaldo Balkman,0.061,NYK,1610612752,5.6,0.542,0.106,6,0.75
362,33.0,0.199,17.0,1.94,5,"1888,1610612765",109.5,0.086,0.47,671,12.2,288,5.2,0.429,55,36,27.2,-5.2,104.4,0.019,91.59,0.096,1888,Richard Hamilton,0.051,DET,1610612765,8.8,0.52,0.26,19,0.345
363,31.0,0.064,11.5,1.15,5,"2210,1610612759",102.5,0.117,0.579,642,7.9,304,3.8,0.474,81,21,30.4,6.4,108.8,0.026,94.41,0.079,2210,Richard Jefferson,0.073,SAS,1610612759,10.0,0.612,0.154,60,0.741
364,23.0,0.012,1.8,0.17,5,"201577,1610612756",107.8,0.151,0.501,357,5.3,179,2.7,0.501,67,34,14.8,-2.0,105.8,0.094,98.7,0.068,201577,Robin Lopez,0.123,PHX,1610612756,10.5,0.539,0.201,33,0.493
365,27.0,0.054,7.4,0.69,5,"200760,1610612763",109.3,0.124,0.495,110,4.1,46,1.7,0.418,27,14,12.4,-11.2,98.2,0.041,98.7,0.061,200760,Rodney Carney,0.08,MEM,1610612763,10.7,0.521,0.179,13,0.481
366,25.0,0.27,23.9,2.33,5,"201155,1610612765",109.4,0.084,0.455,827,11.8,363,5.2,0.439,70,45,31.2,-2.6,106.9,0.037,91.76,0.112,201155,Rodney Stuckey,0.059,DET,1610612765,10.3,0.544,0.243,25,0.357
367,23.0,0.213,18.4,1.36,5,"201958,1610612742",100.4,0.102,0.478,223,8.0,94,3.4,0.422,28,9,17.7,0.1,100.4,0.016,97.23,0.064,201958,Rodrigue Beaubois,0.059,DAL,1610612742,13.5,0.5,0.256,19,0.679
368,30.0,0.099,18.6,3.33,5,"2427,1610612752",107.6,0.144,0.442,77,3.0,26,1.0,0.338,26,16,12.3,-9.8,97.8,0.017,96.13,0.055,2427,Roger Mason Jr.,0.078,NYK,1610612752,5.6,0.461,0.124,10,0.385
369,30.0,0.125,20.0,0.0,5,"2648,1610612761",100.2,0.273,0.25,4,1.3,1,0.3,0.25,3,3,4.3,-20.4,79.8,0.0,98.4,0.032,2648,Ronald Dupree,0.13,TOR,1610612761,0.0,0.25,0.141,0,0.0
370,26.0,0.126,20.6,2.55,5,"200758,1610612741",92.8,0.128,0.487,427,5.3,205,2.5,0.48,81,20,22.0,9.8,102.6,0.036,92.77,0.112,200758,Ronnie Brewer,0.084,CHI,1610612741,8.1,0.518,0.14,61,0.753
371,28.0,0.123,16.6,1.02,5,"101179,1610612762",100.8,0.07,0.4,210,3.6,74,1.3,0.352,59,28,12.2,-0.1,100.7,0.038,91.46,0.02,101179,Ronnie Price,0.054,UTA,1610612762,16.3,0.434,0.184,31,0.525
372,28.0,0.122,27.1,2.24,5,"101142,1610612752",102.6,0.143,0.632,163,2.5,103,1.6,0.632,64,32,17.8,1.0,103.6,0.06,97.9,0.079,101142,Ronny Turiaf,0.1,NYK,1610612752,12.1,0.648,0.096,32,0.5
373,24.0,0.123,12.2,0.9,5,"201579,1610612754",104.0,0.205,0.461,890,11.0,410,5.1,0.461,81,44,27.7,-1.7,102.4,0.094,97.56,0.106,201579,Roy Hibbert,0.152,IND,1610612754,13.6,0.507,0.237,37,0.457
374,29.0,0.077,13.8,1.4,5,"2767,1610612760",106.5,0.099,0.513,38,1.5,16,0.6,0.421,25,5,6.2,-8.9,97.5,0.014,94.1,0.054,2767,Royal Ivey,0.055,OKC,1610612760,9.8,0.527,0.13,20,0.8
375,26.0,0.171,21.0,2.19,5,"201164,1610612757",103.2,0.096,0.471,575,7.4,213,2.7,0.37,78,32,23.3,1.7,105.0,0.024,91.35,0.089,201164,Rudy Fernandez,0.058,POR,1610612757,9.6,0.522,0.186,46,0.59
376,24.0,0.116,12.1,1.13,5,"200752,1610612763",101.8,0.14,0.503,869,16.1,409,7.6,0.471,54,24,39.8,2.3,104.1,0.045,94.73,0.122,200752,Rudy Gay,0.093,MEM,1610612763,10.7,0.548,0.232,30,0.556
377,22.0,0.422,25.2,2.12,5,"201566,1610612760",105.2,0.102,0.454,1390,17.0,614,7.5,0.442,82,27,34.7,3.0,108.2,0.051,96.35,0.154,201566,Russell Westbrook,0.077,OKC,1610612760,11.9,0.538,0.312,55,0.671
378,23.0,0.061,7.7,1.06,5,"201583,1610612753",98.9,0.182,0.558,525,8.2,226,3.5,0.43,64,21,22.3,9.2,108.2,0.104,94.13,0.125,201583,Ryan Anderson,0.143,ORL,1610612753,7.2,0.591,0.198,43,0.672
379,28.0,0.084,16.5,2.15,5,"101155,1610612746",108.0,0.109,0.481,505,6.6,207,2.7,0.41,76,47,27.6,-3.8,104.2,0.034,95.43,0.058,101155,Ryan Gomes,0.072,LAC,1610612746,7.7,0.504,0.127,29,0.382
380,26.0,0.035,6.8,0.39,5,"200797,1610612739",107.3,0.115,0.598,219,3.1,131,1.9,0.598,70,53,16.9,-5.6,101.7,0.071,94.16,0.047,200797,Ryan Hollins,0.093,CLE,1610612739,17.5,0.642,0.141,17,0.243
381,26.0,0.069,10.5,1.16,5,"201970,1610612763",102.6,0.11,0.489,494,6.3,233,3.0,0.472,78,34,20.2,1.8,104.4,0.031,94.4,0.08,201970,Sam Young,0.071,MEM,1610612763,9.0,0.525,0.174,44,0.564
382,22.0,0.043,4.7,0.32,5,"202396,1610612739",108.7,0.147,0.456,241,6.5,110,3.0,0.456,37,33,19.0,-10.9,97.8,0.116,95.72,0.058,202396,Samardo Samuels,0.13,CLE,1610612739,14.7,0.498,0.214,4,0.108
383,31.0,0.054,8.1,0.51,5,"2223,1610612758",105.2,0.264,0.473,567,7.1,268,3.4,0.473,80,58,24.2,-4.1,101.1,0.124,97.0,0.1,2223,Samuel Dalembert,0.194,SAC,1610612758,15.9,0.509,0.174,22,0.275
384,27.0,0.072,15.3,1.33,5,"2562,1610612738",106.6,0.102,0.486,72,2.3,29,0.9,0.403,31,18,11.7,-8.6,98.0,0.003,91.45,0.038,2562,Sasha Pavlovic,0.053,BOS,1610612738,11.5,0.497,0.119,13,0.419
385,27.0,0.134,15.8,2.0,5,"2756,1610612751",110.7,0.118,0.483,595,8.9,239,3.6,0.402,67,41,24.6,-10.1,100.6,0.021,93.11,0.08,2756,Sasha Vujacic,0.067,NJN,1610612751,7.9,0.515,0.195,26,0.388
386,35.0,0.033,6.4,0.36,5,"1752,1610612757",107.4,0.146,0.455,44,1.5,19,0.7,0.432,29,14,7.2,-16.8,90.7,0.084,95.54,0.006,1752,Sean Marks,0.113,POR,1610612757,17.6,0.473,0.128,15,0.517
387,26.0,0.246,25.1,1.73,5,"2742,1610612750",107.6,0.06,0.461,241,6.5,97,2.6,0.402,37,26,19.2,-7.2,100.4,0.025,100.05,0.068,2742,Sebastian Telfair,0.041,MIN,1610612750,14.5,0.497,0.194,11,0.297
388,24.0,0.054,10.4,0.59,5,"201623,1610612739",101.2,0.166,0.559,111,2.7,62,1.5,0.559,41,10,14.5,-1.6,99.7,0.08,92.14,0.057,201623,Semih Erden,0.124,CLE,1610612739,17.8,0.593,0.138,31,0.756
389,21.0,0.016,2.8,0.31,5,"201586,1610612760",103.4,0.206,0.543,617,7.5,335,4.1,0.543,82,27,27.0,4.0,107.3,0.118,94.59,0.109,201586,Serge Ibaka,0.164,OKC,1610612760,9.0,0.579,0.158,55,0.671
390,32.0,0.109,22.7,2.34,5,"2203,1610612763",106.0,0.139,0.55,509,6.2,229,2.8,0.45,82,40,29.0,3.1,109.1,0.044,96.78,0.082,2203,Shane Battier,0.091,MEM,1610612763,9.7,0.567,0.117,42,0.512
391,25.0,0.107,11.2,1.28,5,"200769,1610612747",100.2,0.083,0.482,643,7.8,273,3.3,0.425,82,25,19.1,4.0,104.2,0.026,93.41,0.088,200769,Shannon Brown,0.056,LAL,1610612747,8.7,0.518,0.222,57,0.695
392,39.0,0.051,7.6,0.46,5,"406,1610612738",97.8,0.205,0.667,201,5.4,134,3.6,0.667,37,9,20.3,13.2,111.1,0.092,93.09,0.1,406,Shaquille O'Neal,0.154,BOS,1610612738,16.4,0.659,0.2,28,0.757
393,25.0,0.241,23.3,1.86,5,"2733,1610612766",100.0,0.114,0.467,397,5.4,185,2.5,0.466,73,42,17.3,-2.8,97.2,0.028,90.68,0.115,2733,Shaun Livingston,0.071,CHA,1610612766,12.5,0.53,0.202,31,0.425
394,33.0,0.084,9.6,0.85,5,"1890,1610612742",103.9,0.194,0.523,834,10.4,434,5.4,0.52,80,24,28.2,1.2,105.1,0.09,93.19,0.123,1890,Shawn Marion,0.143,DAL,1610612742,11.3,0.551,0.214,56,0.7
395,25.0,0.054,9.4,1.02,5,"200761,1610612752",108.6,0.157,0.536,385,6.0,164,2.6,0.426,64,31,20.7,-0.1,108.5,0.051,96.95,0.072,200761,Shawne Williams,0.103,NYK,1610612752,9.2,0.558,0.152,33,0.516
396,27.0,0.053,9.8,0.74,5,"200749,1610612752",106.2,0.226,0.468,220,3.7,103,1.7,0.468,59,21,15.4,-1.8,104.4,0.115,98.42,0.079,200749,Shelden Williams,0.17,NYK,1610612752,13.1,0.522,0.142,38,0.644
397,24.0,0.19,21.4,2.0,5,"202395,1610612766",111.8,0.093,0.32,25,1.3,7,0.4,0.28,20,12,3.3,-14.0,97.8,0.0,90.1,0.038,202395,Sherron Collins,0.048,CHA,1610612766,10.7,0.334,0.217,8,0.4
398,23.0,0.051,9.6,0.67,5,"202374,1610612761",108.2,0.135,0.2,15,1.3,3,0.3,0.2,12,11,4.9,-18.0,90.2,0.109,93.03,-0.003,202374,Solomon Alabi,0.121,TOR,1610612761,14.4,0.189,0.138,1,0.083
399,26.0,0.094,14.1,0.86,5,"200780,1610612754",102.7,0.151,0.405,121,3.1,49,1.3,0.405,39,24,13.5,-6.4,96.3,0.095,96.91,0.037,200780,Solomon Jones,0.122,IND,1610612754,16.4,0.469,0.158,15,0.385
400,24.0,0.12,14.0,1.21,5,"201603,1610612761",112.4,0.1,0.461,513,8.7,228,3.9,0.444,59,42,24.0,-10.5,101.9,0.031,97.01,0.066,201603,Sonny Weems,0.064,TOR,1610612761,11.6,0.492,0.202,17,0.288
401,23.0,0.112,14.7,1.25,5,"201150,1610612755",103.7,0.223,0.473,568,7.0,264,3.3,0.465,81,40,21.2,-1.5,102.2,0.084,93.23,0.085,201150,Spencer Hawes,0.153,PHI,1610612755,11.8,0.481,0.19,41,0.506
402,23.0,0.268,23.9,1.91,5,"201939,1610612744",107.9,0.109,0.551,1053,14.2,505,6.8,0.48,74,41,33.6,-0.6,107.3,0.023,98.54,0.121,201939,Stephen Curry,0.066,GSW,1610612744,12.5,0.595,0.242,33,0.446
403,29.0,0.066,13.6,1.05,5,"101211,1610612751",111.0,0.134,0.418,200,3.4,81,1.4,0.405,59,40,16.2,-13.0,98.1,0.021,92.25,0.031,101211,Stephen Graham,0.077,NJN,1610612751,12.9,0.457,0.126,19,0.322
404,33.0,0.184,14.7,1.15,5,"1536,1610612766",106.2,0.124,0.468,1059,15.8,435,6.5,0.411,67,37,35.9,-4.9,101.4,0.027,92.82,0.1,1536,Stephen Jackson,0.076,CHA,1610612766,12.7,0.52,0.273,30,0.448
405,31.0,0.157,30.2,2.33,5,"2581,1610612747",101.1,0.094,0.479,306,3.9,110,1.4,0.359,79,24,20.0,3.6,104.7,0.014,92.38,0.059,2581,Steve Blake,0.056,LAL,1610612747,13.0,0.5,0.115,55,0.696
406,37.0,0.498,41.9,3.23,5,"959,1610612756",106.7,0.099,0.542,811,10.8,399,5.3,0.492,75,36,33.3,4.5,111.2,0.019,97.46,0.152,959,Steve Nash,0.06,PHX,1610612756,13.0,0.601,0.212,39,0.52
407,28.0,0.025,3.9,0.75,5,"200779,1610612759",116.3,0.135,0.716,67,2.2,35,1.2,0.522,30,12,7.2,-10.3,106.0,0.022,94.02,0.114,200779,Steve Novak,0.078,SAS,1610612759,5.2,0.737,0.159,18,0.6
408,25.0,0.232,22.1,1.56,5,"202178,1610612751",106.7,0.094,0.443,105,4.4,42,1.8,0.4,24,15,12.5,-5.2,101.4,0.047,92.78,0.073,202178,Sundiata Gaines,0.07,NJN,1610612751,14.2,0.459,0.222,9,0.375
409,28.0,0.308,30.6,2.24,5,"2551,1610612754",98.2,0.092,0.398,236,5.8,91,2.2,0.386,41,24,18.9,-1.8,96.4,0.024,95.64,0.083,2551,T.J. Ford,0.057,IND,1610612754,13.7,0.434,0.186,17,0.415
410,26.0,0.054,8.3,0.82,5,"201959,1610612741",96.1,0.191,0.467,502,6.3,234,2.9,0.466,80,20,21.8,8.9,104.9,0.112,91.78,0.094,201959,Taj Gibson,0.153,CHI,1610612741,10.2,0.502,0.169,60,0.75
411,31.0,0.142,15.7,2.62,5,"2419,1610612765",109.4,0.126,0.49,1001,12.8,473,6.1,0.473,78,49,32.8,-3.8,105.5,0.036,90.33,0.101,2419,Tayshaun Prince,0.079,DET,1610612765,6.0,0.511,0.211,29,0.372
412,24.0,0.244,19.5,1.15,5,"201944,1610612745",106.9,0.198,0.4,115,5.5,43,2.0,0.374,21,14,13.8,-13.6,93.3,0.015,94.12,0.074,201944,Terrence Williams,0.1,HOU,1610612745,16.9,0.427,0.242,7,0.333
413,27.0,0.076,20.8,2.02,5,"200757,1610612760",105.4,0.159,0.514,333,4.2,157,2.0,0.471,79,26,25.9,3.2,108.6,0.038,96.66,0.069,200757,Thabo Sefolosha,0.1,OKC,1610612760,10.3,0.545,0.093,53,0.671
414,23.0,0.067,7.4,0.83,5,"201152,1610612755",100.9,0.152,0.544,847,10.3,458,5.6,0.541,82,41,26.0,4.8,105.6,0.084,94.0,0.123,201152,Thaddeus Young,0.118,PHI,1610612755,9.0,0.566,0.222,41,0.5
415,38.0,0.06,23.3,1.0,5,"689,1610612747",102.2,0.106,0.167,6,0.6,1,0.1,0.167,10,0,7.1,-12.0,90.2,0.087,99.95,0.01,689,Theo Ratliff,0.096,LAL,1610612747,23.3,0.145,0.06,10,1.0
416,26.0,0.06,8.4,0.81,5,"201168,1610612759",105.4,0.202,0.529,191,3.2,101,1.7,0.529,60,17,12.3,0.2,105.6,0.116,93.75,0.096,201168,Tiago Splitter,0.159,SAS,1610612759,10.3,0.55,0.18,43,0.717
417,35.0,0.15,15.9,1.66,5,"1495,1610612759",99.5,0.26,0.5,838,11.0,419,5.5,0.5,76,16,28.4,10.1,109.7,0.093,95.19,0.154,1495,Tim Duncan,0.179,SAS,1610612759,9.6,0.537,0.226,60,0.789
418,24.0,0.045,7.3,0.43,5,"202389,1610612743",105.7,0.16,0.474,133,3.0,63,1.4,0.474,45,18,11.6,-2.7,102.9,0.102,98.22,0.054,202389,Timofey Mozgov,0.131,DEN,1610612743,17.0,0.523,0.161,27,0.6
419,25.0,0.202,21.5,2.74,5,"201962,1610612752",104.8,0.104,0.511,755,9.3,314,3.9,0.416,81,40,24.3,2.6,107.4,0.036,97.64,0.099,201962,Toney Douglas,0.07,NYK,1610612752,7.8,0.534,0.199,41,0.506
420,29.0,0.113,13.6,1.21,5,"2754,1610612763",98.9,0.101,0.514,492,6.8,251,3.5,0.51,72,32,20.8,4.4,103.4,0.055,95.11,0.109,2754,Tony Allen,0.078,MEM,1610612763,11.3,0.562,0.2,40,0.556
421,35.0,0.055,9.5,1.0,5,"1499,1610612755",99.5,0.241,0.479,96,2.5,45,1.2,0.469,38,24,9.9,-4.9,94.6,0.047,92.57,0.079,1499,Tony Battie,0.141,PHI,1610612755,9.5,0.489,0.143,14,0.368
422,29.0,0.345,26.8,2.57,5,"2225,1610612759",101.7,0.092,0.531,1069,13.7,555,7.1,0.519,78,18,32.4,6.5,108.1,0.014,95.35,0.139,2225,Tony Parker,0.054,SAS,1610612759,10.4,0.569,0.254,60,0.769
423,32.0,0.244,27.3,2.47,5,"1503,1610612765",106.1,0.155,0.471,514,7.1,227,3.2,0.442,72,47,23.4,-3.8,102.3,0.034,89.93,0.109,1503,Tracy McGrady,0.092,DET,1610612765,11.0,0.503,0.189,25,0.347
424,26.0,0.059,8.7,1.18,5,"2566,1610612751",108.8,0.138,0.427,731,8.9,274,3.3,0.375,82,58,28.8,-8.5,100.4,0.027,92.15,0.062,2566,Travis Outlaw,0.082,NJN,1610612751,7.4,0.469,0.174,24,0.293
425,25.0,0.099,14.4,1.37,5,"2772,1610612740",103.6,0.167,0.451,762,10.2,303,4.0,0.398,75,32,34.7,0.6,104.2,0.028,91.42,0.08,2772,Trevor Ariza,0.096,NOH,1610612740,10.5,0.487,0.177,43,0.573
426,23.0,0.051,9.4,0.92,5,"202344,1610612764",108.0,0.169,0.549,253,3.9,139,2.1,0.549,65,50,16.4,-7.0,101.0,0.101,96.18,0.096,202344,Trevor Booker,0.134,WAS,1610612764,10.3,0.582,0.138,15,0.231
427,26.0,0.19,20.6,2.2,5,"201234,1610612747",106.0,0.063,0.379,33,4.1,12,1.5,0.364,8,5,11.8,-7.8,98.1,0.023,91.15,0.045,201234,Trey Johnson,0.042,LAL,1610612747,9.4,0.455,0.21,3,0.375
428,31.0,0.088,13.5,1.15,5,"2211,1610612738",103.9,0.236,0.39,114,3.3,42,1.2,0.368,35,22,13.3,-15.6,88.3,0.055,92.16,0.078,2211,Troy Murphy,0.145,BOS,1610612738,11.8,0.428,0.151,13,0.371
429,23.0,0.272,29.0,2.75,5,"201951,1610612743",106.7,0.077,0.553,688,8.6,346,4.3,0.503,80,31,26.3,4.3,111.0,0.037,99.04,0.114,201951,Ty Lawson,0.058,DEN,1610612743,10.5,0.593,0.193,49,0.613
430,25.0,0.047,4.9,0.54,5,"201946,1610612754",106.0,0.162,0.465,613,8.8,285,4.1,0.465,70,36,21.9,-4.9,101.1,0.102,97.0,0.105,201946,Tyler Hansbrough,0.131,IND,1610612754,9.0,0.529,0.227,34,0.486
431,21.0,0.255,20.5,1.73,5,"201936,1610612758",104.9,0.126,0.432,933,16.4,382,6.7,0.409,57,39,37.0,-5.5,99.4,0.024,96.4,0.109,201936,Tyreke Evans,0.074,SAC,1610612758,11.8,0.482,0.255,18,0.316
432,24.0,0.064,6.0,0.45,5,"200748,1610612766",101.5,0.215,0.471,331,8.1,156,3.8,0.471,41,23,21.0,-1.3,100.2,0.097,92.66,0.124,200748,Tyrus Thomas,0.159,CHA,1610612766,13.4,0.536,0.248,18,0.439
433,28.0,0.024,4.9,0.36,5,"2199,1610612742",101.0,0.254,0.654,407,5.5,266,3.6,0.654,74,20,27.8,8.2,109.1,0.123,93.7,0.12,2199,Tyson Chandler,0.193,DAL,1610612742,13.4,0.697,0.142,54,0.73
434,31.0,0.029,5.2,0.43,5,"2617,1610612748",99.0,0.253,0.512,86,6.6,44,3.4,0.512,13,5,26.5,9.3,108.4,0.1,95.1,0.104,2617,Udonis Haslem,0.178,MIA,1610612748,12.2,0.549,0.146,8,0.615
435,34.0,0.116,12.1,1.62,5,"1713,1610612756",103.3,0.123,0.502,891,12.2,389,5.3,0.437,73,35,28.1,3.4,106.8,0.03,95.8,0.092,1713,Vince Carter,0.077,PHX,1610612756,7.5,0.528,0.234,38,0.521
436,30.0,0.096,16.8,1.39,5,"2209,1610612744",105.5,0.15,0.541,318,4.3,137,1.9,0.431,74,42,15.8,2.7,108.1,0.062,96.45,0.072,2209,Vladimir Radmanovic,0.105,GSW,1610612744,12.2,0.562,0.149,32,0.432
437,25.0,0.111,15.2,1.75,5,"101144,1610612738",91.4,0.086,0.478,159,2.7,67,1.2,0.421,58,13,9.5,1.6,93.0,0.015,94.43,0.09,101144,Von Wafer,0.052,BOS,1610612738,8.7,0.524,0.166,45,0.776
438,23.0,0.098,13.2,1.36,5,"201961,1610612750",108.7,0.079,0.463,397,6.4,160,2.6,0.403,62,48,19.1,-8.9,99.8,0.024,98.55,0.054,201961,Wayne Ellington,0.051,MIN,1610612750,9.7,0.488,0.172,14,0.226
439,23.0,0.108,15.3,1.56,5,"202325,1610612750",108.8,0.102,0.473,682,8.6,271,3.4,0.397,79,62,26.2,-6.4,102.5,0.027,99.61,0.06,202325,Wesley Johnson,0.064,MIN,1610612750,9.8,0.491,0.168,17,0.215
440,24.0,0.101,11.6,1.19,5,"202083,1610612757",104.2,0.095,0.528,979,11.9,440,5.4,0.449,82,34,33.6,2.5,106.7,0.021,91.08,0.097,202083,Wesley Matthews,0.057,POR,1610612757,9.7,0.582,0.213,48,0.585
441,28.0,0.289,26.4,2.35,5,"101198,1610612765",111.2,0.068,0.468,406,6.7,182,3.0,0.448,61,38,18.4,-7.6,103.6,0.016,92.57,0.092,101198,Will Bynum,0.041,DET,1610612765,11.3,0.524,0.227,23,0.377
442,29.0,0.08,9.3,1.1,5,"2584,1610612740",100.8,0.099,0.488,609,7.9,270,3.5,0.443,77,33,21.7,0.1,100.9,0.016,91.23,0.073,2584,Willie Green,0.058,NOH,1610612740,8.4,0.515,0.207,44,0.571
443,21.0,0.307,36.7,3.38,5,"202378,1610612746",99.5,0.109,0.443,35,1.8,13,0.7,0.371,19,14,7.1,3.9,103.3,0.009,92.34,0.083,202378,Willie Warren,0.055,LAC,1610612746,10.9,0.48,0.16,5,0.263
444,24.0,0.079,9.6,1.15,5,"201163,1610612743",103.4,0.152,0.509,953,13.2,429,6.0,0.45,72,31,33.3,4.4,107.8,0.035,98.68,0.094,201163,Wilson Chandler,0.094,DEN,1610612743,8.3,0.537,0.208,41,0.569
445,20.0,0.054,8.4,1.38,5,"202333,1610612763",104.8,0.061,0.413,160,4.2,65,1.7,0.406,38,19,13.9,-6.2,98.7,0.02,92.77,0.033,202333,Xavier Henry,0.041,MEM,1610612763,6.1,0.451,0.171,19,0.5
446,30.0,0.077,7.3,0.57,5,"2397,1610612745",111.4,0.22,0.486,37,7.4,18,3.6,0.486,5,4,18.1,-14.3,97.1,0.081,102.48,0.133,2397,Yao Ming,0.153,HOU,1610612745,12.7,0.579,0.242,1,0.2
447,23.0,0.036,5.4,0.49,5,"201146,1610612764",108.6,0.182,0.422,347,5.5,145,2.3,0.418,63,46,17.6,-10.1,98.5,0.077,95.8,0.063,201146,Yi Jianlian,0.127,WAS,1610612764,11.0,0.459,0.174,17,0.27
448,26.0,0.295,24.0,1.76,5,"202220,1610612756",103.8,0.061,0.42,125,5.2,51,2.1,0.408,24,10,12.1,-4.1,99.8,0.018,95.97,0.08,202220,Zabian Dowdell,0.038,PHX,1610612756,13.6,0.457,0.251,14,0.583
449,29.0,0.1,9.7,1.08,5,"2216,1610612763",102.6,0.264,0.507,1188,15.8,598,8.0,0.503,75,32,36.3,4.0,106.6,0.144,93.92,0.162,2216,Zach Randolph,0.204,MEM,1610612763,9.0,0.552,0.25,43,0.573
450,27.0,0.074,13.2,0.84,5,"2585,1610612737",107.6,0.217,0.461,232,2.9,107,1.4,0.461,79,36,15.7,-6.1,101.5,0.119,90.92,0.076,2585,Zaza Pachulia,0.168,ATL,1610612737,15.8,0.562,0.144,43,0.544
451,36.0,0.033,6.2,0.5,5,"980,1610612748",101.9,0.178,0.508,319,4.4,162,2.3,0.508,72,21,15.9,9.4,111.3,0.119,92.89,0.065,980,Zydrunas Ilgauskas,0.15,MIA,1610612748,12.5,0.531,0.159,51,0.708
