,AGE,AST,BLK,BLKA,CFID,CFPARAMS,DD2,DREB,FG3A,FG3M,FG3_PCT,FGA,FGM,FG_PCT,FTA,FTM,FT_PCT,GP,L,MIN,OREB,PF,PFD,PLAYER_ID,PLAYER_NAME,PLUS_MINUS,PTS,REB,STL,TD3,TEAM_ABBREVIATION,TEAM_ID,TOV,W,W_PCT
0,28.0,1.8,0.0,0.2,5,"201985,1610612739",0,1.0,2.2,0.6,0.263,5.3,2.0,0.372,0.9,0.6,0.667,26,15,12.4,0.2,0.6,1.2,201985,A.J. Price,-2.5,5.1,1.2,0.3,0,CLE,1610612739,0.5,11,0.423
1,30.0,3.2,0.2,0.6,5,"201166,1610612741",1,1.6,3.8,1.5,0.387,10.0,4.2,0.421,2.1,1.8,0.833,82,32,23.0,0.4,2.3,1.8,201166,Aaron Brooks,2.6,11.6,2.0,0.7,0,CHI,1610612741,1.9,50,0.61
2,19.0,0.7,0.5,0.3,5,"203932,1610612753",1,2.6,1.0,0.3,0.271,4.4,2.0,0.447,1.3,0.9,0.721,47,33,17.0,1.0,1.8,1.1,203932,Aaron Gordon,-3.5,5.2,3.6,0.4,0,ORL,1610612753,0.8,14,0.298
3,24.0,0.9,0.3,0.3,5,"203940,1610612750",3,3.6,0.3,0.0,0.111,6.9,2.8,0.414,1.4,0.9,0.652,32,25,23.1,1.5,2.8,1.3,203940,Adreian Payne,-7.7,6.7,5.1,0.6,0,MIN,1610612750,1.4,7,0.219
4,29.0,3.2,1.3,0.5,5,"201143,1610612737",14,5.4,0.5,0.1,0.306,12.7,6.8,0.538,1.9,1.4,0.759,76,20,30.5,1.7,1.6,1.7,201143,Al Horford,3.8,15.2,7.2,0.9,1,ATL,1610612737,1.3,56,0.737
5,30.0,1.7,1.3,0.8,5,"2744,1610612766",22,6.9,0.1,0.0,0.4,15.5,7.5,0.481,2.5,1.7,0.655,65,40,30.6,1.5,2.1,2.1,2744,Al Jefferson,-1.8,16.6,8.4,0.7,0,CHA,1610612766,1.0,25,0.385
6,24.0,0.8,0.8,0.3,5,"202329,1610612742",4,3.1,1.7,0.5,0.274,4.8,2.0,0.412,1.6,1.1,0.712,74,29,18.5,1.5,1.9,1.3,202329,Al-Farouq Aminu,1.4,5.6,4.6,0.9,0,DAL,1610612742,0.7,45,0.608
7,32.0,1.1,0.1,0.4,5,"101187,1610612751",0,2.3,2.8,1.0,0.348,5.9,2.6,0.443,1.4,1.1,0.812,74,39,23.6,0.4,2.0,1.7,101187,Alan Anderson,-0.8,7.4,2.8,0.8,0,BKN,1610612751,0.8,35,0.473
8,23.0,3.0,0.2,0.9,5,"202692,1610612762",2,3.5,2.5,1.0,0.382,11.1,4.5,0.403,4.8,3.9,0.822,27,18,33.3,0.7,2.4,3.6,202692,Alec Burks,-4.8,13.9,4.2,0.6,0,UTA,1610612762,1.9,9,0.333
9,23.0,0.2,0.0,0.0,5,"203945,1610612739",0,0.0,0.0,0.0,0.0,0.8,0.2,0.25,0.4,0.4,1.0,5,3,2.8,0.2,0.2,0.2,203945,Alex Kirk,-2.8,0.8,0.2,0.0,0,CLE,1610612739,0.0,2,0.4
10,22.0,0.5,1.5,0.4,5,"203458,1610612756",10,4.5,0.0,0.0,0.333,5.1,2.6,0.507,1.5,1.1,0.702,69,34,22.0,2.1,3.1,1.5,203458,Alex Len,-0.4,6.3,6.6,0.5,0,PHX,1610612756,1.1,35,0.507
11,26.0,2.5,0.1,0.6,5,"203144,1610612752",2,1.8,3.3,1.1,0.338,8.0,3.2,0.397,3.6,2.9,0.807,42,32,18.3,0.5,1.1,2.4,203144,Alexey Shved,-3.1,10.3,2.4,0.7,0,NYK,1610612752,1.1,10,0.238
12,27.0,0.7,0.8,0.3,5,"201582,1610612740",5,3.1,0.0,0.0,0.0,4.8,2.7,0.55,1.5,1.2,0.818,68,27,14.1,1.5,2.2,1.3,201582,Alexis Ajinca,-0.2,6.5,4.6,0.3,0,NOP,1610612740,1.0,41,0.603
13,23.0,0.8,0.3,0.0,5,"203459,1610612757",0,1.3,1.7,0.6,0.353,3.0,1.2,0.412,0.3,0.2,0.75,51,15,13.4,0.1,1.5,0.4,203459,Allen Crabbe,-0.5,3.3,1.4,0.4,0,POR,1610612757,0.3,36,0.706
14,28.0,0.5,0.1,0.4,5,"202087,1610612757",0,1.1,0.6,0.2,0.371,3.4,1.6,0.468,1.4,1.0,0.701,54,33,12.2,0.7,1.1,0.9,202087,Alonzo Gee,-1.8,4.5,1.7,0.6,0,POR,1610612757,0.6,21,0.389
15,32.0,0.8,0.6,0.7,5,"2405,1610612742",4,3.7,0.1,0.0,0.0,8.3,4.6,0.557,3.2,2.3,0.72,59,40,21.1,1.9,2.7,3.2,2405,Amar'e Stoudemire,-1.0,11.5,5.6,0.5,0,DAL,1610612742,1.3,19,0.322
16,28.0,1.6,0.8,0.7,5,"101161,1610612761",6,4.0,0.6,0.3,0.413,6.9,4.0,0.574,1.7,1.1,0.612,75,31,26.4,2.1,3.0,1.7,101161,Amir Johnson,0.8,9.3,6.1,0.6,0,TOR,1610612761,1.5,44,0.587
17,32.0,1.3,0.6,0.6,5,"2760,1610612739",2,4.3,0.1,0.0,0.0,7.7,4.3,0.555,1.7,1.3,0.733,26,10,24.4,2.2,2.2,1.8,2760,Anderson Varejao,0.2,9.8,6.5,0.7,0,CLE,1610612739,1.3,16,0.615
18,23.0,0.3,0.0,0.0,5,"203958,1610612748",0,0.5,1.5,0.3,0.167,1.5,0.3,0.167,0.0,0.0,0.0,4,2,5.4,0.0,0.8,0.0,203958,Andre Dawkins,-1.0,0.8,0.5,0.0,0,MIA,1610612748,0.3,2,0.5
19,21.0,0.7,1.9,0.7,5,"203083,1610612765",48,8.1,0.0,0.0,0.0,11.7,6.0,0.514,4.5,1.7,0.389,82,50,30.5,5.3,3.5,3.3,203083,Andre Drummond,-0.7,13.8,13.5,0.9,0,DET,1610612765,1.5,32,0.39
20,31.0,3.0,0.3,0.1,5,"2738,1610612744",0,2.8,2.8,1.0,0.349,6.4,3.0,0.466,1.5,0.9,0.596,77,13,26.9,0.6,1.3,1.7,2738,Andre Iguodala,5.7,7.8,3.3,1.2,0,GSW,1610612744,1.1,64,0.831
21,39.0,3.5,0.1,0.4,5,"1889,1610612758",1,1.4,0.4,0.1,0.206,3.6,1.8,0.5,1.0,0.7,0.753,81,37,15.5,0.5,1.3,1.1,1889,Andre Miller,-1.6,4.4,1.9,0.4,0,SAC,1610612758,1.3,44,0.543
22,23.0,1.0,0.4,0.3,5,"203460,1610612760",1,2.9,1.3,0.3,0.247,3.0,1.4,0.458,0.7,0.3,0.479,67,26,19.2,0.9,2.1,0.5,203460,Andre Roberson,1.5,3.4,3.8,0.8,0,OKC,1610612760,0.7,41,0.612
23,29.0,1.6,0.9,0.2,5,"200745,1610612752",2,3.3,1.4,0.5,0.366,12.4,5.7,0.454,3.7,3.0,0.813,29,24,27.1,1.1,1.8,3.5,200745,Andrea Bargnani,-9.3,14.8,4.4,0.1,0,NYK,1610612752,1.4,5,0.172
24,34.0,0.1,0.0,0.3,5,"1905,1610612751",0,0.9,0.0,0.0,0.0,0.7,0.0,0.0,0.6,0.4,0.75,7,4,5.2,0.3,0.1,0.3,1905,Andrei Kirilenko,-4.0,0.4,1.1,0.1,0,BKN,1610612751,0.1,3,0.429
25,30.0,2.7,1.7,0.3,5,"101106,1610612744",6,6.0,0.0,0.0,0.0,5.3,3.0,0.563,0.6,0.3,0.524,67,9,23.6,2.1,2.8,1.1,101106,Andrew Bogut,8.0,6.3,8.1,0.6,0,GSW,1610612744,1.6,58,0.866
26,25.0,0.6,0.3,0.1,5,"203094,1610612753",0,1.6,1.0,0.3,0.317,4.8,2.1,0.437,0.6,0.4,0.6,40,26,12.3,0.4,1.3,0.9,203094,Andrew Nicholson,-2.1,4.9,2.1,0.2,0,ORL,1610612753,0.6,14,0.35
27,20.0,2.1,0.6,0.8,5,"203952,1610612750",2,2.9,1.5,0.5,0.31,13.9,6.1,0.437,5.7,4.3,0.76,82,66,36.2,1.6,2.3,4.6,203952,Andrew Wiggins,-6.7,16.9,4.6,1.0,0,MIN,1610612750,2.2,16,0.195
28,22.0,0.8,0.3,0.4,5,"203461,1610612750",2,2.9,0.4,0.1,0.304,5.2,2.2,0.421,1.1,0.7,0.641,57,45,15.7,0.9,1.5,0.9,203461,Anthony Bennett,-5.2,5.2,3.8,0.5,0,MIN,1610612750,0.6,12,0.211
29,22.0,2.2,2.9,0.8,5,"203076,1610612740",42,7.7,0.2,0.0,0.083,17.6,9.4,0.535,6.8,5.5,0.805,68,29,36.1,2.5,2.1,5.5,203076,Anthony Davis,3.9,24.4,10.2,1.5,0,NOP,1610612740,1.4,39,0.574
30,29.0,0.8,0.1,0.2,5,"201627,1610612760",2,2.1,4.4,1.9,0.434,8.3,3.9,0.463,1.2,1.1,0.888,74,32,24.4,0.5,1.8,1.1,201627,Anthony Morrow,3.1,10.7,2.6,0.7,0,OKC,1610612760,0.5,42,0.568
31,30.0,0.8,0.2,0.2,5,"201229,1610612765",1,2.4,3.8,1.4,0.366,5.2,2.1,0.41,0.9,0.7,0.783,76,40,18.9,0.7,1.8,1.1,201229,Anthony Tolliver,1.3,6.3,3.1,0.3,0,DET,1610612765,0.7,36,0.474
32,20.0,1.1,0.2,0.5,5,"203462,1610612756",0,1.1,1.0,0.3,0.293,4.9,1.9,0.393,2.0,1.5,0.735,41,25,13.0,0.7,1.3,1.8,203462,Archie Goodwin,-4.0,5.6,1.8,0.4,0,PHX,1610612756,1.2,16,0.39
33,27.0,0.7,0.5,0.2,5,"202620,1610612750",0,2.3,0.0,0.0,0.0,2.3,2.0,0.857,1.3,0.5,0.375,6,6,11.4,1.2,1.0,0.7,202620,Arinze Onuaku,-3.0,4.5,3.5,0.2,0,MIN,1610612750,0.3,0,0.0
34,28.0,0.5,0.3,0.5,5,"203382,1610612759",5,3.0,0.1,0.0,0.25,4.7,2.6,0.566,1.5,1.3,0.865,70,21,16.0,1.6,2.3,1.6,203382,Aron Baynes,1.9,6.6,4.5,0.2,0,SAS,1610612759,0.9,49,0.7
35,29.0,1.7,0.1,0.8,5,"201167,1610612757",0,2.8,4.3,1.5,0.354,11.3,4.8,0.424,2.5,2.1,0.843,78,43,32.1,0.3,2.1,1.9,201167,Arron Afflalo,-0.3,13.3,3.2,0.5,0,POR,1610612757,1.5,35,0.449
36,27.0,0.5,0.1,0.1,5,"201948,1610612737",2,1.9,2.1,0.7,0.338,4.1,1.5,0.355,0.2,0.1,0.833,34,17,10.1,0.3,1.1,0.2,201948,Austin Daye,-1.3,3.8,2.2,0.4,0,ATL,1610612737,0.7,17,0.5
37,22.0,2.0,0.2,0.3,5,"203085,1610612746",0,1.6,1.7,0.5,0.298,6.5,2.7,0.409,1.7,1.1,0.675,76,30,20.6,0.4,1.9,1.4,203085,Austin Rivers,-1.7,7.0,2.0,0.6,0,LAC,1610612746,0.9,46,0.605
38,24.0,1.8,0.2,0.6,5,"202340,1610612738",1,2.5,4.6,1.6,0.352,13.2,5.6,0.428,1.3,1.0,0.79,77,40,31.5,0.6,2.3,1.2,202340,Avery Bradley,-1.1,13.9,3.1,1.1,0,BOS,1610612738,1.4,37,0.481
39,32.0,0.9,0.0,0.3,5,"2732,1610612753",0,1.0,1.7,0.6,0.361,5.3,2.3,0.437,1.2,1.0,0.836,56,39,14.1,0.1,1.1,1.2,2732,Ben Gordon,-2.4,6.2,1.1,0.3,0,ORL,1610612753,1.0,17,0.304
40,22.0,1.7,0.2,0.5,5,"203463,1610612758",0,2.6,4.8,1.7,0.358,10.1,4.4,0.437,2.0,1.6,0.813,82,53,32.6,0.4,2.7,1.6,203463,Ben McLemore,-0.4,12.1,2.9,0.9,0,SAC,1610612758,1.7,29,0.354
41,32.0,2.8,0.1,0.3,5,"2757,1610612763",0,1.6,1.2,0.3,0.268,6.4,3.1,0.487,1.3,1.1,0.853,79,24,18.9,0.3,1.1,1.2,2757,Beno Udrih,-0.1,7.7,1.8,0.6,0,MEM,1610612763,1.1,55,0.696
42,30.0,0.3,0.9,0.5,5,"203108,1610612742",0,1.3,0.0,0.0,0.0,1.7,0.8,0.444,1.4,1.3,0.87,16,10,9.9,1.1,1.1,0.9,203108,Bernard James,-0.6,2.8,2.4,0.1,0,DAL,1610612742,0.4,6,0.375
43,22.0,0.3,1.5,0.4,5,"202687,1610612766",6,3.9,0.0,0.0,0.0,2.9,1.6,0.543,2.7,1.6,0.583,64,38,19.4,2.5,2.2,2.2,202687,Bismack Biyombo,-0.5,4.8,6.4,0.3,0,CHA,1610612766,0.8,26,0.406
44,26.0,5.3,0.5,0.7,5,"201933,1610612746",18,5.7,0.4,0.1,0.4,17.1,8.6,0.502,6.4,4.6,0.728,67,20,35.2,1.9,2.9,5.9,201933,Blake Griffin,8.7,21.9,7.6,0.9,0,LAC,1610612746,2.3,47,0.701
45,26.0,0.9,0.1,0.5,5,"202711,1610612751",0,2.1,3.3,1.2,0.355,7.4,3.3,0.453,1.4,1.1,0.821,78,42,23.8,0.6,1.3,1.2,202711,Bojan Bogdanovic,-2.3,9.0,2.7,0.4,0,BKN,1610612751,1.0,36,0.462
46,33.0,2.9,0.3,0.3,5,"2564,1610612759",1,3.3,2.1,0.7,0.32,7.8,3.6,0.46,1.1,0.9,0.774,81,26,24.5,1.0,1.8,1.3,2564,Boris Diaw,3.6,8.7,4.3,0.4,0,SAS,1610612759,1.6,55,0.679
47,22.0,3.1,0.3,0.8,5,"203078,1610612764",2,2.9,4.1,1.7,0.409,13.5,5.8,0.427,2.6,2.1,0.783,63,26,33.5,0.9,2.2,2.3,203078,Bradley Beal,3.1,15.3,3.8,1.2,0,WAS,1610612764,2.0,37,0.587
48,27.0,0.5,1.3,0.3,5,"201148,1610612756",3,2.6,0.0,0.0,0.0,4.8,3.1,0.642,1.5,1.0,0.696,75,38,19.3,1.7,1.4,1.3,201148,Brandan Wright,-0.2,7.3,4.3,0.7,0,PHX,1610612756,0.5,37,0.493
49,30.0,1.3,0.4,0.7,5,"101138,1610612738",5,3.2,0.4,0.1,0.281,8.3,4.2,0.504,2.6,2.1,0.79,82,42,23.5,1.7,1.7,1.9,101138,Brandon Bass,-2.2,10.6,4.9,0.5,0,BOS,1610612738,1.0,40,0.488
50,23.0,1.1,0.3,0.5,5,"203561,1610612755",0,1.7,1.3,0.3,0.235,5.1,2.0,0.401,1.4,0.9,0.649,27,21,15.7,1.4,2.2,1.6,203561,Brandon Davies,-6.0,5.3,3.1,0.7,0,PHI,1610612755,1.1,6,0.222
51,25.0,6.6,0.1,0.7,5,"201943,1610612765",5,2.0,5.1,1.9,0.36,13.2,5.3,0.401,3.5,2.9,0.839,41,24,28.6,0.5,1.6,3.1,201943,Brandon Jennings,0.8,15.4,2.5,1.1,0,DET,1610612765,2.2,17,0.415
52,23.0,5.2,0.2,0.6,5,"202688,1610612756",2,3.4,5.1,2.0,0.389,14.1,6.0,0.422,3.5,3.1,0.874,63,30,32.3,0.4,1.8,3.5,202688,Brandon Knight,-1.3,17.0,3.9,1.4,0,PHX,1610612756,3.0,33,0.524
53,29.0,0.4,0.4,0.1,5,"201575,1610612744",0,1.1,0.8,0.1,0.111,1.6,0.3,0.204,0.3,0.2,0.455,33,6,8.2,0.1,0.8,0.2,201575,Brandon Rush,-3.8,0.9,1.2,0.2,0,GSW,1610612744,0.3,27,0.818
54,35.0,0.1,0.5,0.1,5,"2217,1610612739",0,1.0,0.0,0.0,0.0,1.4,0.6,0.467,0.6,0.3,0.538,22,8,5.4,0.3,0.8,0.5,2217,Brendan Haywood,-2.3,1.6,1.3,0.1,0,CLE,1610612739,0.5,14,0.636
55,29.0,2.3,0.1,0.2,5,"203148,1610612766",0,1.3,2.7,0.9,0.321,6.3,2.4,0.389,1.0,0.9,0.892,72,42,18.5,0.2,1.0,1.4,203148,Brian Roberts,-1.2,6.7,1.5,0.5,0,CHA,1610612766,0.8,30,0.417
56,27.0,0.7,1.8,0.7,5,"201572,1610612751",17,4.5,0.1,0.0,0.1,13.7,7.0,0.513,3.8,3.1,0.814,72,38,29.2,3.0,2.9,3.3,201572,Brook Lopez,-1.4,17.2,7.4,0.6,0,BKN,1610612751,1.4,34,0.472
57,19.0,0.0,0.1,0.0,5,"203998,1610612761",0,0.1,0.4,0.3,0.667,1.5,0.5,0.333,0.0,0.0,0.0,8,1,2.9,0.1,0.4,0.0,203998,Bruno Caboclo,-3.4,1.3,0.3,0.0,0,TOR,1610612761,0.5,7,0.875
58,22.0,1.0,0.0,0.3,5,"203955,1610612762",0,1.0,1.3,0.5,0.35,4.6,1.9,0.42,1.2,1.0,0.833,15,6,10.6,0.2,0.4,1.0,203955,Bryce Cotton,0.1,5.3,1.2,0.3,0,UTA,1610612762,0.8,9,0.6
59,23.0,1.0,0.1,0.4,5,"203468,1610612757",0,1.2,2.2,0.9,0.396,5.9,2.6,0.436,1.2,0.8,0.699,62,25,15.7,0.2,1.3,1.0,203468,CJ McCollum,1.9,6.8,1.5,0.7,0,POR,1610612757,0.8,37,0.597
60,28.0,1.1,0.4,0.4,5,"101139,1610612754",1,2.8,6.4,2.2,0.345,11.8,4.7,0.398,2.3,1.9,0.807,70,39,26.3,0.3,1.9,1.8,101139,CJ Miles,2.3,13.5,3.1,0.9,0,IND,1610612754,1.0,31,0.443
61,31.0,3.6,0.2,0.3,5,"201228,1610612754",0,2.5,3.1,1.2,0.4,7.3,3.2,0.434,2.9,2.4,0.826,57,32,24.9,0.3,1.9,2.8,201228,CJ Watson,0.1,10.0,2.9,1.0,0,IND,1610612754,1.8,25,0.439
62,24.0,0.4,0.0,0.0,5,"203912,1610612746",0,0.3,0.9,0.3,0.368,1.8,0.8,0.421,0.1,0.1,1.0,21,6,4.8,0.0,0.3,0.1,203912,CJ Wilcox,-0.9,2.0,0.3,0.1,0,LAC,1610612746,0.5,15,0.714
63,24.0,0.1,0.1,0.1,5,"203946,1610612741",0,0.1,0.0,0.0,0.0,0.8,0.2,0.214,0.3,0.2,0.8,18,6,3.5,0.3,0.4,0.2,203946,Cameron Bairstow,-1.1,0.6,0.4,0.1,0,CHI,1610612741,0.2,12,0.667
64,31.0,0.4,0.2,0.6,5,"201171,1610612758",3,2.4,0.0,0.0,0.0,5.3,2.7,0.515,2.1,1.8,0.82,70,44,17.0,1.4,1.9,1.6,201171,Carl Landry,-3.1,7.2,3.8,0.2,0,SAC,1610612758,0.8,26,0.371
65,33.0,1.3,0.2,0.9,5,"2430,1610612747",10,5.2,0.0,0.0,0.0,10.5,5.2,0.499,2.1,1.3,0.627,71,53,23.8,1.6,2.6,1.5,2430,Carlos Boozer,-4.5,11.8,6.8,0.6,0,LAL,1610612747,1.3,18,0.254
66,31.0,3.1,0.4,0.9,5,"2546,1610612752",5,4.8,4.5,1.5,0.341,20.2,9.0,0.444,5.9,4.7,0.797,40,30,35.7,1.8,2.2,5.1,2546,Carmelo Anthony,-2.7,24.2,6.6,1.0,0,NYK,1610612752,2.2,10,0.25
67,35.0,1.0,0.1,0.1,5,"2406,1610612765",0,2.2,2.8,1.1,0.379,5.1,2.1,0.407,0.8,0.7,0.902,78,48,20.8,0.3,1.5,0.6,2406,Caron Butler,-0.3,5.9,2.5,0.6,0,DET,1610612765,0.6,30,0.385
68,30.0,0.5,0.0,0.1,5,"201858,1610612765",0,0.9,1.4,0.3,0.182,2.3,0.7,0.283,0.0,0.0,0.0,23,16,8.6,0.0,0.9,0.3,201858,Cartier Martin,0.9,1.6,0.9,0.1,0,DET,1610612765,0.2,7,0.304
69,26.0,2.4,0.3,0.6,5,"202718,1610612742",3,3.9,5.3,2.0,0.38,12.6,5.8,0.462,2.9,2.1,0.72,66,25,33.1,1.0,2.1,2.8,202718,Chandler Parsons,3.1,15.7,4.9,1.0,0,DAL,1610612742,1.5,41,0.621
70,32.0,1.3,0.5,0.1,5,"101112,1610612753",2,3.5,4.6,1.8,0.393,6.5,2.5,0.392,0.5,0.4,0.886,75,52,24.9,0.4,2.5,1.1,101112,Channing Frye,-3.3,7.3,3.9,0.6,0,ORL,1610612753,1.0,23,0.307
71,32.0,0.7,0.1,0.2,5,"101236,1610612761",0,1.1,0.0,0.0,0.0,1.6,0.8,0.478,0.4,0.2,0.545,29,12,8.8,0.6,1.3,0.4,101236,Charles Hayes,1.3,1.7,1.8,0.3,0,TOR,1610612761,0.3,17,0.586
72,30.0,0.3,0.3,0.2,5,"101111,1610612742",0,1.9,3.5,1.3,0.376,5.7,2.3,0.414,0.5,0.3,0.571,64,27,10.6,0.5,1.0,0.4,101111,Charlie Villanueva,-0.9,6.3,2.3,0.2,0,DAL,1610612742,0.4,37,0.578
73,27.0,1.0,0.1,0.4,5,"201978,1610612750",0,2.5,2.1,0.8,0.364,5.8,2.5,0.433,1.2,1.0,0.827,67,59,19.2,0.5,1.1,0.9,201978,Chase Budinger,-3.9,6.8,3.0,0.7,0,MIN,1610612750,0.7,8,0.119
74,36.0,0.7,1.0,0.4,5,"2365,1610612748",1,3.7,0.2,0.1,0.308,3.5,2.0,0.58,1.9,1.3,0.667,60,33,18.9,1.3,1.5,1.8,2365,Chris Andersen,-0.1,5.3,5.0,0.4,0,MIA,1610612748,0.7,27,0.45
75,31.0,2.2,0.6,0.7,5,"2547,1610612748",7,6.0,3.8,1.4,0.375,16.9,7.8,0.46,5.3,4.1,0.772,44,25,35.4,1.0,1.6,3.5,2547,Chris Bosh,-2.3,21.1,7.0,0.9,0,MIA,1610612748,2.2,19,0.432
76,31.0,1.0,0.2,0.5,5,"203142,1610612754",1,1.8,3.3,1.0,0.311,6.2,2.2,0.361,0.9,0.7,0.733,50,31,16.6,0.5,1.6,1.0,203142,Chris Copeland,-0.6,6.2,2.2,0.2,0,IND,1610612754,1.2,19,0.38
77,28.0,0.3,0.0,0.3,5,"201604,1610612746",0,0.9,0.6,0.1,0.143,1.8,0.4,0.238,0.7,0.7,1.0,12,7,8.5,0.1,1.2,0.4,201604,Chris Douglas-Roberts,-1.3,1.6,1.0,0.1,0,LAC,1610612746,0.0,5,0.417
78,25.0,0.5,0.2,0.3,5,"203187,1610612762",0,1.6,3.3,1.0,0.295,5.3,2.1,0.403,0.6,0.5,0.875,29,20,18.2,0.3,1.5,0.7,203187,Chris Johnson,-1.1,5.7,1.9,0.9,0,UTA,1610612762,0.5,9,0.31
79,33.0,0.9,0.7,0.5,5,"2549,1610612757",4,4.5,0.0,0.0,0.0,7.4,3.8,0.515,1.4,1.0,0.706,74,27,18.9,2.0,1.9,1.3,2549,Chris Kaman,-0.1,8.6,6.5,0.2,0,POR,1610612757,1.5,47,0.635
80,30.0,10.2,0.2,0.3,5,"101108,1610612746",40,4.0,4.3,1.7,0.398,14.3,6.9,0.485,3.9,3.5,0.9,82,26,34.8,0.6,2.5,3.6,101108,Chris Paul,9.0,19.1,4.6,1.9,1,LAC,1610612746,2.3,56,0.683
81,24.0,0.9,0.3,0.4,5,"203921,1610612752",0,1.9,2.2,0.6,0.262,5.5,1.9,0.355,1.2,0.9,0.75,39,33,16.6,0.6,1.5,1.1,203921,Cleanthony Early,-4.1,5.4,2.5,0.6,0,NYK,1610612752,1.0,6,0.154
82,21.0,0.2,0.8,0.3,5,"203991,1610612745",0,2.2,0.0,0.0,0.0,2.4,1.2,0.483,1.9,0.3,0.174,12,4,7.5,0.8,1.2,1.1,203991,Clint Capela,0.7,2.7,3.0,0.1,0,HOU,1610612745,0.4,8,0.667
83,22.0,1.6,0.8,0.7,5,"203469,1610612766",2,4.3,0.0,0.0,1.0,6.0,2.8,0.461,2.6,2.0,0.774,62,35,24.0,1.6,2.5,2.4,203469,Cody Zeller,0.3,7.6,5.8,0.5,0,CHA,1610612766,1.0,27,0.435
84,26.0,1.2,1.1,0.2,5,"202332,1610612752",6,3.9,0.0,0.0,0.0,4.9,2.4,0.478,1.0,0.8,0.781,61,50,16.0,1.7,2.0,1.0,202332,Cole Aldrich,-4.5,5.5,5.5,0.6,0,NYK,1610612752,1.0,11,0.18
85,29.0,2.2,0.2,0.7,5,"201147,1610612745",3,2.7,2.9,0.8,0.268,10.1,4.3,0.426,2.8,2.1,0.743,80,38,26.1,1.0,2.2,2.4,201147,Corey Brewer,-0.4,11.5,3.7,1.4,0,HOU,1610612745,1.6,42,0.525
86,24.0,0.3,0.4,0.3,5,"203928,1610612751",1,2.0,0.3,0.0,0.133,3.3,1.5,0.449,1.1,0.6,0.574,50,32,10.6,0.9,1.2,0.8,203928,Cory Jefferson,1.5,3.7,2.9,0.2,0,BKN,1610612751,0.4,18,0.36
87,23.0,2.4,0.2,0.4,5,"202709,1610612759",0,1.9,0.6,0.2,0.364,5.2,2.6,0.504,1.8,1.3,0.734,79,26,18.3,0.6,1.3,1.8,202709,Cory Joseph,2.2,6.8,2.4,0.6,0,SAS,1610612759,0.8,53,0.671
88,29.0,2.0,0.2,0.2,5,"201584,1610612763",0,2.0,2.9,1.2,0.402,8.4,3.7,0.448,1.7,1.4,0.86,77,26,30.6,0.3,1.7,0.9,201584,Courtney Lee,1.6,10.1,2.3,1.0,0,MEM,1610612763,1.0,51,0.662
89,27.0,4.3,0.0,0.6,5,"201571,1610612760",4,1.7,3.0,1.0,0.337,7.9,3.1,0.399,2.5,2.2,0.868,82,45,23.9,0.2,1.1,2.5,201571,D.J. Augustin,-0.9,9.5,2.0,0.6,0,OKC,1610612760,1.8,37,0.451
90,34.0,0.1,0.0,0.0,5,"2563,1610612746",0,0.3,0.1,0.0,0.0,0.6,0.2,0.286,0.3,0.3,0.818,33,10,3.7,0.0,0.7,0.3,2563,Dahntay Jones,-2.5,0.6,0.3,0.1,0,LAC,1610612746,0.0,23,0.697
91,24.0,6.2,0.3,0.8,5,"203081,1610612757",6,4.0,7.0,2.4,0.343,16.6,7.2,0.434,4.9,4.2,0.864,82,31,35.7,0.6,2.0,4.4,203081,Damian Lillard,3.7,21.0,4.6,1.2,0,POR,1610612757,2.7,51,0.622
92,29.0,0.8,0.1,0.1,5,"204014,1610612754",0,0.6,2.5,1.0,0.406,3.9,1.8,0.452,0.3,0.2,0.696,68,40,15.4,0.1,1.2,0.4,204014,Damjan Rudez,0.5,4.8,0.7,0.2,0,IND,1610612754,0.7,28,0.412
93,26.0,1.4,0.3,0.6,5,"201568,1610612743",0,3.2,5.1,1.8,0.355,9.6,3.9,0.401,3.2,2.9,0.895,59,36,24.2,0.5,1.6,3.1,201568,Danilo Gallinari,0.3,12.4,3.7,0.8,0,DEN,1610612743,1.0,23,0.39
94,32.0,0.6,0.2,0.3,5,"101122,1610612756",0,2.0,2.8,1.0,0.357,5.4,2.2,0.401,1.2,0.9,0.757,30,19,20.4,0.7,2.2,1.0,101122,Danny Granger,-3.5,6.3,2.7,0.4,0,PHX,1610612756,0.8,11,0.367
95,28.0,2.0,1.1,0.2,5,"201980,1610612759",2,3.6,5.6,2.4,0.418,9.1,4.0,0.436,1.6,1.4,0.874,81,26,28.5,0.7,2.0,1.2,201980,Danny Green,5.3,11.7,4.2,1.2,0,SAS,1610612759,1.1,55,0.679
96,28.0,0.8,0.6,0.4,5,"201967,1610612740",1,2.8,0.2,0.0,0.1,5.1,2.3,0.457,0.7,0.4,0.617,66,29,25.0,1.1,1.5,0.6,201967,Dante Cunningham,-0.5,5.2,3.9,0.7,0,NOP,1610612740,0.5,37,0.561
97,19.0,2.4,0.2,0.0,5,"203957,1610612762",0,1.3,3.2,1.0,0.314,5.1,1.8,0.349,0.4,0.2,0.625,82,44,22.2,0.3,1.8,0.8,203957,Dante Exum,1.1,4.8,1.6,0.5,0,UTA,1610612762,1.4,38,0.463
98,25.0,0.4,0.0,0.0,5,"203121,1610612740",0,0.2,0.2,0.0,0.0,1.4,0.2,0.143,0.0,0.0,0.0,5,4,8.7,0.0,1.6,0.0,203121,Darius Miller,-2.4,0.4,0.2,0.2,0,NOP,1610612740,0.2,1,0.2
99,24.0,1.3,0.0,0.1,5,"202721,1610612751",0,0.5,0.9,0.2,0.212,2.8,0.9,0.34,0.2,0.1,0.444,38,24,7.9,0.2,0.5,0.4,202721,Darius Morris,-1.7,2.2,0.7,0.2,0,BKN,1610612751,0.6,14,0.368
100,27.0,1.0,0.4,0.2,5,"201589,1610612743",2,2.0,1.9,0.4,0.236,6.6,2.7,0.404,1.0,0.8,0.78,58,36,17.0,0.9,2.5,0.9,201589,Darrell Arthur,-0.2,6.6,2.9,0.8,0,DEN,1610612743,0.8,22,0.379
101,27.0,5.6,0.3,0.6,5,"201954,1610612758",3,2.8,3.6,1.3,0.373,12.2,5.8,0.473,4.1,3.2,0.788,45,29,34.8,0.4,2.1,3.2,201954,Darren Collison,0.8,16.1,3.2,1.5,0,SAC,1610612758,2.5,16,0.356
102,32.0,1.7,0.5,0.4,5,"101135,1610612744",1,3.6,0.0,0.0,0.0,6.4,3.3,0.511,2.1,1.4,0.654,49,12,18.5,1.7,1.7,1.4,101135,David Lee,0.5,7.9,5.2,0.6,0,GSW,1610612744,1.0,37,0.755
103,24.0,3.0,0.0,0.0,5,"204065,1610612758",0,0.7,0.7,0.3,0.5,2.0,0.7,0.333,2.0,1.0,0.5,3,2,11.0,0.0,0.3,1.0,204065,David Stockton,7.7,2.7,0.7,0.7,0,SAC,1610612758,1.3,1,0.333
104,24.0,0.5,0.0,0.0,5,"204033,1610612758",0,0.0,0.5,0.0,0.0,1.0,0.0,0.0,0.0,0.0,0.0,2,2,3.5,1.0,0.5,0.0,204033,David Wear,-4.5,0.0,1.0,0.0,0,SAC,1610612758,0.0,0,0.0
105,34.0,3.4,0.7,0.4,5,"2561,1610612754",7,5.2,0.3,0.1,0.2,10.4,4.9,0.471,2.4,1.8,0.739,66,34,28.7,1.6,2.4,2.3,2561,David West,-0.3,11.7,6.8,0.7,0,IND,1610612754,1.8,32,0.485
106,26.0,0.7,2.2,0.2,5,"201599,1610612746",47,10.1,0.0,0.0,0.25,6.5,4.6,0.71,5.7,2.3,0.397,82,26,34.4,4.8,3.0,4.6,201599,DeAndre Jordan,7.6,11.5,15.0,1.0,0,LAC,1610612746,1.3,56,0.683
107,26.0,0.1,0.0,0.2,5,"201971,1610612764",0,1.4,0.0,0.0,0.0,2.0,0.9,0.456,0.2,0.1,0.667,29,14,6.2,0.6,1.4,0.3,201971,DeJuan Blair,-2.1,1.9,1.9,0.2,0,WAS,1610612764,0.4,15,0.517
108,25.0,3.5,0.2,1.2,5,"201942,1610612761",4,3.9,1.5,0.4,0.284,16.5,6.8,0.413,7.2,6.0,0.832,60,23,35.0,0.7,2.0,4.9,201942,DeMar DeRozan,2.2,20.1,4.6,1.2,0,TOR,1610612761,2.3,37,0.617
109,24.0,3.6,1.7,1.8,5,"202326,1610612758",47,9.5,0.1,0.0,0.25,18.1,8.4,0.467,9.2,7.2,0.782,59,36,34.1,3.1,4.1,8.8,202326,DeMarcus Cousins,1.1,24.1,12.7,1.5,2,SAC,1610612758,4.3,23,0.39
110,28.0,1.7,0.2,0.6,5,"201960,1610612737",3,3.9,4.3,1.7,0.395,9.3,4.5,0.487,2.6,1.8,0.702,70,17,31.3,1.4,2.2,2.2,201960,DeMarre Carroll,3.0,12.6,5.3,1.3,0,ATL,1610612737,1.1,53,0.757
111,21.0,4.1,0.1,1.0,5,"203471,1610612737",5,1.8,1.9,0.7,0.351,8.6,3.7,0.427,2.3,1.9,0.827,77,20,19.7,0.4,1.6,2.2,203471,Dennis Schroder,0.1,10.0,2.1,0.6,0,ATL,1610612737,1.9,57,0.74
112,31.0,6.6,0.3,0.5,5,"101114,1610612751",11,3.1,3.5,1.3,0.367,11.3,4.4,0.387,3.5,3.0,0.834,68,34,31.1,0.4,2.3,3.1,101114,Deron Williams,-0.2,13.0,3.5,0.9,0,BKN,1610612751,2.3,34,0.5
113,23.0,1.5,1.7,0.9,5,"202324,1610612762",23,5.6,0.1,0.0,0.167,12.4,6.5,0.525,4.5,3.0,0.669,74,41,30.8,2.6,2.8,3.3,202324,Derrick Favors,0.8,16.0,8.2,0.8,0,UTA,1610612762,1.6,33,0.446
114,26.0,4.9,0.3,1.0,5,"201565,1610612741",4,2.5,5.3,1.5,0.28,16.4,6.6,0.405,3.7,3.0,0.813,51,18,30.0,0.7,1.2,2.8,201565,Derrick Rose,2.4,17.7,3.2,0.7,0,CHI,1610612741,3.2,33,0.647
115,24.0,0.7,0.1,0.5,5,"202682,1610612758",1,2.2,2.1,0.7,0.314,6.6,2.9,0.447,2.6,1.8,0.684,74,47,19.8,0.6,0.9,1.6,202682,Derrick Williams,-3.6,8.3,2.7,0.5,0,SAC,1610612758,0.8,27,0.365
116,32.0,3.1,0.2,0.3,5,"2734,1610612742",0,1.6,3.5,1.3,0.357,6.9,2.9,0.418,2.1,1.7,0.815,76,31,22.2,0.2,1.9,2.5,2734,Devin Harris,1.3,8.8,1.8,1.0,0,DAL,1610612742,1.1,45,0.592
117,22.0,1.1,0.1,0.2,5,"203906,1610612753",0,1.6,1.4,0.3,0.182,2.8,0.9,0.318,1.0,0.3,0.313,16,13,13.0,0.3,0.9,0.6,203906,Devyn Marble,-1.0,2.3,1.9,0.6,0,ORL,1610612753,0.6,3,0.188
118,25.0,0.2,0.8,0.3,5,"203473,1610612753",2,3.0,0.0,0.0,0.0,2.7,1.5,0.562,1.1,0.6,0.531,59,42,14.3,2.0,2.4,0.9,203473,Dewayne Dedmon,-0.4,3.7,5.0,0.3,0,ORL,1610612753,0.9,17,0.288
119,23.0,2.0,0.3,0.7,5,"203079,1610612760",1,1.9,3.1,0.9,0.297,11.8,4.7,0.396,2.2,1.5,0.68,80,34,27.6,0.5,1.9,1.8,203079,Dion Waiters,0.7,11.8,2.4,1.1,0,OKC,1610612760,1.4,46,0.575
120,37.0,1.9,0.4,0.3,5,"1717,1610612742",6,5.4,3.6,1.4,0.38,13.8,6.3,0.459,3.8,3.3,0.882,77,30,29.6,0.6,2.1,3.9,1717,Dirk Nowitzki,3.1,17.3,5.9,0.5,0,DAL,1610612742,1.1,47,0.61
121,27.0,3.6,0.0,0.6,5,"202388,1610612754",1,2.5,2.5,0.8,0.313,6.7,2.7,0.408,1.5,1.1,0.779,53,31,20.9,0.2,0.9,1.2,202388,Donald Sloan,-1.6,7.4,2.7,0.4,0,IND,1610612754,1.2,22,0.415
122,24.0,1.8,0.5,0.6,5,"202700,1610612745",7,4.0,1.9,0.7,0.368,9.9,5.0,0.504,2.3,1.4,0.602,71,23,28.7,1.9,2.9,3.2,202700,Donatas Motiejunas,1.4,12.0,5.9,0.8,0,HOU,1610612745,1.7,48,0.676
123,29.0,0.9,0.2,0.1,5,"2748,1610612757",0,2.0,2.3,0.9,0.38,4.0,1.5,0.379,0.9,0.7,0.81,48,20,12.3,0.3,1.1,0.8,2748,Dorell Wright,1.6,4.6,2.3,0.4,0,POR,1610612757,0.4,28,0.583
124,23.0,0.2,0.0,0.2,5,"203926,1610612741",0,1.0,1.1,0.4,0.317,3.0,1.2,0.402,0.4,0.3,0.667,36,13,8.9,0.2,0.8,0.5,203926,Doug McDermott,-2.3,3.0,1.2,0.1,0,CHI,1610612741,0.5,23,0.639
125,25.0,3.7,1.3,0.4,5,"203110,1610612744",18,6.7,4.2,1.4,0.337,9.7,4.3,0.443,2.5,1.7,0.66,79,15,31.5,1.4,3.2,2.6,203110,Draymond Green,10.6,11.7,8.2,1.6,1,GSW,1610612744,1.7,64,0.81
126,33.0,1.0,0.2,0.3,5,"2400,1610612764",2,3.0,1.2,0.5,0.39,5.4,2.2,0.399,0.9,0.7,0.773,51,20,16.9,1.4,1.8,1.1,2400,Drew Gooden,0.0,5.4,4.4,0.4,0,WAS,1610612764,0.5,31,0.608
127,24.0,0.2,0.0,0.1,5,"204079,1610612755",0,1.2,0.3,0.0,0.0,2.1,0.9,0.421,0.2,0.1,0.5,9,9,7.9,0.8,0.8,0.8,204079,Drew Gordon,-3.8,1.9,2.0,0.1,0,PHI,1610612755,0.9,0,0.0
128,26.0,2.3,0.0,0.8,5,"202779,1610612747",0,1.7,1.8,1.2,0.636,6.7,3.0,0.45,1.7,1.5,0.9,6,5,20.5,0.3,0.5,1.7,202779,Dwight Buycks,-4.0,8.7,2.0,0.5,0,LAL,1610612747,2.0,1,0.167
129,29.0,1.2,1.3,0.9,5,"2730,1610612745",23,7.8,0.0,0.0,0.5,10.3,6.1,0.593,6.6,3.5,0.528,41,12,29.8,2.7,3.3,5.6,2730,Dwight Howard,5.2,15.8,10.5,0.7,0,HOU,1610612745,2.8,29,0.707
130,23.0,0.3,0.2,0.2,5,"203939,1610612742",0,1.1,0.4,0.1,0.273,2.3,1.1,0.463,1.1,0.9,0.758,29,18,8.2,0.6,1.4,1.0,203939,Dwight Powell,0.0,3.1,1.7,0.3,0,DAL,1610612742,0.4,11,0.379
131,33.0,4.8,0.3,0.7,5,"2548,1610612748",3,2.6,1.6,0.5,0.284,17.5,8.2,0.47,6.0,4.6,0.768,62,34,31.8,0.9,1.7,4.1,2548,Dwyane Wade,-0.9,21.5,3.5,1.2,0,MIA,1610612748,3.4,28,0.452
132,26.0,0.6,0.1,0.2,5,"202734,1610612741",0,0.6,0.7,0.2,0.342,2.5,1.1,0.446,0.4,0.2,0.6,56,20,9.0,0.2,0.8,0.4,202734,E'Twaun Moore,-0.5,2.7,0.8,0.4,0,CHI,1610612741,0.3,36,0.643
133,33.0,0.3,0.1,0.1,5,"2853,1610612756",0,0.9,0.3,0.1,0.5,2.4,0.8,0.308,0.8,0.4,0.5,16,11,8.9,0.9,1.6,0.7,2853,Earl Barron,-3.6,2.0,1.8,0.3,0,PHX,1610612756,0.3,5,0.313
134,27.0,0.3,0.4,0.0,5,"201947,1610612751",0,2.2,1.4,0.4,0.286,3.0,1.1,0.367,0.4,0.1,0.25,10,4,9.3,0.1,1.2,0.4,201947,Earl Clark,-2.8,2.7,2.3,0.3,0,BKN,1610612751,0.6,6,0.6
135,26.0,1.2,1.2,0.6,5,"202334,1610612747",6,4.7,0.0,0.0,0.0,5.9,3.6,0.601,2.4,1.2,0.487,79,59,23.3,2.9,2.6,1.8,202334,Ed Davis,-3.4,8.3,7.6,0.6,0,LAL,1610612747,0.7,20,0.253
136,28.0,0.2,0.2,0.1,5,"202327,1610612746",0,0.6,0.0,0.0,0.0,0.7,0.3,0.458,0.3,0.2,0.778,33,9,3.9,0.2,0.6,0.2,202327,Ekpe Udoh,-0.3,0.9,0.8,0.2,0,LAC,1610612746,0.2,24,0.727
137,21.0,6.5,0.2,1.2,5,"203901,1610612753",12,3.0,0.5,0.1,0.262,8.6,3.7,0.425,2.6,1.4,0.551,82,57,30.4,1.3,2.4,2.6,203901,Elfrid Payton,-2.5,8.9,4.3,1.7,2,ORL,1610612753,2.5,25,0.305
138,27.0,1.2,0.3,0.6,5,"202407,1610612762",0,2.6,1.9,0.6,0.311,5.1,1.7,0.34,1.8,1.2,0.674,47,22,19.7,0.6,2.6,1.5,202407,Elijah Millsap,1.1,5.3,3.2,1.2,0,UTA,1610612762,1.4,25,0.532
139,26.0,0.9,0.0,0.2,5,"202343,1610612755",0,0.6,1.4,0.6,0.444,2.8,1.1,0.378,0.3,0.1,0.25,13,7,9.1,0.0,0.9,0.4,202343,Elliot Williams,0.6,2.8,0.6,0.3,0,PHI,1610612755,0.3,6,0.462
140,36.0,0.6,0.7,0.1,5,"1882,1610612737",0,2.0,0.0,0.0,0.0,2.6,1.2,0.442,0.6,0.3,0.522,36,11,13.5,0.8,1.5,1.0,1882,Elton Brand,0.1,2.7,2.8,0.5,0,ATL,1610612737,0.5,25,0.694
141,23.0,0.7,0.4,1.0,5,"202683,1610612760",31,5.3,0.6,0.2,0.356,12.4,6.4,0.519,3.1,2.4,0.782,75,43,28.5,3.7,2.5,2.6,202683,Enes Kanter,-0.4,15.5,8.9,0.5,0,OKC,1610612760,1.9,32,0.427
142,25.0,6.1,0.6,0.6,5,"202339,1610612756",13,4.3,3.4,1.1,0.324,12.9,5.8,0.447,5.4,4.4,0.8,81,42,34.6,0.9,2.3,4.7,202339,Eric Bledsoe,0.5,17.0,5.2,1.6,2,PHX,1610612756,3.4,39,0.481
143,26.0,3.8,0.2,0.7,5,"201569,1610612740",1,2.1,5.2,2.3,0.448,11.4,4.7,0.411,2.2,1.8,0.805,61,26,33.1,0.5,2.4,2.0,201569,Eric Gordon,1.1,13.4,2.6,0.8,0,NOP,1610612740,2.0,35,0.574
144,23.0,0.0,0.0,0.0,5,"203961,1610612758",0,0.3,0.0,0.0,0.0,0.3,0.3,1.0,0.0,0.0,0.0,3,3,0.7,0.0,0.3,0.0,203961,Eric Moreland,0.3,0.7,0.3,0.0,0,SAC,1610612758,0.0,0,0.0
145,24.0,0.9,0.0,0.1,5,"203475,1610612743",0,0.6,1.1,0.3,0.298,3.8,1.4,0.377,0.3,0.2,0.833,43,28,9.5,0.2,0.6,0.3,203475,Erick Green,-1.9,3.4,0.7,0.3,0,DEN,1610612743,0.3,15,0.349
146,28.0,1.0,0.3,0.5,5,"101141,1610612749",6,3.4,3.3,1.3,0.389,9.6,4.5,0.472,1.8,1.2,0.645,58,32,22.7,1.4,2.6,2.7,101141,Ersan Ilyasova,0.4,11.5,4.8,0.6,0,MIL,1610612749,0.8,26,0.448
147,22.0,2.1,0.0,0.6,5,"203095,1610612753",0,2.2,3.9,1.5,0.378,9.9,4.4,0.44,2.5,1.8,0.728,58,39,28.6,0.5,2.0,2.2,203095,Evan Fournier,-2.5,12.0,2.6,0.7,0,ORL,1610612753,1.4,19,0.328
148,26.0,5.5,0.2,0.5,5,"202323,1610612738",7,4.6,1.5,0.4,0.277,9.1,3.9,0.429,1.7,1.3,0.752,82,42,27.6,0.5,2.2,1.6,202323,Evan Turner,-1.2,9.5,5.1,1.0,3,BOS,1610612738,2.4,40,0.488
149,25.0,0.2,0.9,0.4,5,"203105,1610612744",0,2.1,0.0,0.0,0.0,3.0,1.7,0.547,1.7,1.1,0.628,46,7,10.9,1.3,1.7,1.3,203105,Festus Ezeli,0.3,4.4,3.4,0.2,0,GSW,1610612744,0.7,39,0.848
150,33.0,1.1,0.4,0.1,5,"101128,1610612745",0,1.0,3.2,0.7,0.222,4.5,1.2,0.27,0.3,0.1,0.25,14,4,14.3,0.2,1.4,0.7,101128,Francisco Garcia,-0.7,3.2,1.2,0.6,0,HOU,1610612745,0.7,10,0.714
151,23.0,0.7,0.4,0.2,5,"203128,1610612755",1,2.4,0.1,0.0,0.0,1.9,1.0,0.513,0.7,0.3,0.481,41,32,13.2,1.9,2.3,0.9,203128,Furkan Aldemir,-2.5,2.3,4.3,0.4,0,PHI,1610612755,0.4,9,0.22
152,27.0,3.3,0.0,0.8,5,"203539,1610612742",0,0.3,0.8,0.0,0.0,5.0,0.8,0.15,0.0,0.0,0.0,4,2,10.9,0.0,0.3,0.3,203539,Gal Mekel,0.5,1.5,0.3,0.5,0,DAL,1610612742,0.5,2,0.5
153,29.0,1.1,0.2,0.2,5,"202066,1610612764",0,1.3,1.7,0.6,0.375,3.3,1.3,0.4,0.9,0.7,0.729,52,24,14.1,0.5,1.5,1.0,202066,Garrett Temple,-0.9,3.9,1.7,0.8,0,WAS,1610612764,0.7,28,0.538
154,20.0,0.5,0.1,0.3,5,"203914,1610612743",0,0.8,1.9,0.4,0.204,3.9,1.2,0.304,0.9,0.6,0.745,55,37,13.1,0.4,1.3,0.7,203914,Gary Harris,-3.2,3.4,1.2,0.7,0,DEN,1610612743,0.7,18,0.327
155,30.0,1.9,0.0,0.5,5,"202390,1610612750",0,2.1,3.0,0.9,0.305,9.3,3.5,0.374,2.5,2.2,0.867,54,30,22.1,0.3,1.6,1.9,202390,Gary Neal,-1.9,10.1,2.4,0.4,0,MIN,1610612750,1.2,24,0.444
156,29.0,5.1,0.3,0.6,5,"201588,1610612754",2,3.6,4.5,1.6,0.358,12.4,5.9,0.477,3.3,2.6,0.79,43,17,29.5,0.6,2.6,3.4,201588,George Hill,3.7,16.1,4.2,1.0,1,IND,1610612754,1.6,26,0.605
157,29.0,1.2,0.2,0.2,5,"101123,1610612756",0,2.1,5.2,1.9,0.354,10.5,4.4,0.416,1.6,1.3,0.825,74,40,19.5,0.4,2.0,1.5,101123,Gerald Green,-0.1,11.9,2.5,0.6,0,PHX,1610612756,1.4,34,0.459
158,27.0,2.6,0.3,0.4,5,"201945,1610612766",2,3.0,1.7,0.6,0.331,10.6,4.6,0.437,2.7,2.3,0.848,80,48,28.9,0.5,1.7,2.8,201945,Gerald Henderson,-0.4,12.1,3.4,0.6,0,CHA,1610612766,1.4,32,0.4
159,32.0,0.3,0.1,0.2,5,"2222,1610612738",0,1.3,0.1,0.0,0.333,1.1,0.4,0.412,0.5,0.2,0.4,32,17,8.9,0.5,0.6,0.7,2222,Gerald Wallace,0.9,1.1,1.8,0.5,0,BOS,1610612738,0.6,15,0.469
160,20.0,2.6,1.0,0.8,5,"203507,1610612749",10,5.5,0.5,0.1,0.159,9.6,4.7,0.491,4.3,3.2,0.741,81,40,31.4,1.2,3.1,3.5,203507,Giannis Antetokounmpo,0.1,12.7,6.7,0.9,0,MIL,1610612749,2.1,41,0.506
161,27.0,0.4,0.3,0.0,5,"203540,1610612738",0,1.2,1.9,0.9,0.45,4.2,2.0,0.483,0.0,0.0,1.0,21,10,10.0,0.1,0.7,0.4,203540,Gigi Datome,3.2,5.0,1.4,0.1,0,BOS,1610612738,0.4,11,0.524
162,29.0,0.5,0.3,0.4,5,"201175,1610612746",0,1.7,0.1,0.0,0.0,3.4,1.6,0.459,1.3,0.8,0.632,74,22,12.2,0.6,1.8,1.1,201175,Glen Davis,-1.1,4.0,2.3,0.6,0,LAC,1610612746,0.5,52,0.703
163,24.0,0.4,0.0,0.2,5,"203318,1610612764",0,0.4,1.4,0.2,0.143,3.0,0.6,0.2,1.2,0.8,0.667,5,1,8.5,0.4,2.2,1.4,203318,Glen Rice Jr.,-4.6,2.2,0.8,0.0,0,WAS,1610612764,0.4,4,0.8
164,21.0,0.3,0.0,0.1,5,"203922,1610612755",0,0.7,0.5,0.1,0.263,1.9,0.7,0.388,0.7,0.5,0.667,35,33,7.5,0.4,0.4,0.5,203922,Glenn Robinson,0.8,2.1,1.1,0.2,0,PHI,1610612755,0.3,2,0.057
165,29.0,4.5,0.2,0.6,5,"201609,1610612748",4,2.5,3.3,1.2,0.347,12.8,6.4,0.501,3.0,2.3,0.774,78,37,33.8,1.0,2.5,2.9,201609,Goran Dragic,0.2,16.3,3.5,1.0,0,MIA,1610612748,2.2,41,0.526
166,25.0,4.1,0.4,0.8,5,"202330,1610612762",2,4.2,4.3,1.6,0.364,14.3,6.4,0.445,6.1,4.9,0.812,76,41,34.4,0.7,1.7,4.9,202330,Gordon Hayward,1.4,19.3,4.9,1.4,0,UTA,1610612762,2.7,35,0.461
167,25.0,2.0,1.7,0.8,5,"203476,1610612750",18,5.3,0.1,0.0,0.167,7.0,3.5,0.506,3.3,2.6,0.783,73,57,30.0,3.1,2.6,2.7,203476,Gorgui Dieng,-5.3,9.7,8.3,1.0,0,MIN,1610612750,1.7,16,0.219
168,21.0,0.4,0.3,0.0,5,"203511,1610612762",0,0.9,1.9,0.1,0.067,3.3,0.9,0.269,0.1,0.1,1.0,8,2,6.4,0.3,1.4,0.1,203511,Grant Jerrett,-2.5,2.0,1.1,0.3,0,UTA,1610612762,0.4,6,0.75
169,25.0,2.1,0.5,1.2,5,"202328,1610612765",35,6.9,0.0,0.0,0.0,12.4,6.1,0.496,4.9,3.7,0.75,69,44,31.0,3.3,2.1,4.0,202328,Greg Monroe,-0.4,15.9,10.2,1.1,0,DET,1610612765,2.2,25,0.362
170,24.0,0.2,0.3,0.2,5,"202962,1610612742",0,1.3,0.0,0.0,0.0,1.2,0.7,0.612,0.9,0.5,0.513,42,15,8.6,0.6,1.3,0.6,202962,Greg Smith,-0.6,1.9,1.9,0.2,0,DAL,1610612742,0.3,27,0.643
171,29.0,0.2,0.0,0.0,5,"201880,1610612761",0,0.4,0.0,0.0,0.0,0.5,0.4,0.75,0.2,0.1,0.5,17,4,3.9,0.5,0.9,0.2,201880,Greg Stiemsma,-1.6,0.8,0.9,0.1,0,TOR,1610612761,0.4,13,0.765
172,28.0,3.7,0.1,0.4,5,"202349,1610612761",0,2.4,4.3,1.6,0.379,8.8,3.6,0.408,0.8,0.6,0.758,82,33,24.3,0.3,2.2,1.0,202349,Greivis Vasquez,0.9,9.5,2.6,0.6,0,TOR,1610612761,1.5,49,0.598
173,23.0,1.4,0.2,0.4,5,"203084,1610612744",6,4.1,2.6,1.1,0.405,8.0,3.9,0.482,1.8,1.3,0.72,82,15,28.3,1.4,1.8,1.4,203084,Harrison Barnes,6.5,10.1,5.5,0.7,0,GSW,1610612744,0.9,67,0.817
174,26.0,0.1,2.6,0.6,5,"202355,1610612748",22,7.0,0.0,0.0,0.0,8.1,5.1,0.628,3.3,1.6,0.5,48,30,23.8,3.0,2.7,3.0,202355,Hassan Whiteside,-1.1,11.8,10.0,0.6,1,MIA,1610612748,1.2,18,0.375
175,36.0,0.6,0.1,0.0,5,"2045,1610612746",0,1.5,2.2,1.0,0.432,3.0,1.3,0.441,0.2,0.1,0.545,62,20,11.4,0.1,1.1,0.3,2045,Hedo Turkoglu,0.2,3.7,1.6,0.3,0,LAC,1610612746,0.5,42,0.677
176,25.0,1.1,0.4,0.4,5,"203156,1610612755",4,3.3,0.3,0.1,0.182,6.9,3.3,0.474,1.9,1.5,0.774,73,59,19.2,1.7,1.8,1.5,203156,Henry Sims,-4.5,8.0,4.9,0.5,0,PHI,1610612755,1.4,14,0.192
177,27.0,1.2,0.4,0.4,5,"201611,1610612748",0,3.1,5.5,1.9,0.341,7.0,2.4,0.345,0.8,0.6,0.778,24,12,26.1,0.3,3.2,1.0,201611,Henry Walker,0.0,7.3,3.4,1.0,0,MIA,1610612748,1.0,12,0.5
178,24.0,1.2,0.4,0.4,5,"203138,1610612755",0,2.0,4.0,1.6,0.401,7.6,3.2,0.413,1.3,0.9,0.708,71,58,25.0,0.7,2.0,1.0,203138,Hollis Thompson,-4.8,8.8,2.8,0.8,0,PHI,1610612755,0.9,13,0.183
179,24.0,0.4,0.1,0.1,5,"203546,1610612743",0,0.4,1.0,0.3,0.333,1.8,0.6,0.345,0.3,0.3,1.0,30,21,6.4,0.1,0.7,0.3,203546,Ian Clark,-1.5,1.9,0.5,0.3,0,DEN,1610612743,0.3,9,0.3
180,28.0,0.5,0.8,0.3,5,"101133,1610612754",2,4.1,0.0,0.0,0.0,3.5,1.9,0.552,1.7,0.5,0.304,61,33,18.8,1.7,2.8,1.8,101133,Ian Mahinmi,-0.1,4.3,5.8,0.5,0,IND,1610612754,1.0,28,0.459
181,25.0,2.2,0.3,0.2,5,"202697,1610612739",2,2.7,3.2,1.1,0.342,7.6,3.1,0.41,1.0,0.7,0.672,62,28,24.9,0.9,2.2,1.4,202697,Iman Shumpert,1.0,8.0,3.6,1.3,0,CLE,1610612739,1.5,34,0.548
182,24.0,2.1,0.1,0.6,5,"203477,1610612755",0,1.5,5.2,1.9,0.37,8.0,3.1,0.386,1.3,1.0,0.817,47,23,20.0,0.4,1.8,1.3,203477,Isaiah Canaan,-1.3,9.2,1.9,0.6,0,PHI,1610612755,1.3,24,0.511
183,26.0,4.2,0.1,0.8,5,"202738,1610612738",0,1.8,5.2,1.9,0.373,11.9,5.0,0.421,5.2,4.5,0.868,67,27,25.8,0.5,2.2,4.1,202738,Isaiah Thomas,2.6,16.4,2.3,0.9,0,BOS,1610612738,2.1,40,0.597
184,26.0,3.3,0.1,0.4,5,"202397,1610612755",0,1.5,1.1,0.3,0.3,6.7,2.6,0.39,1.0,0.6,0.596,55,31,15.1,0.3,0.9,1.2,202397,Ish Smith,-1.9,6.1,1.8,0.7,0,PHI,1610612755,1.4,24,0.436
185,29.0,2.8,0.3,0.2,5,"2747,1610612739",0,2.7,6.1,2.3,0.383,10.8,4.5,0.417,1.0,0.8,0.75,70,32,29.7,0.4,2.3,1.1,2747,J.R. Smith,2.3,12.1,3.1,1.2,0,CLE,1610612739,1.4,38,0.543
186,26.0,0.8,0.5,0.8,5,"201581,1610612743",9,4.1,0.0,0.0,0.0,6.3,3.0,0.475,2.8,1.6,0.577,73,47,19.3,2.1,1.9,1.9,201581,JJ Hickson,-3.2,7.6,6.2,0.5,0,DEN,1610612743,1.3,26,0.356
187,31.0,1.8,0.1,0.3,5,"200755,1610612746",0,1.9,5.9,2.6,0.437,12.0,5.7,0.477,2.6,2.3,0.901,78,23,30.9,0.3,1.7,2.1,200755,JJ Redick,8.0,16.4,2.1,0.5,0,LAC,1610612746,1.2,55,0.705
188,22.0,1.0,0.4,0.4,5,"203960,1610612755",0,1.7,1.7,0.4,0.244,4.7,2.0,0.422,1.3,0.9,0.67,74,57,15.3,0.5,1.8,1.1,203960,JaKarr Sampson,-4.5,5.2,2.2,0.5,0,PHI,1610612755,1.0,17,0.23
189,25.0,0.2,0.2,0.1,5,"203210,1610612763",0,1.1,0.3,0.0,0.0,2.0,1.1,0.574,0.4,0.3,0.8,24,14,6.8,0.8,1.0,0.4,203210,JaMychal Green,-1.0,2.6,1.9,0.2,0,MEM,1610612763,0.6,10,0.417
190,27.0,0.1,0.9,0.4,5,"201580,1610612743",0,1.9,0.0,0.0,0.0,3.4,1.8,0.532,1.4,1.0,0.667,23,15,11.1,0.8,1.3,1.3,201580,JaVale McGee,-3.0,4.6,2.7,0.1,0,DEN,1610612743,0.8,8,0.348
191,22.0,2.1,0.1,0.6,5,"203913,1610612747",0,1.7,3.3,1.2,0.371,8.9,3.7,0.412,4.5,3.4,0.753,19,15,29.9,0.2,1.7,3.4,203913,Jabari Brown,-6.7,11.9,1.9,0.6,0,LAL,1610612747,1.7,4,0.211
192,20.0,1.7,0.2,0.8,5,"203953,1610612749",2,3.5,0.6,0.2,0.25,10.5,5.2,0.49,2.6,1.8,0.697,25,12,29.5,2.0,1.7,2.4,203953,Jabari Parker,-4.7,12.3,5.5,1.2,0,MIL,1610612749,1.9,13,0.52
193,24.0,0.1,0.2,0.1,5,"204022,1610612762",0,0.9,0.0,0.0,0.0,1.4,0.6,0.409,1.3,0.6,0.429,16,6,5.4,0.6,1.4,1.1,204022,Jack Cooley,-0.3,1.7,1.6,0.4,0,UTA,1610612762,0.2,10,0.625
194,24.0,1.1,0.3,0.3,5,"203109,1610612738",0,2.7,2.5,0.7,0.293,6.6,2.8,0.42,1.7,1.3,0.773,82,35,20.1,0.9,1.7,1.4,203109,Jae Crowder,0.8,7.7,3.6,0.9,0,BOS,1610612738,0.6,47,0.573
195,23.0,1.0,0.3,0.0,5,"203479,1610612743",0,0.3,0.7,0.3,0.5,0.7,0.3,0.5,0.0,0.0,0.0,3,2,4.4,0.3,1.3,0.3,203479,Jamaal Franklin,-3.0,1.0,0.7,0.0,0,DEN,1610612743,1.0,1,0.333
196,35.0,2.5,0.2,0.3,5,"2037,1610612746",0,1.7,5.7,1.9,0.327,13.1,5.2,0.396,3.9,3.5,0.901,64,20,26.6,0.3,1.7,2.6,2037,Jamal Crawford,1.3,15.8,1.9,0.9,0,LAC,1610612746,1.4,44,0.688
197,33.0,4.0,0.1,0.3,5,"2749,1610612743",0,1.8,4.1,1.4,0.345,8.0,3.3,0.407,0.6,0.4,0.667,63,38,22.3,0.5,2.2,1.1,2749,Jameer Nelson,-0.2,8.3,2.3,0.7,0,DEN,1610612743,1.7,25,0.397
198,24.0,0.8,0.3,0.4,5,"203516,1610612748",1,2.0,1.5,0.5,0.326,4.0,1.6,0.409,1.5,1.3,0.84,62,35,17.0,0.8,1.4,1.1,203516,James Ennis,-0.1,5.0,2.8,0.4,0,MIA,1610612748,0.6,27,0.435
199,25.0,7.0,0.7,1.3,5,"201935,1610612745",21,4.7,6.9,2.6,0.375,18.1,8.0,0.44,10.2,8.8,0.868,81,25,36.8,0.9,2.6,6.7,201935,James Harden,4.1,27.4,5.7,1.9,4,HOU,1610612745,4.0,56,0.691
200,28.0,1.4,1.0,0.3,5,"201949,1610612761",2,2.8,0.7,0.2,0.216,5.8,3.4,0.589,1.5,1.0,0.657,70,30,19.6,0.9,2.2,1.1,201949,James Johnson,2.1,7.9,3.7,0.8,0,TOR,1610612761,1.1,40,0.571
201,34.0,0.4,0.1,0.1,5,"2592,1610612739",0,0.9,3.1,1.1,0.36,3.5,1.3,0.368,0.8,0.7,0.848,57,22,11.7,0.2,1.2,0.7,2592,James Jones,-1.9,4.4,1.1,0.2,0,CLE,1610612739,0.2,35,0.614
202,22.0,0.1,0.6,0.2,5,"203949,1610612744",0,1.5,0.0,0.0,0.0,2.9,1.6,0.545,1.7,0.9,0.56,15,4,9.1,1.0,1.4,1.3,203949,James Michael McAdoo,0.7,4.1,2.5,0.3,0,GSW,1610612744,0.4,11,0.733
203,19.0,0.4,0.1,0.0,5,"203923,1610612738",0,1.1,2.1,0.5,0.258,3.3,1.2,0.353,0.9,0.5,0.552,31,17,10.7,0.3,0.7,0.6,203923,James Young,0.1,3.4,1.4,0.3,0,BOS,1610612738,0.2,14,0.452
204,35.0,0.9,0.0,0.1,5,"2457,1610612766",0,0.3,2.4,1.0,0.409,3.9,1.7,0.429,0.2,0.2,1.0,9,7,8.1,0.0,0.9,0.6,2457,Jannero Pargo,-0.1,4.6,0.3,0.0,0,CHA,1610612766,0.3,2,0.222
205,24.0,0.5,0.0,0.1,5,"203099,1610612746",0,0.4,0.7,0.2,0.308,1.7,0.6,0.364,0.7,0.4,0.538,19,7,4.7,0.1,0.6,0.5,203099,Jared Cunningham,-0.3,1.8,0.5,0.2,0,LAC,1610612746,0.4,12,0.632
206,29.0,1.8,0.2,0.2,5,"201162,1610612749",0,2.4,2.7,1.0,0.385,5.9,2.8,0.468,0.9,0.7,0.716,72,33,23.8,0.6,1.6,1.2,201162,Jared Dudley,1.5,7.2,3.1,1.0,0,MIL,1610612749,0.9,39,0.542
207,23.0,2.3,0.7,0.6,5,"203096,1610612738",12,5.1,3.2,0.9,0.283,12.2,5.4,0.439,2.2,1.7,0.744,58,32,27.0,2.5,2.6,2.2,203096,Jared Sullinger,-0.3,13.3,7.6,0.8,0,BOS,1610612738,1.3,26,0.448
208,21.0,0.2,0.3,0.3,5,"203950,1610612763",0,0.9,0.0,0.0,0.0,1.9,1.1,0.568,1.5,0.8,0.536,19,7,6.6,0.8,1.3,1.2,203950,Jarnell Stokes,0.7,3.0,1.8,0.3,0,MEM,1610612763,0.4,12,0.632
209,31.0,4.7,0.2,0.4,5,"101127,1610612751",5,2.8,1.8,0.5,0.267,10.2,4.5,0.439,2.8,2.5,0.881,80,44,28.0,0.2,1.8,2.4,101127,Jarrett Jack,-3.9,12.0,3.1,0.9,0,BKN,1610612751,2.4,36,0.45
210,32.0,0.3,0.7,0.3,5,"101131,1610612766",0,1.9,0.0,0.0,0.0,3.1,1.3,0.422,1.2,0.7,0.577,61,39,14.4,1.4,1.6,1.4,101131,Jason Maxiell,-2.5,3.3,3.3,0.3,0,CHA,1610612766,0.5,22,0.361
211,34.0,2.0,0.2,0.1,5,"2202,1610612755",0,2.8,5.1,1.6,0.323,9.4,3.3,0.348,1.2,0.9,0.773,19,15,21.9,0.7,1.5,1.2,2202,Jason Richardson,-3.7,9.1,3.5,0.7,0,PHI,1610612755,0.8,4,0.211
212,29.0,1.7,0.5,0.4,5,"201160,1610612752",3,2.8,0.5,0.2,0.357,7.2,3.1,0.434,1.9,1.5,0.83,82,65,21.8,1.2,2.5,1.9,201160,Jason Smith,-5.2,8.0,4.0,0.4,0,NYK,1610612752,1.3,17,0.207
213,37.0,1.9,0.2,0.1,5,"1891,1610612745",0,1.4,4.2,1.6,0.39,5.8,2.4,0.422,0.6,0.5,0.813,77,24,21.3,0.2,1.5,0.4,1891,Jason Terry,1.8,7.0,1.6,0.9,0,HOU,1610612745,1.0,53,0.688
214,28.0,1.0,0.7,0.4,5,"201574,1610612758",7,4.8,0.0,0.0,0.0,5.3,2.5,0.47,1.8,1.1,0.622,81,52,24.6,1.7,3.0,1.6,201574,Jason Thompson,-2.3,6.1,6.5,0.4,0,SAC,1610612758,1.0,29,0.358
215,29.0,0.9,0.5,0.5,5,"202399,1610612745",0,3.2,0.0,0.0,0.0,2.6,1.1,0.432,2.2,1.3,0.579,17,16,12.7,1.4,1.8,2.2,202399,Jeff Adrien,-0.8,3.5,4.5,0.2,0,HOU,1610612745,0.5,1,0.059
216,28.0,0.3,0.2,0.1,5,"201965,1610612759",0,1.6,0.0,0.0,0.0,1.9,1.1,0.579,0.7,0.5,0.75,51,18,7.5,0.7,1.2,0.6,201965,Jeff Ayres,-1.1,2.7,2.3,0.2,0,SAS,1610612759,0.5,33,0.647
217,28.0,1.7,0.4,0.8,5,"201145,1610612763",1,3.4,3.7,1.2,0.332,12.4,5.3,0.43,3.7,3.1,0.833,78,37,31.5,0.8,1.9,2.8,201145,Jeff Green,-1.7,15.0,4.2,0.7,0,MEM,1610612763,1.4,41,0.526
218,26.0,0.8,0.0,0.5,5,"203106,1610612766",0,1.3,1.2,0.4,0.306,3.9,1.6,0.395,1.4,0.9,0.634,29,18,14.8,0.5,1.2,1.0,203106,Jeff Taylor,-4.3,4.4,1.8,0.4,0,CHA,1610612766,0.7,11,0.379
219,27.0,7.0,0.4,0.9,5,"201952,1610612737",10,2.1,2.8,1.0,0.343,12.2,5.6,0.46,4.4,3.8,0.862,73,20,30.5,0.4,1.9,4.0,201952,Jeff Teague,5.3,15.9,2.5,1.7,0,ATL,1610612737,2.8,53,0.726
220,25.0,0.3,0.5,0.4,5,"203481,1610612740",0,1.1,0.0,0.0,0.0,1.7,0.9,0.5,1.4,0.9,0.68,37,20,7.0,0.6,0.7,1.0,203481,Jeff Withey,-1.1,2.6,1.7,0.1,0,NOP,1610612740,0.3,17,0.459
221,21.0,1.2,1.0,0.5,5,"203924,1610612755",0,2.3,2.4,0.8,0.314,5.4,1.9,0.352,3.0,1.8,0.591,65,47,21.2,0.8,2.2,2.1,203924,Jerami Grant,-2.7,6.3,3.0,0.6,0,PHI,1610612755,1.3,18,0.277
222,28.0,0.3,0.2,0.2,5,"202077,1610612756",0,0.5,0.3,0.2,0.5,1.8,0.5,0.273,0.3,0.3,1.0,6,5,6.1,0.0,0.8,0.3,202077,Jerel McNeal,-0.5,1.5,0.5,0.5,0,PHX,1610612756,0.8,1,0.167
223,27.0,0.3,0.3,0.1,5,"202379,1610612762",0,1.2,0.1,0.1,0.4,1.5,0.8,0.552,0.8,0.6,0.828,38,19,7.0,0.7,0.8,0.7,202379,Jeremy Evans,0.8,2.4,1.9,0.3,0,UTA,1610612762,0.1,19,0.5
224,23.0,0.9,0.1,0.1,5,"203087,1610612760",1,2.1,2.4,0.8,0.342,5.3,2.2,0.416,1.2,1.0,0.891,47,20,13.5,0.2,1.1,0.9,203087,Jeremy Lamb,-1.6,6.3,2.3,0.4,0,OKC,1610612760,0.6,27,0.574
225,26.0,4.6,0.4,0.7,5,"202391,1610612747",3,2.3,2.4,0.9,0.369,8.8,3.7,0.424,3.6,2.9,0.795,74,55,25.8,0.4,2.6,3.7,202391,Jeremy Lin,-3.4,11.2,2.6,1.1,0,LAL,1610612747,2.2,19,0.257
226,28.0,0.3,0.3,0.3,5,"202366,1610612751",1,1.2,0.0,0.0,0.0,2.1,1.1,0.532,1.0,0.9,0.864,44,27,8.7,1.2,1.3,0.7,202366,Jerome Jordan,-1.8,3.1,2.4,0.2,0,BKN,1610612751,0.5,17,0.386
227,23.0,0.0,0.0,0.0,5,"203968,1610612743",0,1.0,0.0,0.0,0.0,0.0,0.0,0.0,0.0,0.0,0.0,2,0,1.4,0.5,0.0,0.0,203968,Jerrelle Benimon,3.0,0.0,1.5,0.0,0,DEN,1610612743,0.5,2,1.0
228,26.0,3.0,0.2,0.4,5,"201573,1610612749",0,2.5,1.6,0.5,0.308,6.7,2.9,0.426,1.8,1.6,0.883,77,38,22.3,0.3,2.1,1.6,201573,Jerryd Bayless,-0.2,7.8,2.7,0.8,0,MIL,1610612749,1.7,39,0.506
229,26.0,1.2,0.0,0.1,5,"202690,1610612740",0,0.6,1.0,0.2,0.188,3.3,1.3,0.38,0.9,0.9,0.956,50,23,10.2,0.2,0.9,0.8,202690,Jimmer Fredette,0.8,3.6,0.8,0.3,0,NOP,1610612740,0.7,27,0.54
230,25.0,3.3,0.6,0.9,5,"202710,1610612741",4,4.1,3.0,1.1,0.378,14.0,6.5,0.462,7.1,5.9,0.834,65,25,38.7,1.8,1.7,5.2,202710,Jimmy Butler,3.7,20.0,5.8,1.8,0,CHI,1610612741,1.4,40,0.615
231,30.0,4.7,1.1,0.7,5,"201149,1610612741",15,6.4,0.0,0.0,0.0,6.4,2.8,0.445,2.6,1.6,0.603,67,28,30.6,3.3,3.0,2.5,201149,Joakim Noah,1.2,7.2,9.6,0.7,0,CHI,1610612741,1.8,39,0.582
232,27.0,1.3,0.1,0.3,5,"201975,1610612765",0,1.5,3.5,1.2,0.349,8.9,3.7,0.416,2.7,2.4,0.906,60,31,24.4,0.2,1.3,2.0,201975,Jodie Meeks,-1.6,11.1,1.7,1.0,0,DET,1610612765,1.0,29,0.483
233,23.0,0.5,0.0,0.1,5,"203925,1610612739",0,0.7,1.6,0.6,0.369,2.4,0.9,0.4,0.3,0.2,0.6,51,19,9.7,0.1,1.2,0.2,203925,Joe Harris,-2.0,2.7,0.8,0.1,0,CLE,1610612739,0.5,32,0.627
234,27.0,2.3,0.1,0.1,5,"204060,1610612762",0,1.9,2.6,0.9,0.356,4.5,1.9,0.415,0.5,0.4,0.75,79,43,21.2,0.3,1.6,0.8,204060,Joe Ingles,-0.6,5.0,2.2,0.9,0,UTA,1610612762,1.2,36,0.456
235,34.0,3.7,0.2,0.3,5,"2207,1610612751",3,4.1,4.2,1.5,0.359,12.8,5.6,0.435,2.2,1.8,0.801,80,42,34.9,0.7,1.5,2.2,2207,Joe Johnson,-1.5,14.4,4.8,0.7,0,BKN,1610612751,1.7,38,0.475
236,32.0,0.1,1.0,0.1,5,"201202,1610612765",0,1.2,0.0,0.0,0.0,1.3,0.7,0.581,0.4,0.3,0.682,49,24,8.3,0.7,1.1,0.3,201202,Joel Anthony,0.2,1.8,1.9,0.2,0,DET,1610612765,0.2,25,0.51
237,28.0,0.3,0.5,0.1,5,"200777,1610612757",1,2.7,0.0,0.0,0.0,3.1,1.5,0.49,0.5,0.4,0.84,48,14,12.8,1.3,1.9,0.8,200777,Joel Freeland,1.3,3.5,4.0,0.2,0,POR,1610612757,0.5,34,0.708
238,31.0,0.4,0.4,0.4,5,"201595,1610612745",0,2.6,0.0,0.0,0.0,2.1,1.2,0.552,1.2,0.3,0.289,69,21,12.4,1.5,2.3,0.9,201595,Joey Dorsey,0.2,2.7,4.0,0.6,0,HOU,1610612745,0.6,48,0.696
239,23.0,0.5,0.4,0.6,5,"203530,1610612743",0,2.1,0.7,0.1,0.188,3.7,1.5,0.404,1.2,0.8,0.643,24,15,11.2,1.1,1.8,0.9,203530,Joffrey Lauvergne,-4.5,3.9,3.2,0.3,0,DEN,1610612743,0.9,9,0.375
240,24.0,0.9,2.0,0.3,5,"203089,1610612749",2,2.8,0.0,0.0,0.0,5.2,2.9,0.566,2.0,1.2,0.569,67,32,18.3,1.9,2.3,1.7,203089,John Henson,-1.1,7.0,4.7,0.4,0,MIL,1610612749,1.3,35,0.522
241,24.0,0.5,0.0,0.2,5,"203098,1610612737",0,1.5,2.2,0.9,0.404,4.1,2.0,0.495,0.8,0.7,0.842,24,11,12.4,0.1,0.6,0.8,203098,John Jenkins,-1.0,5.6,1.6,0.4,0,ATL,1610612737,0.3,13,0.542
242,32.0,2.9,0.0,0.1,5,"101249,1610612765",0,0.6,1.4,0.4,0.31,5.0,2.0,0.404,0.2,0.2,1.0,21,13,12.9,0.2,0.9,0.4,101249,John Lucas III,-2.2,4.7,0.8,0.4,0,DET,1610612765,0.8,8,0.381
243,35.0,0.6,0.2,0.0,5,"2422,1610612740",0,0.8,1.2,0.4,0.308,2.3,0.8,0.333,0.2,0.1,0.5,21,12,12.8,0.2,1.2,0.2,2422,John Salmons,-3.0,2.0,1.0,0.4,0,NOP,1610612740,0.2,9,0.429
244,24.0,10.0,0.6,0.6,5,"202322,1610612764",40,4.2,2.7,0.8,0.3,14.8,6.6,0.445,4.6,3.6,0.785,79,34,35.9,0.5,2.3,3.6,202322,John Wall,3.5,17.6,4.6,1.7,0,WAS,1610612764,3.8,45,0.57
245,22.0,0.5,0.1,0.3,5,"203948,1610612749",0,1.1,0.0,0.0,0.0,3.5,1.3,0.367,0.8,0.4,0.444,34,17,10.8,0.8,1.3,0.7,203948,Johnny O'Bryant,-2.9,2.9,1.9,0.1,0,MIL,1610612749,0.7,17,0.5
246,26.0,0.7,0.1,0.2,5,"202720,1610612763",1,2.5,0.5,0.1,0.241,4.3,1.9,0.443,0.9,0.6,0.627,63,18,13.1,0.8,1.4,0.8,202720,Jon Leuer,-0.5,4.5,3.3,0.3,0,MEM,1610612763,0.6,45,0.714
247,28.0,0.9,0.2,0.2,5,"201973,1610612738",1,2.5,1.9,0.7,0.386,5.1,2.3,0.446,0.9,0.7,0.848,75,38,16.4,1.2,1.8,0.8,201973,Jonas Jerebko,1.9,6.0,3.8,0.6,0,BOS,1610612738,0.6,37,0.493
248,23.0,0.5,1.2,0.8,5,"202685,1610612761",22,6.0,0.0,0.0,0.0,8.2,4.7,0.572,3.5,2.7,0.786,80,33,26.2,2.7,2.8,2.9,202685,Jonas Valanciunas,-0.3,12.0,8.7,0.4,0,TOR,1610612761,1.4,47,0.588
249,20.0,0.5,0.2,0.3,5,"203919,1610612763",0,0.6,0.8,0.3,0.4,2.9,1.2,0.407,0.8,0.5,0.609,30,16,8.3,0.3,0.8,0.7,203919,Jordan Adams,0.5,3.1,0.9,0.5,0,MEM,1610612763,0.5,14,0.467
250,23.0,3.5,0.2,0.7,5,"203903,1610612747",2,2.3,2.1,0.6,0.314,10.1,4.5,0.448,2.7,2.2,0.829,59,48,25.0,0.9,1.8,2.3,203903,Jordan Clarkson,-4.1,11.9,3.2,0.9,0,LAL,1610612747,1.6,11,0.186
251,28.0,1.9,0.1,0.1,5,"200770,1610612746",0,0.9,2.7,1.0,0.361,4.4,1.7,0.386,0.3,0.3,0.909,36,13,14.7,0.2,1.4,0.7,200770,Jordan Farmar,-1.3,4.6,1.2,0.6,0,LAC,1610612746,0.9,23,0.639
252,24.0,0.5,0.0,0.1,5,"202706,1610612746",0,1.0,1.5,0.7,0.476,2.5,1.0,0.4,0.0,0.0,0.0,14,4,8.7,0.1,1.0,0.0,202706,Jordan Hamilton,-2.1,2.7,1.1,0.1,0,LAC,1610612746,0.3,10,0.714
253,27.0,1.5,0.7,0.4,5,"201941,1610612747",22,5.5,0.2,0.0,0.273,11.1,5.1,0.459,2.4,1.8,0.738,70,51,26.8,2.5,2.3,1.9,201941,Jordan Hill,-5.7,12.0,7.9,0.5,0,LAL,1610612747,1.5,19,0.271
254,26.0,1.1,0.0,0.1,5,"203268,1610612749",0,1.0,0.2,0.0,0.0,2.1,1.1,0.537,0.7,0.5,0.692,20,10,8.7,0.3,1.3,0.7,203268,Jorge Gutierrez,-1.3,2.7,1.3,0.3,0,MIL,1610612749,0.6,10,0.5
255,33.0,4.7,0.0,0.3,5,"101181,1610612752",2,2.5,3.4,1.4,0.415,8.4,3.5,0.415,0.8,0.7,0.906,42,35,30.2,0.5,1.8,0.9,101181,Jose Calderon,-8.1,9.1,3.0,0.7,0,NYK,1610612752,1.8,7,0.167
256,31.0,3.4,0.0,0.4,5,"200826,1610612742",0,1.4,2.2,0.7,0.323,7.0,2.9,0.42,1.2,1.0,0.809,77,28,17.7,0.3,1.4,1.5,200826,Jose Juan Barea,1.6,7.5,1.7,0.4,0,DAL,1610612742,0.9,49,0.636
257,28.0,1.9,0.2,0.3,5,"201177,1610612748",0,2.2,1.1,0.5,0.421,3.1,1.6,0.528,0.8,0.5,0.615,17,9,17.4,0.4,2.4,0.8,201177,Josh McRoberts,1.8,4.2,2.6,0.7,0,MIA,1610612748,1.3,8,0.471
258,29.0,3.3,1.4,0.6,5,"2746,1610612745",15,4.6,2.7,0.9,0.316,11.9,5.0,0.419,3.1,1.5,0.498,83,42,27.7,1.8,2.7,2.3,2746,Josh Smith,0.2,12.4,6.4,1.0,0,HOU,1610612745,2.5,41,0.494
259,25.0,6.9,0.6,0.8,5,"201950,1610612740",5,2.6,3.4,1.3,0.378,13.4,6.0,0.446,1.9,1.6,0.855,40,20,32.6,0.8,2.8,1.8,201950,Jrue Holiday,2.5,14.8,3.4,1.6,0,NOP,1610612740,2.3,20,0.5
260,20.0,0.0,0.0,0.0,5,"203944,1610612747",0,0.0,0.0,0.0,0.0,3.0,1.0,0.333,2.0,0.0,0.0,1,1,13.6,0.0,1.0,1.0,203944,Julius Randle,-18.0,2.0,0.0,0.0,0,LAL,1610612747,1.0,0,0.0
261,25.0,0.9,0.7,0.3,5,"203120,1610612750",2,1.9,0.8,0.2,0.323,4.3,2.1,0.478,1.1,1.0,0.83,41,35,17.4,1.4,1.7,1.4,203120,Justin Hamilton,-4.2,5.3,3.3,0.7,0,MIN,1610612750,0.6,6,0.146
262,26.0,0.8,0.2,0.2,5,"203200,1610612744",0,1.0,1.8,0.6,0.321,4.0,1.5,0.387,0.8,0.6,0.822,59,10,11.1,0.2,0.9,0.6,203200,Justin Holiday,-0.2,4.3,1.2,0.7,0,GSW,1610612744,0.5,49,0.831
263,20.0,0.8,1.1,0.6,5,"203994,1610612743",4,4.1,0.0,0.0,0.0,6.2,2.8,0.446,2.1,1.4,0.636,62,41,17.8,2.0,3.3,1.9,203994,Jusuf Nurkic,-0.1,6.9,6.2,0.8,0,DEN,1610612743,1.4,21,0.339
264,22.0,1.2,1.1,0.5,5,"203909,1610612745",1,2.2,2.4,0.7,0.287,7.0,2.8,0.396,2.1,1.6,0.752,62,43,21.8,1.0,2.0,1.5,203909,KJ McDaniels,-4.2,7.9,3.2,0.7,0,HOU,1610612745,1.7,19,0.306
265,26.0,0.0,0.0,0.0,5,"203564,1610612763",0,0.0,0.0,0.0,0.0,1.0,0.0,0.0,0.0,0.0,0.0,1,1,5.5,0.0,1.0,0.0,203564,Kalin Lucas,-7.0,0.0,0.0,1.0,0,MEM,1610612763,0.0,0,0.0
266,24.0,2.5,0.8,0.5,5,"202695,1610612759",14,5.9,3.0,1.0,0.349,12.8,6.2,0.479,3.9,3.2,0.802,64,18,31.8,1.3,2.0,3.3,202695,Kawhi Leonard,6.9,16.5,7.2,2.3,0,SAS,1610612759,1.5,46,0.719
267,24.0,1.7,0.6,0.5,5,"203482,1610612738",3,3.3,2.7,1.0,0.349,8.3,3.9,0.475,2.1,1.5,0.684,64,33,22.2,1.4,3.3,2.2,203482,Kelly Olynyk,3.5,10.3,4.7,1.0,0,BOS,1610612738,1.5,31,0.484
268,25.0,5.1,0.5,1.2,5,"202689,1610612766",4,3.0,4.5,1.4,0.304,15.8,6.1,0.385,4.6,3.8,0.827,62,41,34.2,0.6,1.5,4.3,202689,Kemba Walker,-3.0,17.3,3.5,1.4,0,CHA,1610612766,1.6,21,0.339
269,23.0,3.1,0.0,0.2,5,"203088,1610612749",0,0.9,1.6,0.6,0.391,3.6,1.6,0.455,0.3,0.3,0.889,28,15,14.9,0.1,0.9,0.8,203088,Kendall Marshall,1.9,4.2,1.0,0.8,0,MIL,1610612749,1.3,13,0.464
270,30.0,0.8,0.6,0.4,5,"2570,1610612739",0,3.4,0.0,0.0,0.0,3.3,1.5,0.449,1.2,0.6,0.506,68,30,16.9,1.3,2.4,1.2,2570,Kendrick Perkins,0.3,3.6,4.7,0.2,0,CLE,1610612739,1.4,38,0.559
271,25.0,1.2,0.8,0.9,5,"202702,1610612743",26,5.7,0.1,0.0,0.125,9.8,5.0,0.507,3.8,2.7,0.691,75,45,27.8,3.2,2.8,3.9,202702,Kenneth Faried,-0.5,12.6,8.9,0.8,0,DEN,1610612743,1.6,30,0.4
272,25.0,1.0,0.4,0.3,5,"203145,1610612737",0,2.7,1.8,0.6,0.364,4.4,1.9,0.426,1.3,0.8,0.6,75,22,17.6,0.3,1.7,1.2,203145,Kent Bazemore,-1.3,5.2,3.0,0.7,0,ATL,1610612737,1.0,53,0.707
273,22.0,1.3,0.2,0.4,5,"203484,1610612765",0,2.5,5.4,1.9,0.345,11.9,4.8,0.401,1.9,1.3,0.696,82,50,31.5,0.6,2.0,1.7,203484,Kentavious Caldwell-Pope,0.8,12.7,3.1,1.1,0,DET,1610612765,1.1,32,0.39
274,37.0,0.5,0.5,0.3,5,"2030,1610612749",0,1.2,0.0,0.0,0.0,2.0,0.8,0.409,0.2,0.2,1.0,11,4,9.5,0.5,1.2,0.1,2030,Kenyon Martin,-0.8,1.8,1.7,0.5,0,MIL,1610612749,0.3,7,0.636
275,26.0,4.1,0.9,0.3,5,"201142,1610612760",5,6.0,5.9,2.4,0.403,17.3,8.8,0.51,6.3,5.4,0.854,27,9,33.8,0.6,1.5,4.9,201142,Kevin Durant,6.2,25.4,6.6,0.9,0,OKC,1610612760,2.7,18,0.667
276,39.0,1.6,0.4,0.1,5,"708,1610612750",3,5.6,0.1,0.0,0.143,6.5,3.0,0.467,1.0,0.8,0.8,47,27,20.3,1.0,2.3,1.3,708,Kevin Garnett,-0.4,6.9,6.6,1.0,0,MIN,1610612750,1.0,20,0.426
277,26.0,2.2,0.5,0.7,5,"201567,1610612739",38,7.9,5.2,1.9,0.367,12.7,5.5,0.434,4.3,3.4,0.804,75,25,33.8,1.9,1.9,3.7,201567,Kevin Love,5.3,16.4,9.7,0.7,0,CLE,1610612739,1.6,50,0.667
278,32.0,2.3,0.0,0.6,5,"2755,1610612750",0,3.2,4.9,1.9,0.393,16.0,6.8,0.427,4.9,4.4,0.881,39,28,33.4,0.5,1.9,3.2,2755,Kevin Martin,-6.5,20.0,3.6,0.8,0,MIN,1610612750,1.9,11,0.282
279,25.0,0.7,0.7,0.2,5,"202338,1610612764",1,2.5,0.0,0.0,0.0,5.7,2.9,0.513,1.0,0.7,0.707,79,34,15.6,1.1,2.5,1.1,202338,Kevin Seraphin,-2.0,6.6,3.6,0.1,0,WAS,1610612764,1.2,45,0.57
280,23.0,2.3,0.1,0.4,5,"203114,1610612749",1,3.8,3.4,1.4,0.407,11.0,5.1,0.467,2.0,1.7,0.859,79,39,30.1,0.6,2.3,1.7,203114,Khris Middleton,4.0,13.4,4.4,1.5,0,MIL,1610612749,1.4,40,0.506
281,34.0,2.2,0.2,0.4,5,"2550,1610612741",0,1.5,2.5,0.9,0.345,5.8,2.2,0.373,0.8,0.5,0.7,66,29,24.4,0.3,2.2,1.0,2550,Kirk Hinrich,0.6,5.7,1.8,0.7,0,CHI,1610612741,1.1,37,0.561
282,25.0,2.9,0.8,0.7,5,"202691,1610612744",1,2.9,7.1,3.1,0.439,16.9,7.8,0.463,3.3,2.9,0.879,77,13,31.9,0.4,1.6,2.5,202691,Klay Thompson,10.1,21.7,3.2,1.1,0,GSW,1610612744,1.9,64,0.831
283,36.0,5.6,0.2,0.8,5,"977,1610612747",4,4.9,5.3,1.5,0.293,20.4,7.6,0.373,6.9,5.6,0.813,35,25,34.5,0.7,1.9,5.1,977,Kobe Bryant,-8.4,22.3,5.7,1.3,2,LAL,1610612747,3.7,10,0.286
284,26.0,0.5,0.8,0.3,5,"201585,1610612763",0,3.8,0.0,0.0,0.0,4.4,2.2,0.508,1.0,0.7,0.647,81,26,16.6,1.5,1.8,1.1,201585,Kosta Koufos,1.3,5.2,5.3,0.4,0,MEM,1610612763,0.9,55,0.679
285,24.0,2.0,0.3,0.3,5,"203123,1610612745",0,1.8,2.5,0.7,0.292,4.6,1.6,0.35,0.4,0.3,0.722,43,14,18.5,0.9,1.7,0.7,203123,Kostas Papanikolaou,-0.9,4.2,2.7,0.7,0,HOU,1610612745,1.3,29,0.674
286,30.0,0.9,0.4,0.4,5,"2743,1610612764",3,4.7,0.1,0.0,0.0,7.0,3.3,0.473,1.8,1.4,0.744,64,27,21.0,1.8,2.0,2.0,2743,Kris Humphries,-1.4,8.0,6.5,0.5,0,WAS,1610612764,0.7,37,0.578
287,21.0,0.8,0.2,0.2,5,"203937,1610612759",0,2.0,0.3,0.1,0.273,2.7,0.9,0.348,0.4,0.3,0.643,33,11,10.9,0.2,0.8,0.4,203937,Kyle Anderson,-1.1,2.2,2.2,0.5,0,SAS,1610612759,0.3,22,0.667
288,34.0,2.6,0.6,0.2,5,"2594,1610612737",1,3.9,6.0,2.9,0.492,8.0,3.9,0.487,1.6,1.4,0.898,75,17,32.2,0.2,1.9,1.6,2594,Kyle Korver,8.3,12.1,4.1,0.7,0,ATL,1610612737,1.4,58,0.773
289,29.0,6.8,0.2,0.8,5,"200768,1610612761",13,3.9,5.6,1.9,0.338,14.9,6.1,0.412,4.5,3.6,0.808,70,27,34.5,0.8,3.0,4.2,200768,Kyle Lowry,2.9,17.8,4.7,1.6,2,TOR,1610612761,2.5,43,0.614
290,25.0,1.2,0.8,0.2,5,"203124,1610612753",3,3.0,0.8,0.2,0.279,4.7,2.3,0.492,1.1,0.9,0.772,51,36,16.2,0.9,2.2,1.0,203124,Kyle O'Quinn,-2.4,5.8,3.9,0.6,0,ORL,1610612753,1.1,15,0.294
291,27.0,1.1,0.3,0.3,5,"202713,1610612760",0,2.0,3.0,1.2,0.398,5.6,2.2,0.386,0.7,0.5,0.769,80,44,21.8,0.4,1.9,0.8,202713,Kyle Singler,-1.1,6.0,2.4,0.6,0,OKC,1610612760,0.7,36,0.45
292,23.0,5.2,0.3,0.8,5,"202681,1610612739",6,2.4,5.0,2.1,0.415,16.5,7.7,0.468,4.9,4.2,0.863,75,23,36.4,0.7,1.9,3.8,202681,Kyrie Irving,5.6,21.7,3.2,1.5,0,CLE,1610612739,2.5,52,0.693
293,29.0,1.7,1.0,0.5,5,"200746,1610612757",39,7.7,1.5,0.5,0.352,19.9,9.3,0.466,5.1,4.3,0.845,71,23,35.4,2.5,1.8,4.1,200746,LaMarcus Aldridge,4.8,23.4,10.2,0.7,0,POR,1610612757,1.7,48,0.676
294,24.0,3.9,0.1,0.5,5,"202362,1610612766",2,3.9,1.7,0.3,0.171,9.0,3.4,0.376,1.8,1.1,0.627,61,38,25.8,0.6,2.2,1.9,202362,Lance Stephenson,-3.6,8.2,4.5,0.6,0,CHA,1610612766,2.1,23,0.377
295,27.0,1.1,0.1,0.6,5,"202498,1610612752",0,2.1,0.4,0.1,0.318,7.1,2.9,0.412,1.6,1.2,0.727,62,42,24.0,1.0,1.6,1.4,202498,Lance Thomas,-5.6,7.1,3.1,0.6,0,NYK,1610612752,1.2,20,0.323
296,27.0,0.6,0.0,0.1,5,"202361,1610612761",0,0.6,0.1,0.0,0.5,1.6,0.8,0.488,0.2,0.2,0.833,26,10,8.3,0.4,0.3,0.3,202361,Landry Fields,-3.1,1.8,1.0,0.4,0,TOR,1610612761,0.3,16,0.615
297,23.0,3.3,0.3,0.5,5,"204038,1610612752",0,3.4,3.9,1.4,0.352,11.4,4.5,0.399,1.7,1.4,0.808,45,33,32.4,0.8,2.9,2.0,204038,Langston Galloway,-6.0,11.8,4.2,1.2,0,NYK,1610612752,1.4,12,0.267
298,25.0,3.8,0.0,0.0,5,"203580,1610612755",0,1.2,2.2,0.3,0.154,4.8,1.7,0.345,0.3,0.2,0.667,12,8,18.3,0.1,1.1,1.5,203580,Larry Drew,-6.1,3.8,1.3,0.5,0,PHI,1610612755,2.1,4,0.333
299,26.0,0.9,1.4,0.6,5,"202336,1610612749",0,3.7,0.0,0.0,0.0,6.4,3.2,0.5,1.8,0.9,0.5,27,15,21.7,2.5,3.9,1.4,202336,Larry Sanders,-3.3,7.3,6.1,1.0,0,MIL,1610612749,1.0,12,0.444
300,26.0,1.2,0.7,0.2,5,"202730,1610612754",4,3.2,0.0,0.0,0.0,4.7,2.2,0.472,0.7,0.5,0.702,63,34,17.0,2.0,1.6,0.8,202730,Lavoy Allen,1.4,5.0,5.1,0.2,0,IND,1610612754,0.6,29,0.46
301,30.0,7.4,0.7,0.7,5,"2544,1610612739",22,5.3,4.9,1.7,0.354,18.5,9.0,0.488,7.7,5.4,0.71,69,19,36.1,0.7,2.0,6.0,2544,LeBron James,7.8,25.3,6.0,1.6,2,CLE,1610612739,3.9,50,0.725
302,32.0,1.5,0.1,0.2,5,"2571,1610612744",0,1.0,1.7,0.7,0.384,5.8,2.8,0.474,1.1,0.9,0.784,66,12,14.9,0.3,1.3,0.9,2571,Leandro Barbosa,-0.1,7.1,1.4,0.6,0,GSW,1610612744,0.7,54,0.818
303,30.0,1.0,0.2,0.2,5,"201991,1610612746",0,1.4,1.2,0.6,0.5,2.8,1.2,0.429,0.8,0.6,0.75,5,0,11.1,0.2,0.8,0.6,201991,Lester Hudson,-1.2,3.6,1.6,1.2,0,LAC,1610612746,0.6,5,1.0
304,24.0,3.1,0.2,0.3,5,"203485,1610612750",0,1.9,1.0,0.2,0.214,4.2,1.8,0.426,0.7,0.4,0.632,29,23,18.9,0.5,1.7,0.6,203485,Lorenzo Brown,-3.2,4.2,2.4,1.0,0,MIN,1610612750,1.0,6,0.207
305,32.0,1.3,1.0,0.5,5,"200811,1610612752",3,3.3,0.0,0.0,0.0,4.8,2.1,0.427,1.6,0.8,0.471,53,36,17.7,1.8,2.4,1.5,200811,Lou Amundson,-2.8,4.9,5.1,0.4,0,NYK,1610612752,1.2,17,0.321
306,28.0,2.1,0.1,0.6,5,"101150,1610612761",0,1.6,5.6,1.9,0.34,11.6,4.7,0.404,4.9,4.3,0.861,80,32,25.2,0.3,1.3,3.2,101150,Lou Williams,3.7,15.5,1.9,1.1,0,TOR,1610612761,1.3,48,0.6
307,28.0,1.6,0.3,0.8,5,"201601,1610612755",4,3.7,3.0,0.9,0.307,9.5,3.7,0.395,2.4,1.4,0.589,67,51,28.6,1.2,1.6,1.9,201601,Luc Mbah a Moute,-5.4,9.9,4.9,1.2,0,PHI,1610612755,1.5,16,0.239
308,22.0,0.2,0.0,0.0,5,"203512,1610612761",0,1.5,0.0,0.0,0.0,1.3,0.3,0.25,0.7,0.3,0.5,6,3,3.8,0.3,1.0,0.3,203512,Lucas Nogueira,-1.8,1.0,1.8,0.3,0,TOR,1610612761,0.3,3,0.5
309,35.0,1.3,0.2,0.6,5,"2449,1610612754",9,4.8,0.2,0.1,0.25,7.9,3.7,0.467,2.8,2.0,0.699,81,44,20.5,1.7,2.4,2.7,2449,Luis Scola,0.5,9.4,6.5,0.6,0,IND,1610612754,1.2,37,0.457
310,26.0,0.4,0.2,0.2,5,"202337,1610612740",0,1.6,1.8,0.9,0.513,3.0,1.5,0.479,0.3,0.2,0.684,63,29,13.2,0.2,1.0,0.3,202337,Luke Babbitt,-1.6,4.1,1.8,0.3,0,NOP,1610612740,0.4,34,0.54
311,34.0,2.0,0.1,0.1,5,"2557,1610612753",0,1.3,1.3,0.4,0.317,3.7,1.6,0.426,0.4,0.4,0.857,47,34,14.5,0.2,1.4,1.0,2557,Luke Ridnour,-2.7,4.0,1.4,0.4,0,ORL,1610612753,0.8,13,0.277
312,30.0,1.9,0.3,0.6,5,"2736,1610612748",5,3.8,3.1,1.1,0.355,10.9,5.1,0.469,3.5,2.7,0.761,72,39,33.6,1.4,1.5,2.7,2736,Luol Deng,-0.1,14.0,5.2,0.9,0,MIA,1610612748,1.5,33,0.458
313,25.0,0.0,0.0,0.0,5,"202723,1610612755",0,0.0,0.0,0.0,0.0,1.0,0.0,0.0,0.0,0.0,0.0,1,1,2.0,0.0,0.0,0.0,202723,Malcolm Lee,3.0,0.0,0.0,0.0,0,PHI,1610612755,0.0,0,0.0
314,26.0,0.4,0.1,0.3,5,"202952,1610612755",0,2.4,0.4,0.0,0.0,2.4,1.1,0.45,0.8,0.5,0.692,17,15,11.4,0.9,1.0,0.7,202952,Malcolm Thomas,-6.4,2.6,3.3,0.2,0,PHI,1610612755,0.8,2,0.118
315,37.0,4.2,0.3,0.5,5,"1938,1610612759",3,2.6,3.7,1.3,0.345,8.4,3.6,0.426,2.9,2.1,0.721,70,23,22.7,0.4,2.0,3.2,1938,Manu Ginobili,4.5,10.5,3.0,1.0,0,SAS,1610612759,2.2,47,0.671
316,30.0,3.8,1.6,0.6,5,"201188,1610612763",20,6.4,0.2,0.0,0.176,13.2,6.5,0.494,5.4,4.3,0.795,81,26,33.2,1.4,2.6,5.0,201188,Marc Gasol,2.8,17.4,7.8,0.9,0,MEM,1610612763,2.2,55,0.679
317,31.0,1.2,1.3,0.6,5,"101162,1610612764",22,6.5,0.0,0.0,0.0,9.5,5.4,0.566,2.1,1.5,0.703,82,36,29.9,2.2,2.3,2.0,101162,Marcin Gortat,3.1,12.2,8.7,0.6,0,WAS,1610612764,1.2,46,0.561
318,29.0,1.5,0.0,0.1,5,"201158,1610612759",0,2.1,3.7,1.4,0.374,7.6,3.2,0.423,1.6,1.4,0.848,62,21,22.4,0.4,1.4,1.5,201158,Marco Belinelli,0.0,9.2,2.5,0.5,0,SAS,1610612759,1.0,41,0.661
319,25.0,1.6,0.2,0.3,5,"202694,1610612756",5,3.9,3.9,1.4,0.358,9.4,4.1,0.434,1.4,0.9,0.628,81,42,25.2,0.9,2.3,1.4,202694,Marcus Morris,-0.7,10.4,4.8,0.8,0,PHX,1610612756,0.9,39,0.481
320,21.0,3.1,0.3,0.3,5,"203935,1610612738",0,2.4,4.1,1.4,0.335,7.1,2.6,0.367,1.9,1.2,0.646,67,32,27.0,0.9,2.6,2.3,203935,Marcus Smart,0.9,7.8,3.3,1.5,0,BOS,1610612738,1.3,35,0.522
321,28.0,0.8,0.1,0.5,5,"201977,1610612756",0,1.3,3.0,1.1,0.378,7.2,2.9,0.406,1.2,1.0,0.821,48,29,15.0,0.5,0.8,0.9,201977,Marcus Thornton,-0.1,7.9,1.8,0.6,0,PHX,1610612756,0.6,19,0.396
322,29.0,3.8,0.1,0.5,5,"201596,1610612748",4,2.3,3.1,0.9,0.294,8.3,3.3,0.403,3.3,2.6,0.774,80,44,29.6,0.3,3.1,3.5,201596,Mario Chalmers,-1.8,10.2,2.6,1.5,0,MIA,1610612748,2.2,36,0.45
323,23.0,0.8,0.3,0.3,5,"203900,1610612751",1,1.9,1.4,0.4,0.266,4.5,1.6,0.362,1.2,1.0,0.825,47,24,16.6,0.3,1.2,1.3,203900,Markel Brown,-0.5,4.6,2.3,0.7,0,BKN,1610612751,0.6,23,0.489
324,25.0,2.3,0.5,0.5,5,"202693,1610612756",12,4.8,2.2,0.7,0.318,13.4,6.2,0.465,2.8,2.2,0.763,82,43,31.5,1.3,3.0,2.7,202693,Markieff Morris,1.3,15.3,6.2,1.2,0,PHX,1610612756,2.1,39,0.476
325,27.0,0.9,0.4,0.3,5,"201578,1610612744",1,2.8,0.2,0.1,0.278,8.5,4.2,0.492,2.3,2.0,0.843,76,14,15.9,1.4,2.5,2.2,201578,Marreese Speights,2.4,10.4,4.3,0.3,0,GSW,1610612744,1.1,62,0.816
326,28.0,0.5,0.0,0.1,5,"101110,1610612764",0,1.1,1.3,0.3,0.233,2.8,0.8,0.264,2.0,1.5,0.75,32,20,11.0,0.3,0.8,1.2,101110,Martell Webster,-4.2,3.3,1.4,0.2,0,WAS,1610612764,0.7,12,0.375
327,29.0,1.3,0.5,0.2,5,"101107,1610612766",1,4.2,3.4,1.2,0.358,6.3,2.7,0.424,1.1,0.8,0.713,78,46,26.1,0.7,1.9,1.0,101107,Marvin Williams,-2.0,7.4,4.9,0.9,0,CHA,1610612766,0.8,32,0.41
328,25.0,0.9,0.8,0.7,5,"203486,1610612751",12,4.1,0.0,0.0,0.0,6.0,3.4,0.573,3.9,1.9,0.495,82,44,21.3,2.1,2.5,3.1,203486,Mason Plumlee,-2.2,8.7,6.2,0.8,0,BKN,1610612751,1.3,38,0.463
329,35.0,1.5,0.7,0.4,5,"2440,1610612746",1,3.3,4.9,1.8,0.362,8.2,3.6,0.444,1.3,1.0,0.779,76,25,29.9,0.7,3.2,1.2,2440,Matt Barnes,7.0,10.1,4.0,0.9,0,LAC,1610612746,1.1,51,0.671
330,35.0,0.7,0.2,0.1,5,"2588,1610612759",0,1.2,1.8,0.6,0.365,3.2,1.3,0.409,0.5,0.4,0.811,72,23,13.0,0.4,0.9,0.3,2588,Matt Bonner,0.5,3.7,1.6,0.1,0,SAS,1610612759,0.2,49,0.681
331,24.0,3.0,0.0,0.3,5,"203521,1610612739",2,1.3,2.5,1.0,0.407,4.6,1.7,0.362,0.6,0.4,0.763,67,24,20.6,0.6,2.3,1.0,203521,Matthew Dellavedova,0.6,4.8,1.9,0.4,0,CLE,1610612739,0.9,43,0.642
332,22.0,0.6,0.2,0.2,5,"203090,1610612753",0,1.5,1.2,0.2,0.179,3.5,1.4,0.399,0.9,0.5,0.537,45,36,15.0,0.8,1.5,0.8,203090,Maurice Harkless,-2.0,3.5,2.4,0.7,0,ORL,1610612753,0.6,9,0.2
333,23.0,0.6,0.3,0.1,5,"203086,1610612757",3,3.7,2.0,0.9,0.42,4.5,2.3,0.51,0.6,0.5,0.938,55,23,15.4,0.8,2.1,1.0,203086,Meyers Leonard,0.3,5.9,4.5,0.2,0,POR,1610612757,0.7,32,0.582
334,26.0,1.3,0.5,0.5,5,"201563,1610612748",1,3.2,1.4,0.3,0.235,8.8,3.8,0.434,1.1,0.8,0.769,24,13,21.0,0.5,2.8,1.4,201563,Michael Beasley,0.1,8.8,3.7,0.6,0,MIA,1610612748,1.5,11,0.458
335,23.0,6.7,0.5,1.1,5,"203487,1610612749",11,4.4,2.3,0.5,0.235,13.9,5.5,0.396,4.4,3.1,0.694,66,45,32.6,1.0,2.5,4.2,203487,Michael Carter-Williams,-2.5,14.6,5.3,1.7,3,MIL,1610612749,3.8,21,0.318
336,21.0,1.4,0.7,1.1,5,"203077,1610612766",12,5.6,0.0,0.0,0.0,8.8,4.1,0.465,3.9,2.7,0.701,55,28,28.9,2.0,2.1,3.1,203077,Michael Kidd-Gilchrist,1.3,10.9,7.6,0.5,0,CHA,1610612766,1.1,27,0.491
337,27.0,5.4,0.2,0.7,5,"201144,1610612763",6,2.6,4.0,1.5,0.386,12.6,5.6,0.446,3.6,3.1,0.859,70,23,31.8,0.4,2.0,3.3,201144,Mike Conley,3.1,15.8,3.0,1.3,0,MEM,1610612763,2.2,47,0.671
338,34.0,1.8,0.3,0.2,5,"2399,1610612741",0,3.5,4.2,1.7,0.407,7.6,3.3,0.435,1.4,1.1,0.805,63,22,29.2,0.4,2.0,1.2,2399,Mike Dunleavy,3.3,9.4,3.9,0.6,0,CHI,1610612741,1.0,41,0.651
339,35.0,0.9,0.1,0.1,5,"2034,1610612739",0,1.7,1.9,0.6,0.327,2.2,0.7,0.325,0.1,0.1,0.75,52,21,13.5,0.1,1.4,0.1,2034,Mike Miller,-1.4,2.1,1.8,0.3,0,CLE,1610612739,0.4,31,0.596
340,23.0,0.6,0.5,0.2,5,"203488,1610612737",1,1.7,0.6,0.2,0.409,3.8,2.1,0.55,0.6,0.6,0.88,40,14,12.6,1.3,1.3,0.8,203488,Mike Muscala,1.4,4.9,3.0,0.4,0,ATL,1610612737,0.5,26,0.65
341,26.0,1.1,0.0,0.2,5,"203118,1610612737",0,2.3,2.8,1.0,0.344,6.7,3.0,0.444,1.1,0.9,0.792,68,16,16.5,0.7,1.2,1.0,203118,Mike Scott,0.4,7.8,2.9,0.4,0,ATL,1610612737,0.6,52,0.765
342,26.0,0.5,0.9,0.3,5,"203101,1610612749",1,2.8,0.0,0.0,0.0,3.5,1.9,0.535,0.6,0.3,0.478,73,39,16.4,1.5,1.5,0.7,203101,Miles Plumlee,0.0,4.0,4.4,0.6,0,MIL,1610612749,0.7,34,0.466
343,27.0,0.0,0.0,0.2,5,"203545,1610612750",0,0.6,0.0,0.0,0.0,1.6,0.6,0.375,0.4,0.4,1.0,5,5,4.6,0.4,1.6,0.4,203545,Miroslav Raduljica,-0.6,1.6,1.0,0.2,0,MIN,1610612750,0.4,0,0.0
344,29.0,1.2,0.4,0.3,5,"203141,1610612751",1,4.2,4.8,1.6,0.321,8.0,3.1,0.382,1.2,0.8,0.717,40,24,22.3,0.7,1.9,1.3,203141,Mirza Teletovic,-0.3,8.5,4.9,0.4,0,BKN,1610612751,1.3,16,0.4
345,23.0,0.4,0.5,0.4,5,"203956,1610612760",3,3.5,0.1,0.0,0.0,5.2,2.8,0.533,1.3,0.8,0.625,32,12,15.2,1.7,2.3,0.9,203956,Mitch McGary,1.5,6.3,5.2,0.5,0,OKC,1610612760,1.0,20,0.625
346,32.0,6.2,0.2,0.3,5,"2590,1610612766",13,2.2,5.1,1.8,0.342,12.6,5.0,0.397,2.8,2.4,0.872,68,48,29.1,0.3,2.4,2.1,2590,Mo Williams,-1.5,14.2,2.6,0.7,0,CHA,1610612766,2.5,20,0.294
347,29.0,4.1,0.3,0.5,5,"101145,1610612742",3,2.0,3.6,1.0,0.285,16.9,7.5,0.445,3.8,2.9,0.752,80,30,33.7,0.4,2.5,3.6,101145,Monta Ellis,2.7,18.9,2.4,1.9,0,DAL,1610612742,2.5,50,0.625
348,31.0,2.3,0.1,0.2,5,"101126,1610612743",0,0.8,2.7,0.7,0.277,6.1,2.1,0.345,1.1,0.7,0.674,42,20,14.1,0.4,1.8,1.0,101126,Nate Robinson,-3.0,5.7,1.2,0.5,0,DEN,1610612743,0.7,22,0.524
349,24.0,1.0,0.1,0.2,5,"203489,1610612749",0,1.2,0.3,0.0,0.0,2.7,1.0,0.351,0.3,0.1,0.333,21,7,11.7,0.4,0.9,0.7,203489,Nate Wolters,-0.6,2.0,1.6,0.4,0,MIL,1610612749,0.6,14,0.667
350,37.0,0.1,0.2,0.1,5,"1737,1610612741",0,1.2,0.0,0.0,0.0,1.3,0.6,0.433,0.1,0.0,0.333,23,10,5.6,0.5,0.7,0.1,1737,Nazr Mohammed,0.4,1.2,1.7,0.2,0,CHI,1610612741,0.3,13,0.565
351,32.0,1.8,0.3,0.6,5,"2403,1610612764",2,3.9,0.1,0.0,0.2,9.0,4.6,0.511,3.0,1.8,0.604,67,30,25.3,1.3,2.7,3.3,2403,Nene,2.5,11.0,5.1,1.0,0,WAS,1610612764,1.9,37,0.552
352,21.0,1.7,1.9,0.5,5,"203457,1610612755",18,5.7,0.0,0.0,0.0,8.7,4.0,0.462,3.1,1.9,0.609,75,57,30.8,2.5,2.8,3.0,203457,Nerlens Noel,-5.7,9.9,8.1,1.8,0,PHI,1610612755,1.9,18,0.24
353,26.0,2.5,0.1,0.4,5,"201979,1610612763",0,1.5,0.7,0.2,0.256,4.3,1.8,0.421,0.8,0.4,0.533,58,22,14.4,0.3,1.7,0.8,201979,Nick Calathes,1.5,4.2,1.8,1.1,0,MEM,1610612763,1.1,36,0.621
354,34.0,1.4,0.4,0.2,5,"2555,1610612760",0,2.4,0.9,0.2,0.267,3.8,1.6,0.419,1.0,0.7,0.692,66,28,16.7,1.4,2.4,1.2,2555,Nick Collison,1.3,4.1,3.8,0.5,0,OKC,1610612760,0.7,38,0.576
355,22.0,0.4,0.1,0.3,5,"203910,1610612745",0,0.9,0.8,0.2,0.238,2.7,0.9,0.347,0.9,0.6,0.68,28,10,9.4,0.5,1.2,0.6,203910,Nick Johnson,-1.7,2.6,1.4,0.3,0,HOU,1610612745,0.7,18,0.643
356,30.0,1.0,0.3,0.4,5,"201156,1610612747",0,1.9,5.4,2.0,0.369,11.3,4.1,0.366,3.5,3.1,0.892,42,30,23.8,0.4,2.0,2.4,201156,Nick Young,-1.6,13.4,2.3,0.5,0,LAL,1610612747,1.0,12,0.286
357,26.0,4.8,0.6,0.2,5,"201587,1610612757",5,5.0,4.4,1.4,0.324,8.5,3.4,0.4,1.4,1.2,0.857,71,28,33.5,0.9,1.5,1.4,201587,Nicolas Batum,3.0,9.4,5.9,1.1,0,POR,1610612757,1.9,43,0.606
358,21.0,0.9,0.2,0.3,5,"203917,1610612758",0,1.1,2.0,0.7,0.322,4.1,1.5,0.365,0.9,0.8,0.859,73,47,15.4,0.2,1.3,0.7,203917,Nik Stauskas,-1.8,4.4,1.2,0.3,0,SAC,1610612758,0.5,26,0.356
359,24.0,1.2,0.7,0.4,5,"202703,1610612741",8,4.2,3.8,1.2,0.316,7.6,3.1,0.405,3.5,2.8,0.803,82,32,20.2,0.8,2.1,2.7,202703,Nikola Mirotic,2.1,10.2,4.9,0.7,0,CHI,1610612741,1.1,50,0.61
360,29.0,0.9,0.4,1.5,5,"201593,1610612750",11,4.7,0.0,0.0,0.0,10.6,4.5,0.424,4.2,3.5,0.837,31,22,26.3,2.9,1.9,3.4,201593,Nikola Pekovic,-1.9,12.5,7.5,0.6,0,MIN,1610612750,1.4,9,0.29
361,24.0,2.0,0.7,0.6,5,"202696,1610612753",45,7.7,0.1,0.0,0.333,16.3,8.5,0.523,2.9,2.2,0.752,74,53,34.2,3.2,3.0,2.9,202696,Nikola Vucevic,-4.1,19.3,10.9,0.7,0,ORL,1610612753,2.0,21,0.284
362,19.0,0.2,0.4,0.5,5,"203943,1610612766",1,2.3,0.5,0.2,0.385,3.0,1.2,0.395,1.0,0.7,0.692,25,17,10.3,1.1,0.8,1.0,203943,Noah Vonleh,-2.7,3.3,3.4,0.2,0,CHA,1610612766,0.4,8,0.32
363,26.0,3.4,0.2,0.4,5,"202708,1610612740",0,1.9,2.3,0.7,0.313,7.4,3.1,0.412,1.1,0.8,0.716,75,38,24.4,0.2,1.7,1.2,202708,Norris Cole,-2.4,7.6,2.1,0.8,0,NOP,1610612740,1.3,37,0.493
364,27.0,2.8,0.3,0.4,5,"201564,1610612749",0,2.2,3.9,1.4,0.357,9.9,4.2,0.422,2.0,1.6,0.827,71,32,23.9,0.4,2.3,1.7,201564,O.J. Mayo,-0.9,11.4,2.6,0.8,0,MIL,1610612749,1.8,39,0.549
365,25.0,0.4,0.1,0.0,5,"203136,1610612744",0,0.6,0.0,0.0,0.0,0.8,0.5,0.667,0.3,0.3,1.0,16,3,4.5,0.4,0.8,0.1,203136,Ognjen Kuzmic,-2.4,1.3,1.1,0.1,0,GSW,1610612744,0.3,13,0.813
366,28.0,0.9,0.7,1.2,5,"201600,1610612740",13,6.6,0.0,0.0,0.0,5.4,2.8,0.517,3.0,1.7,0.582,76,33,26.1,3.2,1.9,2.4,201600,Omer Asik,0.3,7.3,9.8,0.4,0,NOP,1610612740,1.3,43,0.566
367,27.0,1.5,0.1,0.5,5,"201956,1610612758",1,3.1,1.3,0.5,0.402,6.4,3.1,0.489,2.9,2.1,0.733,67,44,21.1,0.8,1.6,2.1,201956,Omri Casspi,-2.7,8.9,3.9,0.5,0,SAC,1610612758,1.3,23,0.343
368,22.0,0.9,0.4,0.2,5,"203490,1610612764",0,2.0,1.4,0.5,0.337,5.3,2.4,0.45,1.1,0.8,0.734,74,33,19.4,0.9,1.3,1.0,203490,Otto Porter,-0.5,6.0,3.0,0.6,0,WAS,1610612764,0.7,41,0.554
369,22.0,0.5,0.3,0.2,5,"203798,1610612766",1,1.6,3.6,1.1,0.301,6.0,1.9,0.323,0.8,0.7,0.861,45,26,15.3,0.5,1.4,0.8,203798,PJ Hairston,-2.3,5.6,2.0,0.5,0,CHA,1610612766,0.5,19,0.422
370,30.0,1.6,0.3,0.4,5,"200782,1610612756",4,5.0,3.2,1.1,0.345,7.6,3.3,0.438,1.8,1.3,0.727,78,42,30.6,1.5,2.3,2.1,200782,PJ Tucker,-0.6,9.1,6.4,1.4,0,PHX,1610612756,1.2,36,0.462
371,38.0,2.6,0.0,0.1,5,"203143,1610612745",0,1.3,2.5,0.9,0.343,3.4,1.4,0.399,0.6,0.5,0.854,67,42,17.9,0.4,1.3,0.9,203143,Pablo Prigioni,-0.9,4.1,1.8,1.2,0,HOU,1610612745,0.9,25,0.373
372,26.0,3.4,0.4,0.6,5,"201976,1610612745",2,3.0,5.8,2.1,0.356,9.5,3.6,0.383,1.1,0.8,0.75,56,21,30.8,1.2,3.3,1.4,201976,Patrick Beverley,1.3,10.1,4.2,1.1,0,HOU,1610612745,1.5,35,0.625
373,27.0,0.0,0.0,0.5,5,"203565,1610612763",0,1.0,1.0,0.0,0.0,3.0,0.8,0.25,0.0,0.0,0.0,4,2,7.2,0.5,1.5,0.3,203565,Patrick Christopher,-4.5,1.5,1.5,0.3,0,MEM,1610612763,0.3,2,0.5
374,26.0,1.9,0.5,0.2,5,"202335,1610612761",3,3.8,3.5,1.3,0.371,6.6,3.0,0.449,1.0,0.8,0.788,81,32,26.6,1.6,1.8,1.0,202335,Patrick Patterson,3.1,8.0,5.3,0.7,0,TOR,1610612761,0.7,49,0.605
375,26.0,1.7,0.0,0.2,5,"201988,1610612759",0,1.1,3.6,1.2,0.341,6.6,2.5,0.381,0.8,0.6,0.825,51,14,15.7,0.4,1.1,1.0,201988,Patty Mills,3.1,6.9,1.5,0.5,0,SAS,1610612759,0.7,37,0.725
376,34.0,2.7,1.9,0.8,5,"2200,1610612741",54,9.0,0.3,0.2,0.462,14.8,7.3,0.494,4.7,3.8,0.803,78,30,34.4,2.8,1.9,4.2,2200,Pau Gasol,2.4,18.5,11.8,0.3,0,CHI,1610612741,2.0,48,0.615
377,25.0,1.0,0.2,0.0,5,"202331,1610612754",0,3.0,3.7,1.5,0.409,8.2,3.0,0.367,1.8,1.3,0.727,6,1,15.2,0.7,1.8,1.3,202331,Paul George,2.5,8.8,3.7,0.8,0,IND,1610612754,2.0,5,0.833
378,30.0,3.1,0.9,0.9,5,"200794,1610612737",15,5.9,3.0,1.1,0.356,12.7,6.1,0.476,4.6,3.5,0.757,73,18,32.7,1.9,2.8,4.0,200794,Paul Millsap,5.6,16.7,7.8,1.8,0,ATL,1610612737,2.3,55,0.753
379,37.0,2.0,0.3,0.4,5,"1718,1610612764",2,3.4,4.2,1.6,0.389,9.0,4.0,0.447,2.9,2.2,0.781,73,33,26.2,0.6,2.2,2.3,1718,Paul Pierce,2.2,11.9,4.0,0.6,0,WAS,1610612764,1.3,40,0.548
380,32.0,0.8,0.2,0.3,5,"203544,1610612737",0,2.1,2.7,0.8,0.301,4.7,1.7,0.365,2.0,1.4,0.715,63,17,16.5,0.9,2.1,2.0,203544,Pero Antic,2.5,5.7,3.0,0.3,0,ATL,1610612737,0.8,46,0.73
381,23.0,0.4,0.2,0.2,5,"203103,1610612760",0,1.6,1.4,0.3,0.233,4.3,1.7,0.397,0.9,0.6,0.649,43,20,14.7,0.1,1.2,0.8,203103,Perry Jones,-3.1,4.3,1.8,0.4,0,OKC,1610612760,0.6,23,0.535
382,24.0,2.3,0.1,0.3,5,"203515,1610612738",1,1.3,1.3,0.3,0.246,3.5,1.3,0.368,1.0,0.7,0.673,50,28,12.0,0.3,1.1,1.1,203515,Phil Pressey,0.0,3.5,1.6,0.6,0,BOS,1610612738,0.8,22,0.44
383,24.0,1.0,0.3,0.1,5,"203112,1610612752",1,3.3,0.9,0.3,0.3,4.9,2.2,0.459,1.4,1.1,0.784,68,56,18.9,1.2,2.2,1.6,203112,Quincy Acy,-3.1,5.9,4.4,0.4,0,NYK,1610612752,0.9,12,0.176
384,22.0,0.8,0.5,0.5,5,"203113,1610612765",0,1.6,1.8,0.3,0.167,3.8,0.9,0.237,1.1,0.8,0.727,10,8,12.0,0.4,0.9,0.7,203113,Quincy Miller,4.1,2.9,2.0,0.7,0,DET,1610612765,0.5,2,0.2
385,27.0,1.3,0.3,0.3,5,"202347,1610612740",0,1.9,3.3,1.2,0.373,6.0,2.5,0.421,1.3,0.9,0.74,75,27,23.9,0.7,2.0,1.2,202347,Quincy Pondexter,0.2,7.2,2.6,0.3,0,NOP,1610612740,0.7,48,0.64
386,29.0,7.9,0.1,0.5,5,"200765,1610612742",15,4.4,1.3,0.4,0.314,9.5,4.0,0.426,1.1,0.5,0.397,68,34,29.7,1.1,2.3,1.6,200765,Rajon Rondo,-0.8,8.9,5.5,1.3,3,DAL,1610612742,3.1,34,0.5
387,29.0,2.8,0.0,0.3,5,"201196,1610612764",0,1.9,0.9,0.3,0.317,5.2,2.0,0.374,2.7,2.1,0.769,64,38,18.6,0.4,1.1,2.1,201196,Ramon Sessions,-2.5,6.3,2.3,0.5,0,WAS,1610612764,1.3,26,0.406
388,31.0,2.4,0.2,0.3,5,"200751,1610612743",0,1.5,5.3,1.9,0.357,8.0,3.0,0.368,1.1,0.9,0.818,50,35,21.7,0.2,1.9,1.0,200751,Randy Foye,-2.1,8.7,1.7,0.7,0,DEN,1610612743,1.2,15,0.3
389,36.0,0.8,0.3,0.2,5,"2446,1610612764",0,2.3,3.1,1.2,0.387,6.9,2.9,0.422,0.9,0.7,0.791,75,36,20.1,0.4,1.3,0.7,2446,Rasual Butler,-0.7,7.7,2.6,0.4,0,WAS,1610612764,0.6,39,0.52
390,24.0,2.8,0.2,0.5,5,"203492,1610612758",0,1.9,1.6,0.5,0.306,6.9,3.0,0.438,1.2,0.8,0.679,68,46,21.1,0.8,1.4,1.2,203492,Ray McCallum,-3.5,7.4,2.6,0.7,0,SAC,1610612758,1.3,22,0.324
391,31.0,1.4,0.1,0.2,5,"101109,1610612742",0,0.8,1.2,0.3,0.294,3.7,1.5,0.406,0.5,0.4,0.8,29,15,9.7,0.1,0.6,0.6,101109,Raymond Felton,-0.7,3.7,0.9,0.4,0,DAL,1610612742,0.6,14,0.483
392,24.0,0.2,0.1,0.1,5,"203493,1610612756",0,1.4,1.3,0.4,0.326,1.9,0.7,0.343,0.3,0.2,0.667,36,17,9.4,0.0,0.5,0.2,203493,Reggie Bullock,-0.2,1.9,1.4,0.3,0,PHX,1610612756,0.2,19,0.528
393,35.0,0.7,0.1,0.7,5,"2501,1610612758",2,4.3,0.0,0.0,0.0,2.9,1.2,0.423,2.1,1.3,0.619,47,31,16.3,2.1,1.9,1.7,2501,Reggie Evans,-0.9,3.7,6.4,0.5,0,SAC,1610612758,1.0,16,0.34
394,25.0,6.0,0.1,0.9,5,"202704,1610612765",15,3.5,3.1,0.9,0.299,12.9,5.6,0.434,2.8,2.4,0.83,77,40,29.5,0.7,2.2,2.7,202704,Reggie Jackson,1.5,14.5,4.2,0.8,2,DET,1610612765,2.4,37,0.481
395,28.0,0.5,0.0,0.1,5,"202130,1610612759",0,0.6,1.0,0.2,0.158,2.0,0.8,0.385,0.2,0.2,1.0,20,5,5.3,0.3,0.6,0.2,202130,Reggie Williams,-1.8,1.9,0.9,0.1,0,SAS,1610612759,0.1,15,0.75
396,35.0,0.8,0.1,0.3,5,"2210,1610612742",2,2.1,2.1,0.9,0.426,4.4,1.9,0.444,1.5,1.1,0.684,74,28,16.8,0.3,1.6,1.3,2210,Richard Jefferson,0.2,5.8,2.5,0.4,0,DAL,1610612742,0.7,46,0.622
397,22.0,1.1,0.1,0.6,5,"203495,1610612752",0,1.2,1.6,0.6,0.37,5.6,1.9,0.333,1.3,0.9,0.727,17,13,14.4,0.9,1.2,1.1,203495,Ricky Ledo,-3.1,5.3,2.1,0.4,0,NYK,1610612752,1.5,4,0.235
398,24.0,8.8,0.0,0.5,5,"201937,1610612750",7,4.8,2.3,0.6,0.255,10.0,3.5,0.356,3.2,2.6,0.803,22,15,31.5,0.9,2.7,3.8,201937,Ricky Rubio,-0.5,10.3,5.7,1.7,1,MIN,1610612750,2.9,7,0.318
399,26.0,0.6,0.2,0.1,5,"203133,1610612750",2,2.3,1.1,0.4,0.314,3.8,1.8,0.459,0.6,0.5,0.828,45,40,16.5,0.7,1.9,1.1,203133,Robbie Hummel,-3.3,4.4,3.0,0.4,0,MIN,1610612750,0.4,5,0.111
400,24.0,1.5,0.4,0.5,5,"203496,1610612755",1,3.6,6.4,2.4,0.374,10.8,4.3,0.396,3.1,2.5,0.82,70,52,27.9,0.9,2.7,2.3,203496,Robert Covington,-2.1,13.5,4.5,1.4,0,PHI,1610612755,1.8,18,0.257
401,26.0,0.8,0.6,0.2,5,"203135,1610612747",0,2.1,0.0,0.0,0.0,4.6,1.9,0.412,1.2,0.8,0.671,67,48,16.9,1.3,1.8,1.1,203135,Robert Sacre,-1.0,4.6,3.5,0.4,0,LAL,1610612747,0.5,19,0.284
402,27.0,0.9,1.4,0.5,5,"201577,1610612757",6,3.5,0.0,0.0,0.0,7.4,4.0,0.535,2.2,1.7,0.772,59,21,27.8,3.2,2.1,2.1,201577,Robin Lopez,2.5,9.6,6.7,0.3,0,POR,1610612757,1.2,38,0.644
403,22.0,1.7,0.2,0.2,5,"203918,1610612762",0,2.2,3.4,1.2,0.365,7.5,3.1,0.414,1.6,1.2,0.763,50,23,21.3,0.2,2.4,1.0,203918,Rodney Hood,1.2,8.7,2.3,0.6,0,UTA,1610612762,0.9,27,0.54
404,29.0,3.1,0.1,0.7,5,"201155,1610612754",2,3.0,2.0,0.8,0.39,10.6,4.7,0.44,3.0,2.5,0.819,71,37,26.4,0.5,1.8,2.7,201155,Rodney Stuckey,-0.3,12.6,3.5,0.8,0,IND,1610612754,1.7,34,0.479
405,32.0,3.8,0.1,0.2,5,"101179,1610612747",0,1.2,2.5,0.7,0.284,5.2,1.8,0.345,1.0,0.8,0.8,43,30,22.8,0.4,2.7,1.2,101179,Ronnie Price,-1.7,5.1,1.6,1.6,0,LAL,1610612747,1.2,13,0.302
406,32.0,1.0,0.0,0.0,5,"101142,1610612750",0,0.5,0.0,0.0,0.0,0.0,0.0,0.0,0.0,0.0,0.0,2,2,9.7,0.0,0.0,0.0,101142,Ronny Turiaf,-4.0,0.0,0.5,0.0,0,MIN,1610612750,0.0,0,0.0
407,28.0,1.1,1.6,0.6,5,"201579,1610612754",18,5.1,0.0,0.0,0.0,9.3,4.2,0.446,2.7,2.2,0.824,76,42,25.3,2.1,2.8,3.2,201579,Roy Hibbert,-0.8,10.6,7.1,0.2,0,IND,1610612754,1.4,34,0.447
408,28.0,3.7,0.6,0.9,5,"200752,1610612758",2,4.4,3.2,1.2,0.359,16.4,7.5,0.455,5.8,5.0,0.858,68,43,35.4,1.4,2.3,3.9,200752,Rudy Gay,-1.5,21.1,5.9,1.0,0,SAC,1610612758,2.7,25,0.368
409,23.0,1.3,2.3,0.5,5,"203497,1610612762",25,6.2,0.0,0.0,0.0,5.2,3.1,0.604,3.3,2.1,0.623,82,44,26.3,3.2,2.1,2.8,203497,Rudy Gobert,0.1,8.4,9.5,0.8,0,UTA,1610612762,1.4,38,0.463
410,24.0,0.7,0.0,0.1,5,"203893,1610612763",0,0.4,0.9,0.2,0.182,2.1,0.7,0.32,1.1,1.0,0.923,12,5,5.4,0.1,1.1,0.6,203893,Russ Smith,1.8,2.5,0.5,0.3,0,MEM,1610612763,1.0,7,0.583
411,26.0,8.6,0.2,1.3,5,"201566,1610612760",31,5.4,4.3,1.3,0.299,22.0,9.4,0.426,9.8,8.1,0.835,67,27,34.4,1.9,2.7,6.6,201566,Russell Westbrook,3.7,28.1,7.3,2.1,11,OKC,1610612760,4.4,40,0.597
412,27.0,0.9,0.3,0.5,5,"201583,1610612740",3,3.1,5.9,2.0,0.34,12.0,4.8,0.399,2.5,2.1,0.854,61,28,27.5,1.8,1.9,2.2,201583,Ryan Anderson,-0.3,13.7,4.8,0.5,0,NOP,1610612740,1.0,33,0.541
413,30.0,0.3,0.4,0.2,5,"200797,1610612758",0,1.5,0.0,0.0,0.0,1.8,1.2,0.646,1.2,0.7,0.574,46,33,9.6,0.8,1.4,1.2,200797,Ryan Hollins,-1.2,3.0,2.2,0.1,0,SAC,1610612758,0.5,13,0.283
414,24.0,1.8,0.5,0.2,5,"203527,1610612747",0,2.6,2.6,0.9,0.336,5.9,2.0,0.337,1.8,1.5,0.832,52,41,23.7,0.3,2.3,1.1,203527,Ryan Kelly,-2.8,6.4,2.8,0.6,0,LAL,1610612747,0.7,11,0.212
415,35.0,0.9,1.3,0.2,5,"2223,1610612752",1,3.6,0.0,0.0,0.0,4.1,1.8,0.438,0.6,0.4,0.7,32,27,17.0,1.7,2.2,0.9,2223,Samuel Dalembert,-5.4,4.0,5.3,0.4,0,NYK,1610612752,1.2,5,0.156
416,25.0,1.0,0.0,0.3,5,"203930,1610612750",0,1.3,3.3,1.0,0.308,5.0,1.8,0.35,1.0,1.0,1.0,4,2,17.9,0.3,0.8,0.8,203930,Sean Kilpatrick,4.3,5.5,1.5,0.8,0,MIN,1610612750,0.5,2,0.5
417,30.0,2.8,0.0,0.6,5,"2742,1610612760",0,1.8,3.8,1.1,0.3,7.8,2.9,0.368,2.1,1.5,0.706,16,12,20.4,0.1,1.8,2.3,2742,Sebastian Telfair,-3.9,8.4,1.9,0.6,0,OKC,1610612760,1.1,4,0.25
418,25.0,0.9,2.4,0.4,5,"201586,1610612760",17,5.7,3.2,1.2,0.376,12.3,5.8,0.476,1.7,1.4,0.836,64,29,33.1,2.1,3.0,1.8,201586,Serge Ibaka,2.5,14.3,7.8,0.5,0,OKC,1610612760,1.5,35,0.547
419,21.0,1.4,0.0,0.3,5,"203508,1610612751",0,1.3,1.6,0.5,0.296,4.1,1.6,0.403,1.2,0.9,0.763,33,21,16.8,0.7,1.4,1.0,203508,Sergey Karasev,0.5,4.6,2.0,0.7,0,BKN,1610612751,0.7,12,0.364
420,24.0,0.5,0.0,0.0,5,"203552,1610612756",0,1.0,0.5,0.0,0.0,1.5,0.0,0.0,0.0,0.0,0.0,2,0,3.9,0.0,1.0,0.0,203552,Seth Curry,-2.0,0.0,1.0,0.0,0,PHX,1610612756,0.0,2,1.0
421,22.0,1.2,0.2,0.9,5,"203498,1610612750",1,2.4,1.3,0.5,0.392,10.4,5.1,0.489,3.8,2.7,0.717,38,32,22.8,1.7,1.3,3.2,203498,Shabazz Muhammad,-4.2,13.5,4.1,0.5,0,MIN,1610612750,0.9,6,0.158
422,23.0,2.5,0.1,0.2,5,"203894,1610612748",0,1.9,2.3,0.8,0.364,4.5,1.7,0.382,1.1,0.9,0.786,51,27,19.8,0.3,1.5,1.5,203894,Shabazz Napier,-0.7,5.1,2.2,0.8,0,MIA,1610612748,1.6,24,0.471
423,22.0,3.0,0.1,0.4,5,"203499,1610612752",1,1.9,1.5,0.5,0.302,5.7,2.5,0.433,1.0,0.8,0.782,76,60,24.5,0.4,2.0,1.2,203499,Shane Larkin,-5.3,6.2,2.3,1.2,0,NYK,1610612752,1.1,16,0.211
424,29.0,0.6,0.0,0.0,5,"200769,1610612748",0,0.2,1.4,0.6,0.429,3.8,1.4,0.368,0.8,0.6,0.75,5,2,17.8,0.0,1.6,0.8,200769,Shannon Brown,-3.2,4.0,0.2,0.8,0,MIA,1610612748,0.8,3,0.6
425,29.0,3.3,0.3,0.2,5,"2733,1610612744",1,1.8,0.0,0.0,0.0,5.1,2.5,0.5,1.2,0.8,0.714,78,14,18.8,0.6,1.4,1.2,2733,Shaun Livingston,0.7,5.9,2.3,0.6,0,GSW,1610612744,1.3,64,0.821
426,31.0,0.2,0.1,0.1,5,"101183,1610612756",0,1.0,0.2,0.0,0.0,1.7,0.4,0.257,0.6,0.3,0.5,21,10,6.0,0.8,0.8,0.6,101183,Shavlik Randolph,-1.1,1.1,1.8,0.2,0,PHX,1610612756,0.1,11,0.524
427,37.0,0.9,0.5,0.4,5,"1890,1610612739",0,2.4,0.8,0.2,0.261,4.7,2.1,0.446,0.6,0.5,0.765,57,21,19.3,1.1,1.0,0.5,1890,Shawn Marion,0.9,4.8,3.5,0.5,0,CLE,1610612739,0.6,36,0.632
428,29.0,0.7,0.3,0.2,5,"200761,1610612765",1,2.1,2.8,1.0,0.36,4.8,1.9,0.403,0.6,0.6,0.875,63,37,17.2,0.6,2.1,0.6,200761,Shawne Williams,-1.6,5.4,2.6,0.4,0,DET,1610612765,0.5,26,0.413
429,24.0,0.3,0.1,0.4,5,"203963,1610612754",0,1.0,0.3,0.1,0.167,2.1,1.0,0.452,1.2,0.9,0.783,20,11,5.4,0.5,0.9,0.8,203963,Shayne Whittington,0.8,2.9,1.5,0.3,0,IND,1610612754,0.3,9,0.45
430,25.0,2.8,0.0,0.3,5,"202714,1610612737",1,1.3,2.3,0.7,0.315,5.3,2.1,0.401,0.6,0.5,0.806,55,18,15.1,0.1,0.6,0.7,202714,Shelvin Mack,0.8,5.4,1.4,0.5,0,ATL,1610612737,0.9,37,0.673
431,22.0,0.3,0.3,0.0,5,"204021,1610612758",0,0.3,0.0,0.0,0.0,0.7,0.3,0.5,0.0,0.0,0.0,3,2,0.9,0.0,0.0,0.0,204021,Sim Bhullar,0.3,0.7,0.3,0.0,0,SAC,1610612758,0.0,1,0.333
432,24.0,2.2,0.2,0.7,5,"203524,1610612754",1,3.0,2.5,0.8,0.327,7.7,3.1,0.396,2.4,1.9,0.824,82,44,29.0,0.9,2.2,2.0,203524,Solomon Hill,-2.2,8.9,3.8,0.8,0,IND,1610612754,1.4,38,0.463
433,22.0,3.1,0.2,0.2,5,"203915,1610612765",1,1.3,1.9,0.4,0.185,5.0,1.5,0.302,1.0,0.9,0.912,34,22,13.4,0.1,1.6,1.1,203915,Spencer Dinwiddie,-2.1,4.3,1.4,0.6,0,DET,1610612765,1.0,12,0.353
434,27.0,1.2,0.7,0.4,5,"201150,1610612746",0,3.1,2.4,0.8,0.313,5.7,2.2,0.393,0.9,0.6,0.647,73,21,17.5,0.4,2.4,1.0,201150,Spencer Hawes,-1.2,5.8,3.5,0.3,0,LAC,1610612746,0.8,52,0.712
435,27.0,7.7,0.2,0.5,5,"201939,1610612744",23,3.6,8.1,3.6,0.443,16.8,8.2,0.487,4.2,3.9,0.914,80,13,32.7,0.7,2.0,3.7,201939,Stephen Curry,11.5,23.8,4.3,2.0,0,GSW,1610612744,3.1,67,0.838
436,35.0,3.6,0.1,0.1,5,"2581,1610612757",0,1.5,2.7,1.0,0.352,4.0,1.5,0.373,0.5,0.4,0.707,81,30,18.9,0.2,1.5,1.0,2581,Steve Blake,1.4,4.3,1.7,0.5,0,POR,1610612757,1.3,51,0.63
437,32.0,0.3,0.1,0.1,5,"200779,1610612760",0,0.6,1.4,0.5,0.396,1.6,0.6,0.393,0.1,0.0,0.0,35,23,5.6,0.1,0.7,0.1,200779,Steve Novak,-1.5,1.8,0.6,0.0,0,OKC,1610612760,0.1,12,0.343
438,21.0,0.9,1.2,0.4,5,"203500,1610612760",10,4.6,0.0,0.0,0.0,5.7,3.1,0.544,2.9,1.5,0.502,70,33,25.3,2.8,3.2,2.7,203500,Steven Adams,0.6,7.7,7.5,0.5,0,OKC,1610612760,1.4,37,0.529
439,21.0,0.6,0.2,0.2,5,"203933,1610612756",0,1.1,0.5,0.1,0.238,5.4,2.8,0.528,0.5,0.4,0.737,40,23,15.4,1.0,1.3,0.6,203933,TJ Warren,-2.4,6.1,2.1,0.5,0,PHX,1610612756,0.7,17,0.425
440,30.0,1.1,1.2,0.9,5,"201959,1610612741",8,3.8,0.0,0.0,0.0,8.2,4.1,0.502,3.0,2.1,0.717,62,24,27.3,2.6,2.6,2.6,201959,Taj Gibson,0.7,10.3,6.4,0.6,0,CHI,1610612741,1.2,38,0.613
441,23.0,0.7,0.4,0.5,5,"204028,1610612747",5,3.6,0.0,0.0,0.0,4.3,2.5,0.575,1.9,1.0,0.551,63,38,19.0,2.3,2.5,1.5,204028,Tarik Black,-1.2,6.0,5.8,0.3,0,LAL,1610612747,0.8,25,0.397
442,35.0,1.6,0.3,0.2,5,"2419,1610612765",0,2.7,1.2,0.5,0.463,6.9,3.1,0.44,1.1,0.8,0.754,58,31,24.1,0.9,0.9,1.0,2419,Tayshaun Prince,-2.2,7.5,3.6,0.5,0,DET,1610612765,0.6,27,0.466
443,23.0,1.1,1.8,0.9,5,"203093,1610612745",8,4.3,1.1,0.4,0.351,9.1,4.8,0.528,2.8,1.7,0.606,33,9,27.0,2.4,2.4,2.0,203093,Terrence Jones,2.4,11.7,6.7,0.5,0,HOU,1610612745,1.1,24,0.727
444,24.0,1.0,0.3,0.4,5,"203082,1610612761",0,2.4,4.8,1.8,0.372,9.2,3.8,0.41,0.7,0.5,0.786,82,33,25.5,0.4,1.7,0.6,203082,Terrence Ross,0.5,9.8,2.8,0.6,0,TOR,1610612761,0.8,49,0.598
445,31.0,1.4,0.4,0.3,5,"200757,1610612737",1,3.3,1.5,0.5,0.321,4.8,2.0,0.418,1.1,0.9,0.776,52,9,18.8,1.0,1.3,0.9,200757,Thabo Sefolosha,3.3,5.3,4.3,1.0,0,ATL,1610612737,0.7,43,0.827
446,27.0,2.3,0.3,0.9,5,"201152,1610612751",3,3.7,1.5,0.5,0.33,12.7,5.9,0.466,2.6,1.7,0.655,76,51,32.0,1.7,2.3,2.0,201152,Thaddeus Young,-2.8,14.1,5.4,1.6,0,BKN,1610612751,1.5,25,0.329
447,24.0,0.6,0.4,0.5,5,"203080,1610612755",4,3.9,0.0,0.0,0.0,4.8,2.3,0.485,2.0,1.0,0.528,54,28,14.8,1.8,1.9,1.6,203080,Thomas Robinson,0.2,5.7,5.6,0.6,0,PHI,1610612755,1.1,26,0.481
448,30.0,1.5,0.7,0.5,5,"201168,1610612759",1,3.1,0.0,0.0,0.0,5.8,3.3,0.558,2.3,1.7,0.75,52,18,19.8,1.8,2.0,2.1,201168,Tiago Splitter,4.5,8.2,4.8,0.7,0,SAS,1610612759,1.2,34,0.654
449,39.0,3.0,2.0,0.9,5,"1495,1610612759",33,6.9,0.1,0.0,0.286,10.6,5.4,0.512,4.0,3.0,0.74,77,24,28.9,2.2,2.1,3.1,1495,Tim Duncan,4.0,13.9,9.1,0.8,1,SAS,1610612759,1.7,53,0.688
450,24.0,5.5,0.0,0.2,5,"204025,1610612757",1,2.0,1.5,0.5,0.294,5.5,1.9,0.344,1.9,0.9,0.476,11,8,21.8,0.5,2.4,2.0,204025,Tim Frazier,-0.5,5.2,2.5,0.7,0,POR,1610612757,2.3,3,0.273
451,23.0,1.8,0.2,0.6,5,"203501,1610612752",0,2.1,5.1,1.7,0.342,10.2,4.0,0.389,2.2,1.8,0.801,70,54,24.0,0.2,1.7,2.0,203501,Tim Hardaway Jr.,-5.0,11.5,2.2,0.3,0,NYK,1610612752,1.2,16,0.229
452,28.0,0.7,1.2,0.7,5,"202389,1610612739",18,4.8,0.1,0.0,0.333,7.0,3.9,0.555,2.7,1.9,0.718,81,32,25.3,2.5,2.8,2.4,202389,Timofey Mozgov,3.2,9.7,7.3,0.4,0,CLE,1610612739,1.4,49,0.605
453,22.0,1.8,0.5,1.0,5,"202699,1610612753",11,5.3,3.5,1.3,0.364,14.0,6.5,0.466,3.6,2.8,0.788,68,48,34.8,1.1,2.0,2.8,202699,Tobias Harris,-4.3,17.1,6.3,1.0,0,ORL,1610612753,1.7,20,0.294
454,29.0,2.0,0.3,0.1,5,"201962,1610612740",0,1.7,1.5,0.4,0.278,4.3,1.6,0.373,1.1,0.7,0.615,12,5,14.7,0.2,1.7,0.8,201962,Toney Douglas,0.7,4.3,1.8,0.9,0,NOP,1610612740,0.8,7,0.583
455,33.0,1.4,0.5,0.8,5,"2754,1610612763",2,2.8,0.5,0.2,0.345,7.2,3.6,0.495,2.0,1.3,0.627,63,17,26.2,1.6,2.6,1.5,2754,Tony Allen,4.0,8.6,4.4,2.0,0,MEM,1610612763,1.4,46,0.73
456,33.0,4.9,0.0,0.7,5,"2225,1610612759",1,1.7,1.3,0.6,0.427,12.2,5.9,0.486,2.4,1.9,0.783,68,20,28.7,0.2,1.6,2.2,2225,Tony Parker,2.9,14.4,1.9,0.6,0,SAS,1610612759,2.1,48,0.706
457,23.0,0.9,0.2,0.3,5,"203503,1610612741",1,2.0,2.7,1.0,0.371,5.2,2.2,0.429,0.8,0.6,0.8,72,29,19.6,0.4,1.2,0.6,203503,Tony Snell,0.7,6.0,2.4,0.4,0,CHI,1610612741,0.7,43,0.597
458,22.0,5.2,0.3,1.2,5,"203100,1610612755",2,2.1,4.7,1.2,0.261,14.5,5.8,0.403,6.0,4.0,0.667,30,26,29.8,0.7,2.4,4.1,203100,Tony Wroten,-7.8,16.9,2.9,1.6,0,PHI,1610612755,3.8,4,0.133
459,25.0,0.2,0.0,0.0,5,"203315,1610612762",0,0.0,0.0,0.0,0.0,1.0,0.4,0.4,0.4,0.4,1.0,5,2,3.6,0.2,0.4,0.2,203315,Toure Murry,0.0,1.2,0.2,0.2,0,UTA,1610612762,0.8,3,0.6
460,24.0,0.8,0.2,0.1,5,"204037,1610612752",0,1.5,0.6,0.2,0.367,4.1,1.6,0.402,0.5,0.4,0.769,51,44,13.2,0.6,1.1,0.5,204037,Travis Wear,-1.6,3.9,2.1,0.3,0,NYK,1610612752,0.7,7,0.137
461,29.0,2.5,0.2,0.4,5,"2772,1610612745",3,4.7,6.8,2.4,0.35,11.1,4.5,0.402,1.7,1.5,0.853,82,26,35.7,0.9,2.3,1.5,2772,Trevor Ariza,2.9,12.8,5.6,1.9,0,HOU,1610612745,1.7,56,0.683
462,27.0,1.1,0.5,0.3,5,"202344,1610612762",3,3.3,1.1,0.4,0.345,5.9,2.9,0.487,1.9,1.1,0.581,79,42,19.8,1.8,1.8,1.5,202344,Trevor Booker,0.4,7.2,5.0,0.5,0,UTA,1610612762,1.1,37,0.468
463,22.0,4.3,0.2,0.7,5,"203504,1610612762",3,2.3,5.1,1.6,0.318,13.2,4.9,0.368,1.9,1.4,0.752,76,41,30.1,0.4,1.6,1.5,203504,Trey Burke,-0.6,12.8,2.7,0.9,0,UTA,1610612762,1.6,35,0.461
464,24.0,0.5,0.7,0.6,5,"202684,1610612739",14,4.7,0.0,0.0,0.0,6.0,3.3,0.547,3.0,1.9,0.641,82,29,26.8,3.3,2.3,2.8,202684,Tristan Thompson,2.6,8.5,8.0,0.4,0,CLE,1610612739,1.0,53,0.646
465,23.0,0.5,0.0,0.2,5,"203584,1610612766",0,0.5,2.5,0.9,0.364,3.5,1.3,0.37,0.3,0.2,0.846,47,32,8.5,0.2,0.9,0.4,203584,Troy Daniels,-1.8,3.7,0.7,0.1,0,CHA,1610612766,0.4,15,0.319
466,27.0,9.6,0.1,0.8,5,"201951,1610612743",28,2.6,2.7,0.9,0.341,12.3,5.4,0.436,4.8,3.5,0.73,75,46,35.5,0.6,1.7,3.8,201951,Ty Lawson,-0.4,15.2,3.1,1.2,0,DEN,1610612743,2.5,29,0.387
467,20.0,2.2,0.2,0.2,5,"203898,1610612749",0,0.8,1.3,0.4,0.279,4.4,1.6,0.361,0.2,0.2,0.714,33,22,12.5,0.2,1.1,0.6,203898,Tyler Ennis,-1.9,3.7,1.1,0.5,0,MIL,1610612749,1.3,11,0.333
468,29.0,0.3,0.2,0.2,5,"201946,1610612761",2,2.1,0.1,0.0,0.143,2.2,1.2,0.521,1.9,1.3,0.698,74,29,14.3,1.4,1.9,1.8,201946,Tyler Hansbrough,2.6,3.6,3.6,0.4,0,TOR,1610612761,0.3,45,0.608
469,23.0,1.3,0.3,0.3,5,"204020,1610612748",1,2.1,1.5,0.6,0.375,5.2,2.2,0.419,1.5,1.0,0.681,32,17,18.8,0.4,1.3,1.2,204020,Tyler Johnson,-2.0,5.9,2.5,1.0,0,MIA,1610612748,0.9,15,0.469
470,25.0,1.4,0.6,0.7,5,"203092,1610612738",3,3.9,0.0,0.0,0.0,7.5,4.1,0.549,2.3,1.9,0.823,82,42,21.1,1.8,2.5,2.2,203092,Tyler Zeller,-1.4,10.2,5.7,0.2,0,BOS,1610612738,0.9,40,0.488
471,25.0,6.6,0.5,1.4,5,"201936,1610612740",18,4.2,2.9,0.9,0.304,14.7,6.6,0.447,3.7,2.6,0.694,79,36,34.0,1.0,2.5,3.0,201936,Tyreke Evans,2.1,16.6,5.3,1.3,1,NOP,1610612740,3.1,43,0.544
472,28.0,0.5,0.0,0.0,5,"200748,1610612763",0,0.0,0.0,0.0,0.0,0.5,0.5,1.0,1.0,1.0,1.0,2,0,3.3,0.0,0.0,0.5,200748,Tyrus Thomas,0.5,2.0,0.0,0.0,0,MEM,1610612763,0.0,2,1.0
473,32.0,1.1,1.2,0.4,5,"2199,1610612742",31,7.6,0.0,0.0,0.0,5.9,3.9,0.666,3.4,2.5,0.72,75,28,30.5,3.9,2.3,3.3,2199,Tyson Chandler,3.1,10.3,11.5,0.6,0,DAL,1610612742,1.4,47,0.627
474,35.0,0.7,0.2,0.4,5,"2617,1610612748",3,3.0,0.2,0.0,0.2,3.9,1.7,0.448,1.0,0.7,0.703,62,31,16.0,1.1,1.8,1.2,2617,Udonis Haslem,-2.5,4.2,4.2,0.3,0,MIA,1610612748,0.7,31,0.5
475,22.0,4.0,0.0,1.0,5,"203505,1610612747",0,3.5,5.0,1.0,0.2,15.0,4.5,0.3,2.5,1.0,0.4,2,2,36.9,1.0,2.0,1.5,203505,Vander Blue,-19.0,11.0,4.5,1.5,0,LAL,1610612747,3.0,0,0.0
476,26.0,0.1,0.1,0.2,5,"201964,1610612757",0,1.7,1.1,0.6,0.545,2.0,0.9,0.45,0.0,0.0,0.0,10,4,7.6,0.3,1.2,0.5,201964,Victor Claver,2.1,2.4,2.0,0.1,0,POR,1610612757,0.4,6,0.6
477,23.0,4.1,0.3,1.3,5,"203506,1610612753",3,3.5,3.4,1.2,0.339,15.1,6.6,0.436,4.4,3.6,0.819,72,50,35.7,0.7,2.6,3.6,203506,Victor Oladipo,-4.2,17.9,4.2,1.7,0,ORL,1610612753,2.8,22,0.306
478,38.0,1.2,0.2,0.2,5,"1713,1610612763",0,1.6,3.5,1.0,0.297,6.2,2.0,0.333,0.9,0.7,0.789,66,21,16.5,0.4,1.5,1.1,1713,Vince Carter,0.5,5.8,2.0,0.7,0,MEM,1610612763,0.7,45,0.682
479,27.0,1.6,0.0,0.5,5,"201961,1610612747",1,2.8,3.7,1.4,0.37,9.5,3.9,0.412,1.0,0.8,0.813,65,47,25.8,0.5,1.2,1.2,201961,Wayne Ellington,-1.9,10.0,3.2,0.5,0,LAL,1610612747,0.8,18,0.277
480,27.0,1.6,0.6,0.2,5,"202325,1610612747",3,3.3,3.4,1.2,0.351,9.1,3.8,0.414,1.5,1.2,0.804,76,56,29.5,0.9,2.1,1.2,202325,Wesley Johnson,-4.1,9.9,4.2,0.8,0,LAL,1610612747,1.1,20,0.263
481,28.0,2.3,0.2,0.4,5,"202083,1610612757",0,3.1,7.4,2.9,0.389,12.5,5.6,0.448,2.4,1.8,0.752,60,19,33.7,0.6,2.2,2.7,202083,Wesley Matthews,4.6,15.9,3.7,1.3,0,POR,1610612757,1.4,41,0.683
482,24.0,1.4,0.3,0.6,5,"203115,1610612743",2,2.3,1.5,0.4,0.271,6.1,2.6,0.425,1.6,1.3,0.787,58,28,17.0,0.4,1.2,1.2,203115,Will Barton,-0.5,6.8,2.8,0.8,0,DEN,1610612743,1.1,30,0.517
483,32.0,2.6,0.1,0.3,5,"101198,1610612764",0,0.6,1.3,0.0,0.0,4.4,1.4,0.323,0.6,0.3,0.5,7,3,9.5,0.3,1.3,0.7,101198,Will Bynum,-7.1,3.1,0.9,0.1,0,WAS,1610612764,1.1,4,0.571
484,24.0,1.0,0.1,0.3,5,"203805,1610612761",0,0.5,1.1,0.3,0.222,2.4,0.6,0.263,0.8,0.4,0.5,8,2,8.7,0.1,1.3,0.5,203805,Will Cherry,-0.9,1.9,0.6,0.8,0,TOR,1610612761,0.5,6,0.75
485,33.0,1.3,0.1,0.2,5,"2584,1610612753",0,1.3,2.3,0.8,0.347,5.9,2.3,0.386,0.7,0.5,0.824,52,37,18.3,0.3,1.6,0.8,2584,Willie Green,-1.7,5.9,1.5,0.5,0,ORL,1610612753,0.9,15,0.288
486,28.0,1.7,0.4,0.6,5,"201163,1610612743",8,4.9,5.2,1.8,0.342,12.5,5.4,0.429,1.8,1.4,0.775,78,50,31.7,1.2,3.0,1.6,201163,Wilson Chandler,-2.8,13.9,6.1,0.7,0,DEN,1610612743,1.4,28,0.359
487,24.0,0.3,0.0,0.0,5,"202333,1610612747",0,0.2,0.0,0.0,0.0,1.4,0.3,0.231,2.7,1.6,0.583,9,8,9.5,0.2,0.7,1.8,202333,Xavier Henry,1.6,2.2,0.4,0.3,0,LAL,1610612747,0.3,1,0.111
488,20.0,3.6,0.1,0.5,5,"203897,1610612750",4,2.4,2.2,0.7,0.341,8.8,3.7,0.422,2.3,1.9,0.842,77,62,24.7,0.4,2.1,1.8,203897,Zach LaVine,-7.0,10.1,2.8,0.7,0,MIN,1610612750,2.5,15,0.195
489,33.0,2.2,0.2,1.2,5,"2216,1610612763",38,7.4,0.3,0.1,0.35,13.1,6.4,0.487,4.2,3.2,0.765,71,20,32.4,3.2,2.5,4.1,2216,Zach Randolph,4.8,16.1,10.5,1.0,0,MEM,1610612763,2.2,51,0.718
490,31.0,2.4,0.3,0.5,5,"2585,1610612749",15,4.2,0.0,0.0,0.0,7.2,3.3,0.454,2.2,1.7,0.788,73,39,23.7,2.7,2.3,2.2,2585,Zaza Pachulia,3.6,8.3,6.8,1.1,0,MIL,1610612749,1.8,34,0.466
491,26.0,0.3,0.0,0.1,5,"204054,1610612748",0,0.2,0.9,0.2,0.214,1.9,0.7,0.367,0.3,0.2,0.6,16,10,4.7,0.3,0.4,0.5,204054,Zoran Dragic,-0.9,1.8,0.5,0.1,0,MIA,1610612748,0.3,6,0.375
