,PLAYER_ID,PLAYER_NAME,Transition_Frequency,Isolation_Frequency,PRBallHandler_Frequency,PRRollman_Frequency,Postup_Frequency,Spotup_Frequency,Handoff_Frequency,Cut_Frequency,OffScreen_Frequency,OffRebound_Frequency,Misc_Frequency
0,201166,Aaron Brooks,10.4167003632,7.118060112,56.0764007568,0.0,0.0,12.3263998032,6.77083015442,0.0,0.0,0.0,5.034719944
1,203932,Aaron Gordon,17.4451007843,4.12088012695,5.08241987228,7.0054898262,4.25824022293,24.7252998352,2.47252988815,12.2252998352,0.0,14.5604000092,7.28022003174
2,1626151,Aaron Harrison,0.0,0.0,0.0,0.0,0.0,0.0,0.0,0.0,0.0,0.0,0.0
3,203940,Adreian Payne,8.33333015442,8.33333015442,0.0,14.5832996368,16.6667003632,28.125,0.0,6.77083015442,0.0,6.77083015442,8.33333015442
4,201143,Al Horford,10.0247001648,3.28677010536,0.0,24.7329998016,13.8865995407,23.0895996094,0.0,10.6820001602,3.53327989578,5.50534009933,4.68365001678
5,2744,Al Jefferson,1.873939991,0.0,0.0,16.8654003143,51.7887992859,4.77002000809,0.0,13.7989997864,0.0,5.79216003418,2.55537009239
6,202329,Al-Farouq Aminu,17.9088001251,3.78198003769,8.45384025574,4.00444984436,2.11346006393,37.3749008179,6.00666999817,5.11679983139,5.00555992126,5.7842001915,4.44938993454
7,101187,Alan Anderson,18.1818008423,16.6667003632,0.0,0.0,0.0,36.3636016846,0.0,0.0,0.0,0.0,0.0
8,1626210,Alan Williams,0.0,0.0,0.0,0.0,0.0,0.0,0.0,0.0,0.0,0.0,0.0
9,202692,Alec Burks,15.5404996872,11.7117004395,31.5314998627,0.0,0.0,21.3964004517,7.65766000748,3.60360002518,0.0,0.0,4.50449991226
10,203458,Alex Len,4.4673500061,2.52005004883,0.0,11.3402004242,29.5533008575,9.04926013947,0.0,19.7021999359,1.83275997639,12.714799881,8.36196994781
11,1627293,Alex Stepheson,0.0,0.0,0.0,0.0,0.0,0.0,0.0,0.0,0.0,50.0,0.0
12,201582,Alexis Ajinca,4.28212022781,0.0,0.0,27.4559001923,9.57178974152,15.1133003235,0.0,17.1284999847,4.53400993347,10.831199646,8.56422996521
13,203459,Allen Crabbe,17.8570995331,0.0,9.18367004395,3.18878006935,0.0,32.5255012512,10.841799736,4.33673000336,16.326499939,1.2755099535,3.31632995605
14,202087,Alonzo Gee,31.0650997162,0.0,2.95858001709,0.0,0.0,32.8401985168,0.0,12.7218999863,0.0,8.57987976074,6.80472993851
15,2405,Amar'e Stoudemire,4.04040002823,0.0,0.0,27.2726993561,19.1919002533,3.70370006561,0.0,19.5286006927,3.70370006561,14.1414003372,6.0606098175
16,101161,Amir Johnson,10.7638998032,3.125,0.0,15.625,10.9375,9.375,0.0,19.2707996368,0.0,17.3610992432,12.6736001968
17,2760,Anderson Varejao,0.0,0.0,0.0,17.6471004486,9.80391979218,21.5685997009,0.0,23.5293998718,0.0,10.7842998505,10.7842998505
18,203083,Andre Drummond,6.03799009323,3.59565997124,0.0,13.1614999771,27.4762992859,1.49254000187,0.0,12.4152002335,0.0,23.2700004578,12.5509004593
19,2738,Andre Iguodala,23.8094997406,7.86749982834,7.66045999527,0.0,2.89855003357,26.7080993652,2.27743005753,8.07452964783,5.38301992416,3.31262993813,10.765999794
20,1889,Andre Miller,0.0,0.0,37.8787994385,0.0,0.0,15.1514997482,0.0,12.2222003937,0.0,0.0,13.3332996368
21,203460,Andre Roberson,26.6466999054,0.0,0.0,0.0,0.0,33.8322982788,0.0,17.964099884,0.0,12.2754001617,6.58683013916
22,200745,Andrea Bargnani,3.66971993446,5.19878005981,0.0,33.0275001526,4.2813501358,28.7462005615,0.0,8.56268978119,4.89297008514,6.4220199585,4.2813501358
23,101106,Andrew Bogut,4.9738202095,0.0,0.0,9.68585968018,6.54449987412,0.0,0.0,36.6492004395,0.0,18.8481998444,19.3717002869
24,202726,Andrew Goudelock,0.0,0.0,0.0,0.0,0.0,0.0,0.0,0.0,0.0,0.0,0.0
25,203094,Andrew Nicholson,7.34908008575,0.0,0.0,18.6352005005,32.2835006714,22.3097000122,0.0,4.98687982559,2.62467002869,4.98687982559,5.5118098259
26,203952,Andrew Wiggins,11.7272996902,10.2252998352,18.8908004761,2.8307299614,12.0162000656,9.87868022919,6.70133018494,5.48816013336,14.5003004074,4.4482998848,3.29289007187
27,203461,Anthony Bennett,0.0,0.0,0.0,0.0,0.0,0.0,0.0,0.0,0.0,0.0,0.0
28,1626148,Anthony Brown,18.7919006348,0.0,6.71141004562,0.0,0.0,42.2818984985,7.38254976273,0.0,9.39597034454,0.0,0.0
29,203076,Anthony Davis,8.05885982513,8.68955993652,0.0,24.6671009064,18.360200882,13.0342998505,0.981078982353,7.49825000763,6.51716995239,6.44709014893,5.53608989716
30,201627,Anthony Morrow,16.0221004486,4.97238016129,4.41988992691,0.0,0.0,46.132598877,6.3535900116,3.03867006302,11.6021995544,0.0,4.41988992691
31,201229,Anthony Tolliver,14.248000145,0.0,0.0,10.817899704,0.0,55.1450996399,0.0,3.1662299633,8.17942047119,0.0,4.22164011002
32,203462,Archie Goodwin,21.2625007629,8.30564975739,25.9136009216,0.0,0.0,20.0997009277,5.14949989319,5.64784002304,1.82723999023,3.32225990295,8.30564975739
33,203382,Aron Baynes,5.30303001404,0.0,0.0,22.3484992981,17.6135997772,4.54545021057,0.0,18.3712005615,0.0,18.3712005615,11.174200058
34,201167,Arron Afflalo,13.1833000183,8.78884983063,8.03859043121,0.0,16.9346008301,23.3654994965,6.96677017212,3.32261991501,14.8982000351,0.0,3.21543002129
35,203085,Austin Rivers,14.4216003418,14.2630996704,33.2804985046,0.0,0.0,19.4929008484,6.6560997963,4.75436019897,2.53566002846,0.0,3.01109004021
36,202340,Avery Bradley,20.0338001251,3.88842010498,13.5249004364,0.0,0.0,20.287399292,17.1597995758,4.56467008591,14.6238002777,1.85968005657,3.88842010498
37,1626253,Axel Toupane,17.0732002258,0.0,0.0,0.0,0.0,58.5365982056,0.0,14.6340999603,0.0,0.0,0.0
38,203463,Ben McLemore,26.2103996277,4.50751018524,8.18029975891,0.0,0.0,27.7129001617,6.34391021729,6.01001977921,13.3556003571,1.83639001846,5.50918006897
39,2757,Beno Udrih,10.8910999298,0.0,42.1053009033,0.0,0.0,21.0526008606,13.3662996292,0.0,0.0,0.0,5.94058990479
40,202687,Bismack Biyombo,3.4261200428,0.0,0.0,19.271900177,3.64025998116,0.0,0.0,34.0471000671,0.0,22.6980991364,15.417599678
41,201933,Blake Griffin,11.0825004578,9.40721988678,5.6701002121,21.0051994324,21.2628993988,13.2732000351,0.0,5.41237020493,2.70619010925,3.60824990273,6.18556976318
42,1626246,Boban Marjanovic,0.0,0.0,0.0,12.20470047,40.5512008667,0.0,0.0,14.9605998993,0.0,20.8661003113,8.66141986847
43,1626171,Bobby Portis,9.68992042541,8.52713012695,0.0,16.0853004456,16.4729003906,19.3798007965,0.0,6.00775003433,0.0,16.6667003632,6.20155000687
44,202711,Bojan Bogdanovic,18.6550998688,7.80911016464,12.2559995651,0.0,7.15834999084,31.0195007324,2.38612008095,4.88069009781,9.76138973236,1.84381997585,3.68763995171
45,2564,Boris Diaw,6.09037017822,4.51866006851,0.0,11.394900322,38.5069007874,20.0393009186,0.0,8.05500984192,0.0,3.73281002045,5.69745016098
46,203078,Bradley Beal,17.4538002014,5.95483016968,29.4661006927,0.0,0.0,13.2444000244,7.18686008453,3.38808989525,15.1950998306,1.43736994267,5.54414987564
47,201148,Brandan Wright,0.0,0.0,0.0,33.3333015442,0.0,0.0,0.0,19.4444007874,0.0,0.0,0.0
48,1626183,Branden Dawson,0.0,0.0,0.0,0.0,0.0,0.0,0.0,0.0,0.0,0.0,0.0
49,101138,Brandon Bass,12.1211996078,6.52681016922,0.0,27.2726993561,11.4218997955,4.89510011673,0.0,17.7155990601,0.0,12.3542995453,6.29371023178
50,201943,Brandon Jennings,18.3962001801,8.49057006836,37.7358016968,0.0,0.0,13.8121995926,7.73480987549,0.0,0.0,0.0,5.52485990524
51,202688,Brandon Knight,12.8608999252,10.4111995697,42.6946983337,0.0,0.0,13.9982995987,7.43657016754,2.36220002174,5.07436990738,1.04987001419,3.93701004982
52,201575,Brandon Rush,25.4018993378,0.0,3.85852003098,0.0,0.0,42.4436988831,0.0,6.752409935,7.71704006195,3.21543002129,6.10932016373
53,203148,Brian Roberts,7.58620977402,9.65517044067,46.2069015503,0.0,0.0,17.9309997559,0.0,0.0,0.0,0.0,0.0
54,1627362,Briante Weber,0.0,0.0,48.979598999,0.0,0.0,0.0,0.0,0.0,0.0,0.0,0.0
55,201572,Brook Lopez,3.65447998047,6.57807016373,0.0,21.1959991455,29.7674007416,8.50498008728,0.730897009373,13.6877002716,1.26245999336,9.90032958984,4.71760988235
56,203998,Bruno Caboclo,0.0,0.0,0.0,0.0,0.0,0.0,0.0,0.0,0.0,0.0,0.0
57,203955,Bryce Cotton,0.0,0.0,0.0,0.0,0.0,0.0,0.0,0.0,0.0,0.0,0.0
58,1626214,Bryce Dejean-Jones,17.9775009155,0.0,13.4830999374,0.0,0.0,25.8426990509,0.0,0.0,0.0,0.0,0.0
59,203468,CJ McCollum,13.0965995789,11.350399971,37.3689994812,0.0,0.0,14.7846002579,7.79976987839,2.21186995506,7.97439002991,1.22235000134,3.6670498848
60,101139,CJ Miles,20.4216003418,2.63505005836,7.11462020874,2.50328993797,0.0,29.1173000336,10.5402002335,0.0,18.7087993622,2.37154006958,5.00658988953
61,201228,CJ Watson,21.9101009369,5.61798000336,25.8426990509,0.0,0.0,21.9101009369,0.0,0.0,0.0,0.0,8.98875999451
62,203912,CJ Wilcox,0.0,0.0,0.0,0.0,0.0,0.0,0.0,0.0,0.0,0.0,0.0
63,203946,Cameron Bairstow,0.0,0.0,0.0,0.0,0.0,0.0,0.0,0.0,0.0,0.0,0.0
64,1626166,Cameron Payne,13.2131996155,3.30329990387,45.6455993652,0.0,0.0,24.9249000549,3.30329990387,0.0,0.0,0.0,4.80480003357
65,201171,Carl Landry,5.43131017685,5.43131017685,0.0,17.2523994446,20.4472999573,16.6133995056,0.0,15.3354997635,0.0,12.1406002045,3.51437997818
66,2546,Carmelo Anthony,8.13743019104,23.688999176,13.1403999329,1.74803996086,22.2423000336,11.4526996613,2.59191989899,3.13441991806,3.9783000946,4.15913009644,5.72633981705
67,2406,Caron Butler,17.1875,0.0,0.0,0.0,0.0,46.875,0.0,0.0,0.0,0.0,0.0
68,202718,Chandler Parsons,15.5087003708,7.69230985641,18.6103992462,1.2406899929,3.10173988342,28.1637992859,4.96277999878,5.58312988281,9.05706977844,1.61290001869,4.46649980545
69,101112,Channing Frye,9.3922700882,0.0,0.0,17.1270999908,5.38116979599,35.8744010925,0.0,5.38116979599,9.86546993256,5.38116979599,8.96860980988
70,101236,Charles Hayes,0.0,0.0,0.0,0.0,0.0,0.0,0.0,0.0,0.0,0.0,0.0
71,101111,Charlie Villanueva,12.1950998306,0.0,0.0,10.8401002884,6.23305988312,37.6693992615,3.52304005623,4.06504011154,15.176199913,4.87804985046,3.25202989578
72,201978,Chase Budinger,25.8064994812,0.0,8.60655975342,0.0,0.0,24.1935005188,4.50820016861,10.6556997299,15.9835996628,8.60655975342,16.1289997101
73,2365,Chris Andersen,0.0,0.0,0.0,23.2558002472,0.0,12.7906999588,0.0,19.7674007416,0.0,19.7674007416,11.6279001236
74,2547,Chris Bosh,4.56432008743,13.3816995621,1.14108002186,24.3775997162,8.60995960236,26.9710006714,1.24480998516,4.56432008743,7.46888017654,3.00830006599,4.66804981232
75,203142,Chris Copeland,0.0,0.0,0.0,0.0,0.0,0.0,0.0,0.0,0.0,0.0,0.0
76,203187,Chris Johnson,15.0198001862,0.0,7.11462020874,0.0,0.0,47.4308013916,11.4624996185,5.13833999634,0.0,0.0,6.71936988831
77,2549,Chris Kaman,0.0,0.0,0.0,0.0,0.0,0.0,0.0,0.0,0.0,0.0,0.0
78,1626191,Chris McCullough,13.2353000641,0.0,0.0,21.3234996796,0.0,30.8824005127,0.0,9.55881977081,0.0,9.55881977081,0.0
79,101108,Chris Paul,12.8898000717,15.2460002899,51.9057998657,0.0,1.38600003719,6.23701000214,3.25710010529,0.0,0.900901019573,0.970201015472,6.51421022415
80,1626174,Christian Wood,0.0,0.0,0.0,15.3845996857,0.0,16.9230995178,0.0,27.6923007965,0.0,0.0,0.0
81,203921,Cleanthony Early,21.5685997009,0.0,0.0,0.0,0.0,39.2156982422,0.0,0.0,0.0,0.0,0.0
82,1626146,Cliff Alexander,0.0,0.0,0.0,0.0,0.0,0.0,0.0,0.0,0.0,0.0,0.0
83,203991,Clint Capela,12.8439998627,0.0,0.0,18.5321006775,4.40366983414,0.0,0.0,29.1742992401,0.0,23.4862003326,8.99083042145
84,203469,Cody Zeller,11.2025995255,1.97694003582,0.0,28.8302993774,2.63591003418,11.6969003677,0.0,19.7693996429,3.78912997246,10.3788995743,8.73147010803
85,202332,Cole Aldrich,4.26829004288,0.0,0.0,43.2927017212,6.40244007111,0.0,0.0,21.0366001129,0.0,14.0243997574,10.3659000397
86,201147,Corey Brewer,32.9957008362,2.02605009079,4.63097000122,0.0,0.0,32.706199646,6.65702009201,4.92041015625,6.5123000145,2.31547999382,6.07814979553
87,203928,Cory Jefferson,0.0,0.0,0.0,0.0,0.0,0.0,0.0,0.0,0.0,0.0,0.0
88,202709,Cory Joseph,9.39947986603,11.2271995544,46.214099884,0.0,0.0,19.1905994415,3.00260996819,0.0,1.95822000504,0.0,6.78850984573
89,1626262,Coty Clarke,0.0,0.0,0.0,0.0,0.0,0.0,0.0,0.0,0.0,0.0,0.0
90,201584,Courtney Lee,16.9960002899,5.53359985352,16.9960002899,0.0,0.0,39.5256996155,7.11462020874,3.95256996155,5.92885017395,2.24489998817,5.71429014206
91,1626245,Cristiano Felicio,0.0,0.0,0.0,33.3333015442,0.0,14.7059001923,0.0,16.6667003632,0.0,15.6863002777,0.0
92,1626156,D'Angelo Russell,15.7767000198,5.9061498642,38.2686004639,0.0,6.1488699913,15.4531002045,4.53073978424,3.88350009918,2.9126200676,2.02265000343,5.01618003845
93,201571,D.J. Augustin,13.6905002594,6.54205989838,33.9286003113,0.0,0.0,13.3956003189,9.52381038666,0.0,0.0,0.0,5.95238018036
94,2563,Dahntay Jones,0.0,0.0,0.0,0.0,0.0,0.0,0.0,0.0,0.0,0.0,0.0
95,203081,Damian Lillard,10.4902000427,17.2376995087,42.962600708,0.0,0.0,8.01264953613,6.58935022354,3.11016988754,5.5877699852,0.948867022991,4.90248012543
96,203996,Damien Inglis,0.0,0.0,0.0,0.0,0.0,0.0,0.0,0.0,0.0,0.0,0.0
97,204014,Damjan Rudez,0.0,0.0,0.0,18.9873008728,0.0,44.3037986755,0.0,0.0,0.0,0.0,0.0
98,201568,Danilo Gallinari,9.90711975098,18.8854007721,11.9710998535,4.02476978302,8.4623298645,21.2590007782,6.6047501564,5.36636018753,4.74715995789,3.50876998901,5.26316022873
99,201980,Danny Green,20.9726009369,1.82370996475,4.40728998184,0.0,0.0,42.7052001953,5.01520013809,4.86322021484,10.4863004684,3.03951001167,6.38297986984
100,201967,Dante Cunningham,18.8640995026,0.0,3.85396003723,4.46247005463,0.0,43.6105003357,2.83976006508,11.5619001389,2.2312400341,4.46247005463,5.88234996796
101,201589,Darrell Arthur,8.30449962616,2.42214989662,0.0,20.7611999512,7.95847988129,30.1037998199,0.0,11.7646999359,2.59516000748,7.78547000885,7.78547000885
102,201954,Darren Collison,30.0902996063,11.1333999634,25.275800705,0.0,0.0,18.3551006317,3.41022992134,3.20963001251,0.0,1.00301003456,6.72016000748
103,1626199,Darrun Hilliard,13.1737003326,0.0,29.9400997162,0.0,0.0,27.5449008942,5.98801994324,8.98204040527,0.0,0.0,0.0
104,101135,David Lee,8.69565010071,5.53359985352,0.0,21.6930999756,11.1111001968,7.11462020874,0.0,16.9960002899,0.0,10.6718997955,6.87831020355
105,2561,David West,7.12979984283,3.47348999977,0.0,19.3784008026,21.0237998962,17.9158992767,0.0,14.8079996109,2.01097011566,6.03290987015,7.12979984283
106,201599,DeAndre Jordan,7.51963996887,0.0,0.0,20.3143005371,7.18294000626,0.0,0.0,20.7632007599,0.0,17.3962001801,25.3647994995
107,201971,DeJuan Blair,0.0,0.0,0.0,0.0,0.0,0.0,0.0,0.0,0.0,0.0,0.0
108,201942,DeMar DeRozan,7.91053009033,16.148399353,32.3512992859,0.0,8.45608043671,10.638299942,4.2007598877,1.58211004734,13.5843000412,1.20021998882,3.7643198967
109,202326,DeMarcus Cousins,12.6400003433,11.1466999054,1.17332994938,14.8267002106,19.3600006104,16.426700592,2.50666999817,5.22666978836,2.50666999817,6.98667001724,7.19999980927
110,201960,DeMarre Carroll,21.3621997833,5.88234996796,9.28792953491,0.0,0.0,32.5077018738,3.40557003021,8.04953956604,8.04953956604,4.33437013626,5.57276010513
111,1626153,Delon Wright,0.0,0.0,0.0,0.0,0.0,0.0,0.0,0.0,0.0,0.0,0.0
112,203471,Dennis Schroder,9.56937980652,6.88994979858,54.3540992737,0.0,0.0,12.344499588,6.12440013886,1.53110003471,4.49761009216,0.0,4.40190982819
113,101114,Deron Williams,10.4535999298,11.0453996658,27.6133995056,0.0,8.57987976074,16.6667003632,5.81854009628,1.77514994144,11.5384998322,0.0,6.01577997208
114,202324,Derrick Favors,3.61681008339,2.54153990746,0.0,22.0918998718,22.5806007385,10.6548995972,0.0,22.6784000397,0.0,8.60214996338,5.96285009384
115,201565,Derrick Rose,14.5945997238,9.7297296524,43.474899292,0.0,0.0,16.6795005798,3.55211997032,3.47490000725,1.3127399683,2.16215991974,4.40153980255
116,202682,Derrick Williams,20.5921993256,10.9017000198,5.11439990997,7.40242004395,9.55585002899,20.9960002899,2.69179010391,10.9017000198,4.97981023788,3.76851010323,3.09556007385
117,1626164,Devin Booker,18.6067008972,6.17284011841,26.807800293,0.0,3.26278996468,11.3756999969,7.23104000092,4.05643987656,13.3156995773,1.05820000172,8.11287021637
118,2734,Devin Harris,21.1268005371,3.62173008919,22.3339996338,0.0,0.0,28.7726001739,4.82896995544,5.83501005173,3.42052006722,0.0,9.05432987213
119,203906,Devyn Marble,20.4545001984,0.0,0.0,0.0,0.0,35.2272987366,0.0,0.0,12.5,0.0,0.0
120,203473,Dewayne Dedmon,8.26445960999,0.0,0.0,27.2726993561,6.1983499527,0.0,0.0,24.3801994324,0.0,18.5949993134,10.7438001633
121,203079,Dion Waiters,19.0848007202,15.1786003113,25.4463996887,0.0,0.0,24.4419994354,3.57142996788,0.0,7.03125,1.11607003212,2.45535993576
122,1717,Dirk Nowitzki,4.64231014252,4.64231014252,0.0,18.5692996979,29.6042995453,22.2222003937,0.76103502512,3.19635009766,8.59969997406,2.66361999512,4.56620979309
123,202388,Donald Sloan,17.5732002258,6.06694984436,32.845199585,0.0,0.0,20.5020999908,5.43933010101,8.15900039673,0.0,0.0,6.90376996994
124,202700,Donatas Motiejunas,9.4890499115,0.0,0.0,18.2481994629,21.8978004456,21.1679000854,0.0,13.1386995316,0.0,6.2043800354,5.83941984177
125,203926,Doug McDermott,16.3435001373,0.0,3.60110998154,0.0,2.90859007835,28.1163005829,13.9889001846,10.2493000031,15.6510000229,4.01662015915,3.32410001755
126,203110,Draymond Green,18.5398006439,5.00409984589,5.00409984589,12.6332998276,8.69565010071,19.6882991791,1.31254994869,9.6800699234,2.29696011543,7.05495977402,10.0902004242
127,2400,Drew Gooden,9.09090995789,0.0,0.0,26.4463005066,0.0,26.4463005066,0.0,0.0,0.0,14.0495996475,0.0
128,1626251,Duje Dukan,0.0,0.0,0.0,0.0,0.0,0.0,0.0,0.0,0.0,0.0,0.0
129,2730,Dwight Howard,6.26282978058,0.0,0.0,9.34292030334,30.4927997589,0.0,0.0,22.1765995026,0.0,14.7843999863,15.9138002396
130,203939,Dwight Powell,6.46765995026,0.0,0.0,23.3831005096,0.0,14.4279003143,0.0,26.8656997681,9.45273971558,9.20398044586,7.96019983292
131,2548,Dwyane Wade,12.7631998062,10.9764003754,34.8437004089,0.0,10.5297002792,7.27505016327,4.40331983566,5.04148006439,5.55201005936,3.76516008377,4.65857982636
132,202734,E'Twaun Moore,18.2418003082,3.29670000076,24.8351993561,0.0,2.4175798893,27.6923007965,9.67033004761,4.83516979218,0.0,2.63736009598,4.83516979218
133,202334,Ed Davis,3.1120300293,0.0,0.0,24.8962993622,4.35685014725,0.0,0.0,26.9710006714,0.0,28.4232006073,9.12862968445
134,203901,Elfrid Payton,15.3767995834,7.12831020355,34.8269004822,0.0,0.0,18.0244007111,5.70265007019,5.39715003967,1.93482995033,4.07331991196,7.43381023407
135,202407,Elijah Millsap,18.6441001892,0.0,18.6441001892,0.0,0.0,33.8983001709,0.0,0.0,0.0,0.0,0.0
136,202343,Elliot Williams,0.0,0.0,0.0,0.0,0.0,0.0,0.0,0.0,0.0,0.0,0.0
137,1882,Elton Brand,0.0,0.0,0.0,27.0587997437,0.0,15.2940998077,0.0,30.5881996155,0.0,0.0,0.0
138,1626144,Emmanuel Mudiay,15.2834997177,6.65571022034,42.9744987488,0.0,2.79376006126,14.9547996521,4.7658200264,2.8759200573,3.53327989578,1.39688003063,4.7658200264
139,202683,Enes Kanter,8.83918952942,1.49094998837,0.0,20.2343006134,18.9563007355,5.11182022095,0.0,16.7199001312,0.0,21.7252006531,6.49627017975
140,202339,Eric Bledsoe,18.7315998077,13.1267995834,38.2005996704,0.0,1.62241995335,12.241900444,2.65487003326,1.62241995335,4.42477989197,0.0,6.04720020294
141,201569,Eric Gordon,16.2481994629,6.94238996506,26.4402008057,0.0,0.0,27.6219005585,6.64696979523,1.47710001469,11.0783004761,0.0,2.80649995804
142,203961,Eric Moreland,0.0,0.0,0.0,0.0,0.0,0.0,0.0,0.0,0.0,0.0,0.0
143,203475,Erick Green,0.0,0.0,0.0,0.0,0.0,0.0,0.0,0.0,0.0,0.0,0.0
144,101141,Ersan Ilyasova,9.13978004456,0.0,0.0,17.2042999268,6.98925018311,20.4300994873,1.62865996361,13.9785003662,6.35178995132,21.505399704,5.91398000717
145,203095,Evan Fournier,16.0102996826,5.05137014389,21.8321990967,0.0,0.0,24.8288002014,8.64725971222,4.45205020905,12.5855998993,1.45547997952,4.36643981934
146,202323,Evan Turner,15.0150003433,10.5104999542,31.5314998627,0.0,10.5104999542,13.8137998581,5.70570993423,4.30429983139,2.20219993591,2.30229997635,4.10410022736
147,203105,Festus Ezeli,5.555560112,0.0,0.0,16.0494003296,21.2963008881,0.0,0.0,30.2469005585,0.0,15.7406997681,9.56789970398
148,1626163,Frank Kaminsky,6.17284011841,3.85802006722,0.0,20.5247001648,10.8024997711,33.0247001648,1.6975300312,9.4135799408,2.9321000576,4.78394985199,5.8642001152
149,202066,Garrett Temple,31.672000885,2.25079989433,9.80706977844,0.0,0.0,32.4758987427,2.57235002518,4.18005990982,7.87781000137,2.41158008575,6.27010011673
150,203914,Gary Harris,21.3815994263,3.94737005234,10.4167003632,0.0,0.0,26.5351009369,14.6929998398,9.75876998901,7.67543983459,1.97368001938,3.50876998901
151,202390,Gary Neal,13.8297996521,6.11702013016,24.4680995941,0.0,0.0,25.2660007477,9.8404302597,0.0,14.095700264,0.0,3.45744991302
152,201588,George Hill,20.643699646,4.77248001099,28.7458000183,0.0,1.22087001801,19.7558002472,4.10655021667,3.44061994553,9.21199035645,2.44173002243,5.43839979172
153,101123,Gerald Green,17.3393001556,3.28849005699,7.3243598938,0.0,2.84005999565,34.9776000977,11.8086996078,3.58744001389,11.2108001709,2.84005999565,4.63378000259
154,201945,Gerald Henderson,13.0630998611,8.5585603714,18.1681995392,0.0,7.80780982971,22.0720996857,7.35735988617,5.25525999069,8.25825977325,2.40240001678,5.70570993423
155,203507,Giannis Antetokounmpo,20.4139995575,15.4889001846,9.99285984039,2.49821996689,8.13704013824,16.488199234,2.49821996689,10.920800209,1.07065999508,5.99571990967,6.49535989761
156,203922,Glenn Robinson,26.3441009521,0.0,9.13978004456,0.0,0.0,25.8064994812,5.37633991241,12.9032001495,10.2151002884,0.0,0.0
157,201609,Goran Dragic,20.5986003876,6.16197013855,37.9401016235,0.0,0.0,15.7569999695,5.80986022949,2.72886991501,3.78520989418,2.28872990608,4.57745981216
158,202330,Gordon Hayward,13.5740995407,10.9589004517,24.4085006714,0.871730983257,2.05479001999,19.4894008636,11.5193004608,3.86051988602,7.53424978256,1.99252998829,3.73599004745
159,203476,Gorgui Dieng,7.23763990402,3.73944997787,0.0,22.3159999847,15.6815004349,14.234000206,0.0,16.8878002167,0.0,8.80578994751,10.7357997894
160,202328,Greg Monroe,5.40316009521,5.15377998352,0.0,10.8063001633,33.8320999146,6.23440980911,0.0,17.6226005554,1.0806299448,14.1312999725,4.73815011978
161,202962,Greg Smith,0.0,0.0,0.0,31.9148998261,0.0,0.0,0.0,27.6595993042,0.0,0.0,0.0
162,202349,Greivis Vasquez,9.04255008698,0.0,31.9148998261,0.0,0.0,34.0425987244,7.44680976868,0.0,0.0,0.0,5.31914997101
163,203084,Harrison Barnes,19.1175994873,8.68984031677,4.41175985336,2.94117999077,12.7004995346,29.5454998016,1.3368999958,9.62567043304,4.14438009262,3.60963010788,3.87701010704
164,202355,Hassan Whiteside,3.96659994125,2.08768010139,0.0,20.7723999023,21.9207000732,1.98329997063,0.0,18.0585002899,0.0,20.4592990875,10.3339996338
165,203156,Henry Sims,0.0,0.0,0.0,20.388299942,17.4757003784,11.6505002975,0.0,18.4465999603,0.0,11.6505002975,10.679599762
166,203138,Hollis Thompson,19.1380996704,1.64766001701,6.59062004089,0.0,0.0,39.670501709,11.2800998688,4.56273984909,8.23828029633,4.18250989914,3.42204999924
167,203546,Ian Clark,0.0,0.0,0.0,0.0,0.0,0.0,0.0,0.0,0.0,0.0,0.0
168,101133,Ian Mahinmi,7.83409976959,2.30415010452,0.0,20.8908996582,10.752699852,7.98770999908,0.0,29.6466999054,0.0,9.06297969818,10.9062995911
169,202697,Iman Shumpert,15.8030996323,7.77201986313,15.2849998474,0.0,0.0,41.4508018494,3.36788010597,0.0,4.92227983475,0.0,6.99482011795
170,203477,Isaiah Canaan,18.3789997101,11.07310009,20.3195991516,0.0,0.0,27.8539009094,8.90410995483,2.28310990334,5.59360980988,0.0,4.10959005356
171,202738,Isaiah Thomas,22.7917003632,7.96074008942,30.9706001282,0.0,0.0,13.3043003082,9.32388019562,1.74481999874,8.56052017212,0.926935970783,4.4165802002
172,202397,Ish Smith,16.6089992523,10.7265996933,45.6747016907,0.0,0.0,15.2249002457,4.13043022156,0.0,1.3043500185,1.3043500185,5.19031000137
173,1626266,J.J. O'Brien,0.0,0.0,0.0,0.0,0.0,0.0,0.0,0.0,0.0,0.0,0.0
174,2747,J.R. Smith,15.3029003143,12.7524003983,7.86396980286,0.0,1.27523994446,33.6875991821,4.56961011887,1.80658996105,16.5781002045,0.0,4.67587995529
175,201581,JJ Hickson,8.5526304245,0.0,0.0,17.3332996368,9.21053028107,8.5526304245,0.0,16.0,0.0,14.6667003632,7.23683977127
176,200755,JJ Redick,12.1764001846,2.49281001091,5.46500015259,0.0,0.0,16.5867996216,18.5042991638,1.43815994263,38.7344017029,0.0,3.64334011078
177,203960,JaKarr Sampson,21.9178009033,4.34782981873,5.68561983109,0.0,0.0,33.5615997314,8.21918010712,17.8082008362,0.0,6.84931993485,5.35117006302
178,203210,JaMychal Green,8.67508029938,3.31229996681,0.0,14.826499939,13.8801002502,17.9811000824,0.0,15.9306001663,0.0,17.9811000824,6.6246099472
179,201580,JaVale McGee,0.0,0.0,0.0,22.6744003296,7.55813980103,5.8139500618,0.0,29.0697994232,0.0,19.7674007416,8.13953018188
180,203953,Jabari Parker,18.1900005341,9.13978004456,6.00358009338,4.92831993103,7.07884979248,22.4909992218,1.79210996628,17.2042999268,2.41934990883,6.27239990234,4.48028993607
181,203109,Jae Crowder,20.7000007629,2.09999990463,7.30000019073,3.79999995232,3.5,33.0,6.5,5.59999990463,7.40000009537,3.5,6.59999990463
182,1626143,Jahlil Okafor,6.59897994995,18.9848003387,0.0,13.0964002609,31.9797000885,4.5685300827,0.0,11.0659999847,0.0,8.52791976929,3.959389925
183,2037,Jamal Crawford,11.8454999924,22.4034004211,29.6137008667,0.0,0.0,18.025800705,8.75535964966,0.0,3.34764003754,0.944205999374,4.12017011642
184,2749,Jameer Nelson,9.30233001709,7.75193977356,47.0284004211,0.0,0.0,20.6718006134,7.2351398468,0.0,0.0,0.0,3.87596988678
185,202341,James Anderson,26.4957008362,0.0,16.6667003632,0.0,0.0,32.90599823,7.69230985641,0.0,4.27349996567,0.0,0.0
186,203516,James Ennis,19.3798007965,0.0,13.1782999039,0.0,0.0,31.0077991486,0.0,0.0,7.75193977356,10.0775003433,0.0
187,201935,James Harden,21.0076999664,24.1674003601,25.8752994537,0.0,4.78223991394,8.15542030334,3.71477007866,1.66524004936,3.41587996483,1.23826003075,5.59351015091
188,201949,James Johnson,15.432100296,17.2840003967,6.48148012161,0.0,5.555560112,30.5555992126,0.0,6.48148012161,4.0123500824,5.24691009521,4.3209900856
189,2592,James Jones,9.75609970093,0.0,0.0,6.09755992889,0.0,50.0,0.0,0.0,15.8536996841,0.0,6.70732021332
190,203949,James Michael McAdoo,0.0,0.0,0.0,0.0,0.0,0.0,0.0,0.0,0.0,0.0,0.0
191,203923,James Young,27.906999588,0.0,0.0,0.0,0.0,46.5116004944,0.0,0.0,0.0,0.0,0.0
192,203099,Jared Cunningham,18.3206005096,0.0,19.8472995758,0.0,0.0,28.2443008423,0.0,12.9771003723,0.0,0.0,0.0
193,201162,Jared Dudley,20.3612003326,0.0,0.0,13.4646997452,0.0,43.3498001099,0.0,6.73234987259,5.58292007446,2.95567011833,4.1050901413
194,203096,Jared Sullinger,6.91760015488,5.79858016968,0.0,16.7854003906,16.2766990662,20.8544998169,0.0,8.85046005249,4.78128004074,12.5127000809,6.51068019867
195,204067,Jarell Eddie,0.0,0.0,0.0,0.0,0.0,0.0,0.0,0.0,0.0,0.0,0.0
196,1626185,Jarell Martin,10.429400444,7.36195993423,0.0,14.7238998413,9.20244979858,14.7238998413,0.0,16.5643997192,0.0,17.1779003143,7.97546005249
197,203950,Jarnell Stokes,0.0,0.0,0.0,0.0,0.0,0.0,0.0,0.0,0.0,0.0,0.0
198,101127,Jarrett Jack,10.9312000275,10.1215000153,43.9271011353,0.0,0.0,18.4211006165,4.65586996078,0.0,2.83400988579,0.0,7.08502006531
199,201160,Jason Smith,4.58404016495,0.0,0.0,40.4075012207,2.37690997124,26.9948997498,0.0,6.28182983398,3.73514008522,4.58404016495,9.67741966248
200,1891,Jason Terry,19.679599762,3.4324901104,13.9588003159,0.0,0.0,44.1647987366,5.49199008942,0.0,4.34782981873,0.0,6.63615989685
201,201574,Jason Thompson,0.0,0.0,0.0,17.0732002258,0.0,25.6098003387,0.0,15.8536996841,0.0,17.0732002258,0.0
202,201965,Jeff Ayres,0.0,0.0,0.0,0.0,0.0,0.0,0.0,0.0,0.0,0.0,0.0
203,201145,Jeff Green,16.5625,12.1875,6.25,3.33817005157,12.8125,29.0625,4.06385993958,5.0,5.80552005768,3.4375,5.51524019241
204,201952,Jeff Teague,17.3750991821,13.9448003769,40.6413002014,0.0,0.969425976276,10.2908000946,5.51827001572,1.56599998474,3.28113007545,0.0,5.81655979156
205,203481,Jeff Withey,5.99077987671,0.0,0.0,17.9724006653,0.0,7.83409976959,0.0,37.3272018433,0.0,17.050699234,11.5207004547
206,203924,Jerami Grant,16.0464992523,11.8605003357,2.67442011833,10.4651002884,5.69766998291,24.8836994171,2.7906999588,12.5580997467,2.44185996056,6.04651021957,4.53488016129
207,202379,Jeremy Evans,0.0,0.0,0.0,15.873000145,0.0,20.6348991394,0.0,31.7460002899,0.0,0.0,0.0
208,203087,Jeremy Lamb,11.8928003311,6.8676700592,24.2880992889,0.0,0.0,18.7604999542,5.8626499176,8.04020023346,15.912899971,4.69012022018,2.84756994247
209,202391,Jeremy Lin,13.2019996643,7.38916015625,32.709400177,0.0,0.0,21.8719005585,7.29063987732,4.23645019531,7.0935997963,0.0,5.51724004745
210,1626170,Jerian Grant,15.6899995804,9.64083003998,34.9715995789,0.0,0.0,19.2817001343,4.91492986679,3.7807199955,4.72590017319,0.0,6.04914999008
211,201573,Jerryd Bayless,15.5963001251,7.15596008301,21.10090065,0.0,0.0,29.9083003998,8.99083042145,2.56880998611,8.62384986877,0.0,4.77063989639
212,202690,Jimmer Fredette,0.0,0.0,0.0,0.0,0.0,0.0,0.0,0.0,0.0,0.0,0.0
213,202710,Jimmy Butler,12.1455001831,12.2909002304,31.7091007233,0.872726976871,5.67272996902,10.6182003021,5.52726984024,9.16364002228,4.9454498291,2.69091010094,4.36363983154
214,201149,Joakim Noah,6.89655017853,0.0,0.0,9.8522195816,4.9261097908,7.88177013397,0.0,14.2856998444,0.0,29.5566997528,21.1823005676
215,201975,Jodie Meeks,0.0,0.0,0.0,0.0,0.0,0.0,0.0,0.0,0.0,0.0,0.0
216,203925,Joe Harris,0.0,0.0,0.0,0.0,0.0,0.0,0.0,0.0,0.0,0.0,0.0
217,204060,Joe Ingles,10.7735004425,4.41988992691,15.4695997238,0.0,0.0,44.7513999939,14.6408996582,0.0,3.03867006302,0.0,4.69612979889
218,2207,Joe Johnson,9.09090995789,11.3635997772,27.2726993561,0.0,10.7143001556,25.9740009308,1.94805002213,0.0,4.8701300621,1.42857003212,3.24675011635
219,1626202,Joe Young,0.0,0.0,0.0,0.0,0.0,0.0,0.0,0.0,0.0,0.0,0.0
220,201202,Joel Anthony,0.0,0.0,0.0,0.0,0.0,0.0,0.0,0.0,0.0,0.0,0.0
221,203530,Joffrey Lauvergne,8.13704013824,2.99785995483,0.0,24.6252994537,14.1328001022,19.057800293,0.0,13.0621004105,0.0,9.63597011566,7.28050994873
222,203089,John Henson,6.15763998032,0.0,0.0,21.9211997986,14.0394001007,3.44828009605,0.0,29.5566997528,0.0,14.2856998444,9.35960960388
223,203098,John Jenkins,21.238899231,0.0,26.5487003326,0.0,0.0,16.8141994476,0.0,0.0,11.5044002533,0.0,0.0
224,202322,John Wall,23.5491008759,11.1606998444,40.2344017029,0.0,0.892857015133,12.8347997665,2.51115989685,0.892857015133,1.5625,1.00445997715,5.35714006424
225,203948,Johnny O'Bryant,6.25,0.0,0.0,13.2812004089,7.03125,26.9531002045,0.0,20.3125,0.0,13.6718997955,6.64062023163
226,202720,Jon Leuer,10.616399765,7.87670993805,0.0,23.4589004517,7.53424978256,23.6301002502,1.88355994225,8.90410995483,0.0,8.39041042328,6.33561992645
227,201973,Jonas Jerebko,14.247300148,0.0,0.0,11.8280000687,4.83870983124,36.5591011047,0.0,11.8280000687,0.0,6.98925018311,8.33333015442
228,202685,Jonas Valanciunas,3.93811988831,0.0,0.0,14.2053003311,27.4262008667,3.23487997055,0.0,20.6751003265,0.0,20.253200531,8.57946968079
229,203613,Jonathon Simmons,19.3938999176,8.18181991577,15.7575998306,0.0,0.0,28.1818008423,6.36363983154,7.87878990173,4.84848022461,0.0,6.36363983154
230,203919,Jordan Adams,0.0,0.0,0.0,0.0,0.0,0.0,0.0,0.0,0.0,0.0,0.0
231,203903,Jordan Clarkson,15.419500351,9.97731971741,35.9788017273,0.0,0.755858004093,13.6054000854,5.89568996429,5.36659002304,5.74452018738,3.25019001961,3.9304599762
232,200770,Jordan Farmar,9.0163898468,9.83607006073,37.7048988342,0.0,0.0,18.8525009155,0.0,0.0,8.19672012329,0.0,0.0
233,202706,Jordan Hamilton,18.5713996887,9.28571033478,12.8570995331,0.0,0.0,32.1428985596,0.0,0.0,0.0,0.0,0.0
234,201941,Jordan Hill,4.70756006241,4.85021018982,0.0,19.8288002014,24.1084003448,7.56062984467,0.0,17.261100769,0.0,13.1240997314,7.56062984467
235,203895,Jordan McRae,30.7691993713,0.0,25.6410007477,0.0,0.0,0.0,0.0,0.0,0.0,0.0,0.0
236,1626175,Jordan Mickey,0.0,0.0,0.0,0.0,0.0,0.0,0.0,0.0,0.0,0.0,0.0
237,203268,Jorge Gutierrez,0.0,0.0,0.0,0.0,0.0,0.0,0.0,0.0,0.0,0.0,0.0
238,101181,Jose Calderon,10.2334003448,2.15440011024,38.061000824,0.0,0.0,22.9803009033,7.71993017197,2.87252998352,7.71993017197,0.0,7.54039001465
239,200826,Jose Juan Barea,8.5946598053,8.94309043884,52.845500946,0.0,0.0,17.1893005371,5.11034011841,1.16144001484,1.74215996265,0.0,3.71660995483
240,203962,Josh Huestis,0.0,0.0,0.0,0.0,0.0,0.0,0.0,0.0,0.0,0.0,0.0
241,201177,Josh McRoberts,0.0,12.7551002502,0.0,18.3673000336,0.0,34.1837005615,0.0,7.14285993576,0.0,0.0,11.7347002029
242,1626196,Josh Richardson,12.8358001709,4.77612018585,24.4776000977,0.0,0.0,40.298500061,3.88059997559,2.98506999016,0.0,0.0,6.56716012955
243,2746,Josh Smith,12.5580997467,12.5580997467,9.30233001709,13.0233001709,4.65115976334,18.5949993134,0.0,7.90698003769,0.0,4.95868015289,8.37209033966
244,201950,Jrue Holiday,10.451499939,8.7792596817,51.6721992493,0.0,1.42139995098,8.61203956604,5.60200977325,2.00669002533,3.84614992142,1.33779001236,6.18729019165
245,203944,Julius Randle,15.7702999115,21.786699295,2.18777990341,9.38924026489,11.9416999817,11.2124004364,0.0,8.65997982025,2.18777990341,10.3920001984,5.83409023285
246,1626147,Justin Anderson,17.621099472,5.28634023666,14.0968999863,0.0,0.0,32.1585998535,6.60793018341,4.4052901268,7.48898983002,4.4052901268,5.72687005997
247,202712,Justin Harper,0.0,0.0,0.0,0.0,0.0,0.0,0.0,0.0,0.0,0.0,0.0
248,203200,Justin Holiday,27.7777996063,5.72916984558,16.6667003632,0.0,0.0,41.1110992432,9.375,0.0,5.72916984558,0.0,7.8125
249,1626159,Justise Winslow,24.098400116,2.45901989937,7.04918003082,0.0,3.44262003899,30.1639003754,4.2623000145,11.9672002792,0.0,7.54097986221,6.55738019943
250,203994,Jusuf Nurkic,3.24483990669,0.0,0.0,24.4838008881,31.8584003448,3.24483990669,0.0,11.7994003296,0.0,15.3392000198,9.43953037262
251,203909,KJ McDaniels,0.0,0.0,0.0,0.0,0.0,0.0,0.0,0.0,0.0,0.0,0.0
252,1626157,Karl-Anthony Towns,7.33057022095,6.63899993896,0.0,24.7579994202,17.3582000732,11.0649995804,0.0,8.02213001251,5.60165977478,11.5490999222,7.26141023636
253,202695,Kawhi Leonard,12.8302001953,11.7735996246,13.6604003906,1.05659997463,12.9811000824,23.4717006683,6.41509008408,4.30188989639,6.56604003906,3.47169995308,3.47169995308
254,203951,Keith Appling,0.0,0.0,0.0,0.0,0.0,0.0,0.0,0.0,0.0,0.0,0.0
255,203482,Kelly Olynyk,13.8888998032,2.92397999763,0.0,19.4444007874,7.3099398613,24.8537998199,4.97075986862,7.45614004135,5.70174980164,6.57894992828,5.70174980164
256,1626162,Kelly Oubre,21.5093994141,0.0,9.43395996094,0.0,0.0,31.3208007812,6.79244995117,11.3207998276,4.90566015244,6.41509008408,5.28302001953
257,202689,Kemba Walker,13.7951002121,7.69685983658,46.7140007019,0.0,0.0,13.9728002548,5.97986984253,1.95381999016,3.25636005402,1.30254995823,5.32859992981
258,203088,Kendall Marshall,8.38323020935,11.3772001266,29.341299057,0.0,5.98801994324,28.143699646,0.0,0.0,0.0,0.0,9.58084011078
259,2570,Kendrick Perkins,0.0,0.0,0.0,24.2187995911,17.9687995911,0.0,0.0,18.75,0.0,0.0,17.9687995911
260,202702,Kenneth Faried,13.2678003311,2.21129989624,0.0,16.2161998749,11.5479001999,5.15970993042,0.0,20.7616996765,0.0,21.2530994415,9.09090995789
261,203145,Kent Bazemore,23.4340991974,4.75161981583,15.1188001633,0.0,0.0,30.1296005249,6.80346012115,8.8552904129,4.64363002777,1.51188004017,4.64363002777
262,203484,Kentavious Caldwell-Pope,22.1840000153,4.98710012436,22.3560009003,0.0,0.0,25.537399292,5.24505996704,3.18143010139,8.08255004883,3.4393799305,4.72914981842
263,201142,Kevin Durant,15.1282997131,14.9098997116,19.0060005188,5.46150016785,8.13763046265,11.0321998596,2.18460011482,3.98689007759,14.1452999115,1.25613999367,4.7515001297
264,708,Kevin Garnett,9.28571033478,0.0,0.0,20.0,18.5713996887,25.7143001556,0.0,9.28571033478,0.0,0.0,12.1429004669
265,201567,Kevin Love,9.04043960571,3.33068990707,0.0,15.3052997589,24.5837001801,26.3283004761,1.50673997402,4.28232002258,4.59952020645,5.63044977188,5.23394012451
266,2755,Kevin Martin,14.5454998016,13.0733995438,9.09090995789,0.0,4.12843990326,28.1818008423,5.27522993088,9.09090995789,16.3635997772,0.0,4.35780000687
267,202338,Kevin Seraphin,5.8139500618,5.42636013031,0.0,13.5658998489,43.410900116,6.97673988342,0.0,10.8527002335,0.0,4.65115976334,8.91473007202
268,1626172,Kevon Looney,0.0,0.0,0.0,0.0,0.0,0.0,0.0,0.0,0.0,0.0,0.0
269,203114,Khris Middleton,13.554599762,11.1342000961,18.0498008728,1.72890996933,8.09129047394,16.3899993896,10.3043003082,2.07469010353,11.8256998062,1.31396996975,5.53249979019
270,2550,Kirk Hinrich,20.529800415,0.0,27.8145999908,0.0,0.0,25.165599823,8.60927009583,0.0,0.0,0.0,7.94702005386
271,202691,Klay Thompson,17.5449008942,5.0216999054,7.12957000732,0.867947995663,3.65777993202,17.0489997864,3.59577989578,8.43148994446,30.9981002808,1.17792999744,4.52573013306
272,977,Kobe Bryant,9.61968994141,19.9104995728,20.9545001984,0.89485502243,13.6464996338,12.6771001816,6.93512010574,1.78971004486,7.23340988159,1.9388500452,4.39970016479
273,201585,Kosta Koufos,7.80669021606,0.0,0.0,21.0037002563,13.1969995499,0.0,0.0,32.7137985229,0.0,17.1004009247,5.57621002197
274,203123,Kostas Papanikolaou,11.8280000687,0.0,13.9785003662,0.0,0.0,37.6343994141,10.752699852,0.0,0.0,0.0,11.8280000687
275,2743,Kris Humphries,13.8685998917,0.0,0.0,19.7080001831,0.0,27.2726993561,0.0,7.17949008942,0.0,9.23077011108,7.69230985641
276,204001,Kristaps Porzingis,7.15563011169,6.08229017258,1.16278994083,13.6851997375,15.0268001556,24.7763996124,0.0,10.733499527,7.51342010498,7.2450799942,5.8139500618
277,203937,Kyle Anderson,15.640999794,13.5896997452,9.74359035492,0.0,9.74359035492,27.9486999512,4.87178993225,4.10256004334,0.0,3.58974003792,6.66666984558
278,2594,Kyle Korver,13.850399971,0.0,6.78669977188,0.0,0.0,23.9612007141,13.1578998566,3.46259999275,31.4403991699,0.0,5.81717014313
279,200768,Kyle Lowry,16.8201007843,9.76058959961,35.7274017334,0.736648023129,1.84161996841,15.7152004242,5.46346998215,0.67526102066,6.13874006271,1.16636002064,5.95456981659
280,203124,Kyle O'Quinn,6.38888978958,6.38888978958,0.0,19.7222003937,18.3332996368,14.7222003937,0.0,14.1667003632,0.0,10.0,8.61110973358
281,202713,Kyle Singler,18.4501991272,0.0,0.0,0.0,0.0,40.2214012146,5.53505992889,12.5460996628,0.0,8.85608959198,6.27305984497
282,202681,Kyrie Irving,13.0840997696,14.2990999222,43.551399231,0.0,1.86916005611,10.6541996002,4.29906988144,1.30841004848,4.29906988144,1.40187001228,4.85980987549
283,200746,LaMarcus Aldridge,4.84375,1.17188000679,0.0,20.1562004089,33.6719017029,15.625,0.0,8.98437976837,2.73438000679,9.84375,2.42188000679
284,203934,Lamar Patterson,11.4034996033,0.0,11.4034996033,0.0,0.0,42.9824981689,0.0,9.64912033081,0.0,0.0,0.0
285,202362,Lance Stephenson,18.2222003937,13.3332996368,21.3332996368,0.0,5.12821006775,27.1110992432,3.84614992142,3.58974003792,0.0,5.33333015442,2.82050991058
286,202498,Lance Thomas,13.141699791,6.5708398819,5.95483016968,2.46407008171,5.33880996704,39.0144004822,0.0,8.62423038483,5.74948978424,3.90143990517,7.80286979675
287,204038,Langston Galloway,22.0461006165,4.75504016876,17.4351997375,0.0,0.0,27.9538993835,8.06916046143,5.04323005676,6.05186986923,2.73775005341,5.76368999481
288,1626204,Larry Nance Jr.,11.4525003433,3.91060996056,0.0,11.4525003433,0.0,21.5083999634,0.0,19.8323993683,3.63127994537,15.0838003159,8.10056018829
289,202730,Lavoy Allen,8.4745798111,0.0,0.0,17.1609992981,8.4745798111,13.5593004227,0.0,22.0338993073,0.0,19.0678005219,9.11017036438
290,2544,LeBron James,19.4503993988,19.073299408,21.551700592,3.60991001129,10.6141996384,6.6810297966,1.88577997684,5.65733003616,2.10128998756,3.60991001129,5.76508998871
291,2571,Leandro Barbosa,27.3332996368,5.777780056,14.4443998337,0.0,0.0,19.3332996368,5.33333015442,3.555560112,15.5556001663,0.0,6.66666984558
292,203485,Lorenzo Brown,0.0,0.0,0.0,0.0,0.0,0.0,0.0,0.0,0.0,0.0,0.0
293,200811,Lou Amundson,0.0,0.0,0.0,0.0,0.0,0.0,0.0,0.0,0.0,0.0,0.0
294,101150,Lou Williams,14.1538000107,9.33333015442,43.6922988892,0.0,0.0,10.2564001083,7.89743995666,1.53846001625,8.82050991058,1.53846001625,2.35896992683
295,201601,Luc Mbah a Moute,18.4211006165,0.0,0.0,7.5187997818,0.0,29.6991996765,0.0,24.8120002747,0.0,8.27068042755,4.88721990585
296,203512,Lucas Nogueira,0.0,0.0,0.0,0.0,0.0,0.0,0.0,0.0,0.0,0.0,0.0
297,1626242,Luis Montero,0.0,0.0,0.0,0.0,0.0,0.0,0.0,0.0,0.0,0.0,0.0
298,2449,Luis Scola,13.6169996262,0.0,0.0,18.439699173,15.4610004425,29.361700058,0.0,7.80142021179,0.0,8.22694969177,5.10637998581
299,202337,Luke Babbitt,13.8554000854,4.51807022095,6.9277100563,0.0,0.0,43.9758987427,4.81928014755,0.0,10.8434000015,6.62651014328,0.0
300,2736,Luol Deng,15.4774999619,4.28101015091,2.85401010513,7.02524995804,6.6959400177,35.4555015564,1.8660800457,9.54994010925,4.50054979324,6.91548013687,5.37869977951
301,1938,Manu Ginobili,9.76027011871,6.16438007355,23.801399231,0.0,0.0,27.2259998322,7.70548009872,6.84931993485,7.87670993805,0.0,6.84931993485
302,201188,Marc Gasol,1.9230799675,5.555560112,0.0,22.1154003143,40.1708984375,10.4701004028,0.0,8.2264995575,1.388890028,3.20513010025,6.73077011108
303,1626273,Marcelo Huertas,13.75,3.125,48.4375,0.0,0.0,11.875,5.9375,3.4375,0.0,0.0,9.6875
304,101162,Marcin Gortat,7.55873012543,1.1236000061,0.0,23.0848007202,15.6281995773,1.63432002068,0.0,31.358499527,0.0,10.7251996994,8.1716003418
305,201158,Marco Belinelli,13.0377998352,0.0,13.2986001968,0.0,0.0,20.3390007019,9.2568397522,3.78096008301,33.6375999451,0.0,4.69361019135
306,202694,Marcus Morris,11.0092000961,14.5954999924,12.2601995468,4.25354003906,13.7615003586,22.6856002808,3.33611011505,2.00166988373,4.83735990524,4.33694982529,6.92244005203
307,203935,Marcus Smart,16.8374996185,4.68521022797,18.1551990509,0.0,6.14934015274,25.1830005646,5.85652017593,4.97804021835,2.92826008797,6.73499011993,8.05270957947
308,201977,Marcus Thornton,12.6983995438,4.59999990463,25.3967990875,0.0,0.0,28.5713996887,6.59999990463,4.40000009537,10.3175001144,3.40000009537,5.80000019073
309,201596,Mario Chalmers,15.1857995987,5.81583023071,32.6086997986,0.0,0.0,16.8013000488,5.97737979889,2.26170992851,2.42325997353,2.26170992851,9.04685020447
310,1626209,Mario Hezonja,15.9259004593,4.25926017761,20.3703994751,0.0,0.0,25.5555992126,7.40741014481,3.14814996719,13.8888998032,2.59259009361,5.74073982239
311,203900,Markel Brown,17.1837997437,3.10262989998,23.6277008057,0.0,0.0,28.8782997131,3.81861996651,4.53460979462,8.83055019379,3.3412899971,6.44391012192
312,202693,Markieff Morris,6.93949985504,5.38244009018,2.31316995621,15.8640003204,15.8640003204,14.768699646,0.0,5.94900989532,6.79887008667,4.80426979065,6.79887008667
313,201578,Marreese Speights,7.01753997803,5.0877199173,0.0,21.7544002533,8.59648990631,18.9473991394,0.0,10.1753997803,10.7018003464,10.7018003464,6.49123001099
314,101107,Marvin Williams,8.1050195694,0.0,2.05479001999,14.8402004242,4.33790016174,39.4976997375,3.65297007561,6.39269018173,4.56620979309,9.01826000214,7.07763004303
315,203486,Mason Plumlee,12.6520996094,5.35279989243,0.0,20.8029003143,8.63747024536,4.25790977478,0.0,22.9927005768,0.0,11.435500145,12.5304002762
316,2440,Matt Barnes,20.7373008728,2.88017988205,5.29954004288,3.34101009369,2.30415010452,31.1060009003,3.11059999466,9.33180046082,7.02764987946,6.22119998932,8.64054965973
317,2588,Matt Bonner,0.0,0.0,0.0,0.0,0.0,0.0,0.0,0.0,0.0,0.0,0.0
318,203521,Matthew Dellavedova,8.96444988251,3.40031003952,46.6769981384,0.0,0.0,23.1839008331,6.02782011032,1.70015001297,2.00926995277,0.0,6.18238019943
319,203090,Maurice Harkless,16.7308006287,3.65385007858,6.15385007858,2.11538004875,4.4230799675,28.0769004822,3.46153998375,12.5,4.61537981033,12.8845996857,5.38462018967
320,1897,Metta World Peace,8.67580032349,11.4154996872,10.0457000732,0.0,17.351600647,28.3104991913,9.13241958618,0.0,0.0,5.47945022583,0.0
321,203086,Meyers Leonard,6.77966022491,0.0,0.0,26.3652992249,5.83803987503,35.4048995972,0.0,7.15631008148,2.44821000099,4.14312982559,9.41619968414
322,201563,Michael Beasley,15.1393995285,17.5298995972,5.17927980423,12.3506002426,5.57769012451,20.3187007904,0.0,7.96813011169,0.0,7.17130994797,5.17927980423
323,203487,Michael Carter-Williams,13.3163003922,11.779800415,32.5223999023,0.0,4.7375202179,14.7246999741,2.43278002739,8.19462013245,1.28041005135,2.94494009018,7.93853998184
324,203077,Michael Kidd-Gilchrist,30.0,0.0,17.5,0.0,0.0,21.25,0.0,12.5,0.0,0.0,0.0
325,201144,Mike Conley,11.3531999588,6.4220199585,43.3485984802,0.0,0.0,12.5,9.40367031097,2.63760995865,8.02752017975,1.37615001202,4.8165102005
326,2399,Mike Dunleavy,15.3508996963,0.0,5.70174980164,0.0,0.0,28.0701999664,11.8421001434,11.4034996033,17.1053009033,0.0,4.82456016541
327,2034,Mike Miller,0.0,0.0,0.0,0.0,0.0,48.1012992859,0.0,0.0,0.0,0.0,13.9240999222
328,203488,Mike Muscala,8.16326999664,0.0,0.0,23.4694004059,5.102039814,23.9796009064,0.0,15.3060998917,0.0,11.2244997025,9.18367004395
329,203118,Mike Scott,15.8837003708,0.0,0.0,18.7919006348,8.05368995666,28.1879005432,0.0,15.2124996185,0.0,5.5928401947,3.57942008972
330,203101,Miles Plumlee,5.64784002304,0.0,0.0,20.2658004761,12.2924003601,0.0,0.0,30.8969993591,0.0,17.2756996155,9.30233001709
331,203141,Mirza Teletovic,13.6705999374,2.90634989738,1.29171001911,8.93433952332,13.4553003311,32.5080986023,4.73627996445,2.04520988464,12.0559997559,3.98277997971,4.41335010529
332,203956,Mitch McGary,0.0,0.0,0.0,0.0,0.0,0.0,0.0,0.0,0.0,0.0,0.0
333,2590,Mo Williams,14.6667003632,4.0,43.2000007629,0.0,0.0,18.3999996185,6.93333005905,0.0,4.26667022705,0.0,6.93333005905
334,101145,Monta Ellis,17.4808998108,7.32823991776,38.3205986023,0.0,0.0,14.6564998627,6.71755981445,1.90840005875,5.64884996414,1.37405002117,5.49618005753
335,1626149,Montrezl Harrell,18.4615001678,0.0,0.0,20.0,15.3845996857,0.0,0.0,17.6923007965,0.0,15.3845996857,8.46154022217
336,1626167,Myles Turner,7.41885995865,4.01854991913,0.0,27.8206996918,21.9475002289,8.34620952606,0.0,13.9104003906,2.47294998169,6.80062007904,7.26429986954
337,101126,Nate Robinson,0.0,0.0,0.0,0.0,0.0,0.0,0.0,0.0,0.0,0.0,0.0
338,1737,Nazr Mohammed,0.0,0.0,0.0,0.0,0.0,0.0,0.0,0.0,0.0,0.0,0.0
339,202357,Nemanja Bjelica,9.44624996185,10.097700119,0.0,12.3779001236,4.56025981903,32.573299408,0.0,7.81759023666,0.0,8.79479026794,10.423500061
340,2403,Nene,7.52294015884,6.60550022125,0.0,16.8806991577,31.0091991425,6.05504989624,0.0,21.2844009399,0.0,3.48623991013,5.87156009674
341,203457,Nerlens Noel,10.4460000992,9.27229976654,0.0,18.4272003174,10.2112998962,8.33333015442,0.0,21.2441005707,0.0,12.7933998108,8.45069980621
342,2555,Nick Collison,0.0,0.0,0.0,25.5813999176,0.0,0.0,0.0,24.4186000824,0.0,20.9302005768,17.4419002533
343,201156,Nick Young,14.4521999359,6.9930100441,16.5501003265,0.0,0.0,28.9043998718,7.22610998154,0.0,17.7155990601,0.0,3.49650001526
344,201587,Nicolas Batum,10.567700386,9.34498023987,22.7073993683,0.0,4.97816991806,13.2750997543,12.1396999359,2.4454100132,15.9825000763,2.18340992928,5.93885993958
345,203917,Nik Stauskas,17.8519992828,4.20900011063,15.529800415,0.0,0.0,38.8969993591,9.28882026672,2.32221007347,6.96661996841,1.59651994705,3.33817005157
346,203999,Nikola Jokic,5.94185018539,3.53981995583,0.0,19.4689998627,19.8483009338,10.7459001541,0.0,15.423500061,0.0,13.6535997391,9.86093997955
347,202703,Nikola Mirotic,11.6308002472,3.91909003258,2.78129005432,7.58534002304,11.1252002716,36.4095993042,5.30973005295,5.56258010864,5.05689001083,4.55119991302,6.06827020645
348,201593,Nikola Pekovic,0.0,0.0,0.0,15.9420003891,52.1739006042,0.0,0.0,0.0,0.0,0.0,0.0
349,202696,Nikola Vucevic,5.12195014954,7.15446996689,0.89430898428,18.3740005493,28.2926998138,13.4146003723,0.89430898428,9.59350013733,1.54472005367,9.51220035553,5.20324993134
350,203943,Noah Vonleh,7.73639011383,2.86532998085,0.0,18.3381004334,7.16332006454,24.9284000397,0.0,11.7479000092,0.0,16.0457992554,8.88251972198
351,1626181,Norman Powell,23.7761993408,0.0,19.5804004669,0.0,0.0,37.7621994019,0.0,3.49650001526,5.59440994263,0.0,0.0
352,202708,Norris Cole,16.9230995178,3.76067996025,47.6922988892,0.0,0.0,16.4102993011,7.00855016708,0.0,0.0,0.0,4.95726013184
353,201564,O.J. Mayo,17.8048992157,3.90244007111,15.1219997406,0.0,2.43901991844,26.3414993286,10.9756002426,2.92683005333,8.78048992157,0.0,9.51220035553
354,201600,Omer Asik,0.0,0.0,0.0,21.2903003693,0.0,0.0,0.0,34.8386993408,0.0,23.5484008789,13.8710002899
355,201956,Omri Casspi,23.5144996643,2.65487003326,4.42477989197,2.78129005432,1.26421999931,38.1795005798,4.55119991302,9.22881984711,4.67761993408,4.55119991302,4.17192983627
356,203111,Orlando Johnson,0.0,0.0,0.0,0.0,0.0,0.0,0.0,0.0,0.0,0.0,0.0
357,203490,Otto Porter,24.6429004669,1.54762005806,9.88094997406,2.61905002594,1.30952000618,28.9286003113,2.5,9.40476036072,7.26189994812,7.14285993576,4.76189994812
358,203798,PJ Hairston,18.9873008728,0.0,8.17609977722,0.0,0.0,29.746799469,5.97484016418,0.0,5.03144979477,3.77358007431,0.0
359,200782,PJ Tucker,18.0977993011,3.17040991783,6.60502004623,1.58519995213,8.45442962646,29.4584007263,1.58519995213,7.66181993485,2.11361002922,13.3421001434,7.92602014542
360,203143,Pablo Prigioni,12.5628004074,8.04020023346,44.2210998535,0.0,0.0,18.593000412,0.0,0.0,0.0,0.0,9.54773998261
361,1626192,Pat Connaughton,0.0,0.0,0.0,0.0,0.0,0.0,0.0,0.0,0.0,0.0,0.0
362,201976,Patrick Beverley,20.110200882,7.98897981644,19.0083007812,1.92836999893,0.0,36.5013999939,2.61707997322,0.0,0.0,3.4435300827,6.74931001663
363,202335,Patrick Patterson,10.3147001266,0.0,0.0,14.1607999802,2.44755005836,52.7971992493,0.0,2.62238001823,0.0,8.56643009186,6.9930100441
364,201988,Patty Mills,13.6428003311,2.25034999847,28.4106998444,0.0,0.0,24.3318996429,7.7355799675,4.9226398468,12.2363004684,0.0,5.06329011917
365,2200,Pau Gasol,4.97280979156,5.82750988007,0.0,21.2120990753,20.6681995392,20.2019996643,0.0,7.22610998154,1.70940005779,8.70240974426,8.9355096817
366,202331,Paul George,16.174200058,13.9968996048,21.1508998871,1.14049005508,3.36962008476,11.2494001389,5.33955001831,3.68066000938,16.018699646,1.96993005276,5.90980005264
367,200794,Paul Millsap,10.8559999466,7.86359977722,1.46138000488,17.9540996552,16.0055999756,19.4153995514,0.904662013054,11.6909999847,3.20110988617,5.84551000595,4.80167007446
368,1718,Paul Pierce,13.6364002228,7.85124015808,2.06611990929,16.3222999573,6.40496015549,39.4627990723,0.0,0.0,6.40496015549,0.0,3.92562007904
369,203515,Phil Pressey,40.0,0.0,35.0,0.0,0.0,16.25,0.0,0.0,0.0,0.0,0.0
370,203112,Quincy Acy,13.3332996368,0.0,0.0,14.0740995407,0.0,26.6667003632,0.0,18.1480998993,0.0,12.9630002975,8.88889026642
371,1626154,RJ Hunter,0.0,0.0,0.0,0.0,0.0,0.0,0.0,0.0,0.0,0.0,0.0
372,200765,Rajon Rondo,19.8062992096,7.39437007904,39.2606010437,0.0,0.0,15.4048995972,2.37676000595,3.78520989418,0.0,2.46479010582,8.89085006714
373,1626176,Rakeem Christmas,0.0,0.0,0.0,0.0,0.0,0.0,0.0,0.0,0.0,0.0,0.0
374,201196,Ramon Sessions,25.9036006927,3.61445999146,35.0601997375,0.0,0.0,17.7108001709,3.49397993088,5.18071985245,3.01204991341,0.0,5.06023979187
375,200751,Randy Foye,15.4254999161,7.38916015625,21.276599884,0.0,0.0,39.3616981506,6.40394020081,0.0,3.94089007378,0.0,4.9261097908
376,1626173,Rashad Vaughn,19.6012992859,0.0,7.30896997452,0.0,0.0,46.5116004944,4.65115976334,0.0,13.2889995575,0.0,0.0
377,2446,Rasual Butler,19.8346996307,0.0,0.0,0.0,0.0,47.1073989868,8.26445960999,0.0,0.0,0.0,0.0
378,203526,Raul Neto,13.9785003662,5.555560112,27.7777996063,0.0,0.0,33.1540985107,10.2151002884,2.15054011345,0.0,0.0,5.19713020325
379,203492,Ray McCallum,12.0481996536,0.0,27.7108001709,0.0,0.0,13.8297996521,12.765999794,13.2530002594,10.638299942,0.0,0.0
380,101109,Raymond Felton,8.63636016846,10.2272996902,45.0,0.0,0.0,22.2726993561,2.61364006996,1.81817996502,2.27273011208,0.0,6.59090995789
381,203493,Reggie Bullock,16.0713996887,0.0,0.0,0.0,0.0,46.4286003113,9.8214302063,0.0,0.0,0.0,0.0
382,202704,Reggie Jackson,13.2170000076,11.4090003967,55.8602981567,0.0,0.0,8.16707992554,2.05735993385,1.05984997749,1.24688005447,1.30922996998,5.54863023758
383,2210,Richard Jefferson,16.4102993011,4.10256004334,6.4102602005,0.0,0.0,47.6922988892,7.94871997833,5.38462018967,4.87178993225,0.0,5.12821006775
384,1626158,Richaun Holmes,8.39161014557,0.0,0.0,21.3286991119,4.19579982758,14.3357000351,0.0,26.2238006592,0.0,13.6364002228,7.34265995026
385,201937,Ricky Rubio,18.4983997345,3.91729998589,40.6963996887,0.0,0.0,22.6333007812,4.02612018585,1.08814001083,0.0,0.0,7.29053020477
386,203496,Robert Covington,20.0216007233,4.1125497818,4.54545021057,5.51948022842,0.0,37.2294006348,8.11688041687,3.46320009232,4.8701300621,3.89610004425,8.00866031647
387,203135,Robert Sacre,0.0,0.0,0.0,23.5848999023,17.9244995117,10.3774003983,0.0,14.1508998871,0.0,16.9811000824,14.1508998871
388,201577,Robin Lopez,2.52583003044,1.49254000187,0.0,12.9736003876,29.1618995666,3.78874993324,0.0,18.5993003845,0.0,22.5028991699,8.61079025269
389,203918,Rodney Hood,7.77026987076,8.69931983948,29.3073997498,0.0,2.4493200779,28.5473003387,11.0642004013,2.02702999115,4.05404996872,1.60473001003,3.96958994865
390,201155,Rodney Stuckey,21.5753002167,5.65068006515,31.5067996979,0.0,0.0,16.2670993805,8.73287963867,3.25342011452,4.62329006195,0.0,5.47945022583
391,1626178,Rondae Hollis-Jefferson,22.2222003937,5.82010984421,11.1111001968,0.0,0.0,23.8094997406,0.0,8.46560955048,0.0,9.52381038666,5.82010984421
392,101179,Ronnie Price,17.3127002716,9.56072044373,20.1550006866,0.0,0.0,32.5581016541,8.01033973694,0.0,2.84238004684,0.0,6.45994997025
393,201579,Roy Hibbert,3.2549700737,0.0,0.0,16.9981994629,29.2947998047,12.1156997681,0.0,11.7540998459,0.0,12.4773998261,11.2116003037
394,200752,Rudy Gay,18.2761001587,15.4029998779,7.02313995361,4.94812011719,10.5347003937,19.4733009338,2.23463988304,5.9856300354,5.90582990646,6.38467979431,3.83081007004
395,203497,Rudy Gobert,6.60065984726,1.81517994404,0.0,17.4916992188,3.96040010452,2.14521002769,0.0,29.2078990936,0.0,23.2672996521,15.3465003967
396,203893,Russ Smith,0.0,0.0,0.0,0.0,0.0,0.0,0.0,0.0,0.0,0.0,0.0
397,201566,Russell Westbrook,23.2842998505,12.4510002136,35.39220047,0.0,9.31373023987,6.91175985336,2.30392003059,1.86275005341,0.980391979218,2.99020004272,4.36275005341
398,201583,Ryan Anderson,8.34829044342,9.2459602356,2.33393001556,15.0808000565,17.5044994354,20.1077003479,1.3465000391,2.60322999954,10.2334003448,9.42549037933,3.77020001411
399,200797,Ryan Hollins,0.0,0.0,0.0,14.2856998444,0.0,0.0,0.0,30.0,0.0,18.5713996887,14.2856998444
400,203527,Ryan Kelly,13.9896001816,6.73575019836,0.0,10.8808002472,9.32641983032,31.6061992645,0.0,5.18135023117,0.0,7.77201986313,6.73575019836
401,1626257,Salah Mejri,0.0,0.0,0.0,23.3871002197,0.0,0.0,0.0,38.7097015381,0.0,11.2903003693,11.2903003693
402,1626155,Sam Dekker,0.0,0.0,0.0,0.0,0.0,0.0,0.0,0.0,0.0,0.0,0.0
403,201619,Sasha Kaun,0.0,0.0,0.0,0.0,0.0,0.0,0.0,0.0,0.0,0.0,0.0
404,2756,Sasha Vujacic,14.7929000854,0.0,10.6508998871,0.0,0.0,34.9112014771,11.8343000412,0.0,16.2721996307,0.0,6.21301984787
405,203930,Sean Kilpatrick,21.5231990814,3.64237999916,19.2052993774,0.0,0.0,41.3792991638,3.64237999916,6.62251996994,8.2781496048,0.0,3.64237999916
406,201586,Serge Ibaka,12.4392995834,1.74926996231,0.0,26.9193000793,3.01262998581,29.8348007202,0.0,10.0096998215,2.04081988335,6.89989995956,6.70554018021
407,203508,Sergey Karasev,13.0840997696,0.0,20.5606994629,0.0,0.0,30.8411006927,0.0,10.2804002762,0.0,0.0,0.0
408,203552,Seth Curry,17.4377002716,4.62632989883,27.7579994202,0.0,0.0,27.0463008881,4.62632989883,0.0,11.031999588,0.0,4.62632989883
409,203498,Shabazz Muhammad,20.2091007233,5.22648000717,6.85249996185,0.0,9.87224006653,20.6735992432,4.18118000031,9.05922985077,10.4530000687,9.40767002106,3.83275008202
410,203894,Shabazz Napier,14.7170000076,7.16980981827,40.3773994446,0.0,0.0,25.6604003906,4.90566015244,0.0,0.0,0.0,0.0
411,203499,Shane Larkin,14.080499649,6.17816019058,46.98279953,0.0,0.0,12.356300354,6.32183980942,5.31609010696,0.0,0.0,6.75287008286
412,2733,Shaun Livingston,15.1210002899,6.85483980179,12.7016000748,0.0,19.1532001495,9.07258033752,4.0322599411,17.7418994904,0.0,3.62902998924,9.47581005096
413,203963,Shayne Whittington,0.0,0.0,0.0,0.0,0.0,0.0,0.0,0.0,0.0,0.0,0.0
414,202714,Shelvin Mack,13.5391998291,6.8883600235,35.6295013428,0.0,0.0,23.7530002594,11.638999939,0.0,0.0,0.0,5.46318006515
415,203524,Solomon Hill,21.153799057,6.53845977783,5.0,5.0,0.0,28.846200943,0.0,10.3845996857,5.0,6.9230799675,6.9230799675
416,201603,Sonny Weems,14.3938999176,0.0,21.9696998596,0.0,0.0,25.0,11.3635997772,9.84848022461,0.0,0.0,0.0
417,203915,Spencer Dinwiddie,13.1578998566,18.4211006165,46.0526008606,0.0,0.0,0.0,0.0,0.0,0.0,0.0,0.0
418,201150,Spencer Hawes,4.83460998535,3.05344009399,0.0,18.0662002563,13.7405004501,28.4986991882,0.0,12.7225999832,0.0,7.37912988663,9.92366027832
419,1626169,Stanley Johnson,18.7087993622,9.2226600647,21.7390995026,0.0,4.34782981873,25.6916999817,6.71936988831,2.10804009438,2.37154006958,4.47957992554,3.95256996155
420,201939,Stephen Curry,20.109500885,10.0050001144,26.1821994781,0.746640026569,0.0,9.05922985077,4.72872018814,5.97312021255,14.1862001419,1.5928299427,7.31707000732
421,2581,Steve Blake,8.48484992981,3.03029990196,41.5152015686,0.0,0.0,23.6364002228,6.36363983154,0.0,3.63635993004,0.0,11.8182001114
422,200779,Steve Novak,0.0,0.0,0.0,0.0,0.0,0.0,0.0,0.0,0.0,0.0,0.0
423,203500,Steven Adams,7.01169013977,0.0,0.0,24.7077999115,7.34558010101,0.0,0.0,29.3822994232,0.0,19.5326004028,11.6861000061
424,204456,TJ McConnell,13.140999794,6.89102983475,45.993598938,0.0,0.0,12.5,7.37178993225,2.56410002708,3.04486989975,2.083329916,6.4102602005
425,203933,TJ Warren,23.4591999054,4.17495012283,10.3380002975,0.0,0.0,22.2663993835,4.37376022339,9.14513015747,10.9343996048,8.94631958008,4.17495012283
426,201959,Taj Gibson,4.52417993546,1.71607005596,0.0,12.0124998093,24.3369998932,5.77223014832,0.0,26.0529994965,0.0,18.564699173,6.3962597847
427,204028,Tarik Black,0.0,0.0,0.0,28.8591003418,10.0670995712,0.0,0.0,16.7784996033,0.0,20.1341991425,12.080499649
428,2419,Tayshaun Prince,13.5338001251,0.0,7.89474010468,3.7593998909,7.89474010468,43.6090011597,0.0,8.64661979675,0.0,0.0,5.26316022873
429,203093,Terrence Jones,16.7024002075,5.78157997131,0.0,11.991399765,7.92291021347,23.3404998779,0.0,14.7751998901,0.0,8.77943992615,7.92291021347
430,203082,Terrence Ross,13.7733001709,6.02582979202,11.7646999359,0.0,0.0,34.2897987366,5.45194005966,0.0,23.6728992462,0.0,2.72597002983
431,1626179,Terry Rozier,0.0,0.0,0.0,0.0,0.0,0.0,0.0,0.0,0.0,0.0,0.0
432,200757,Thabo Sefolosha,25.8798999786,0.0,9.10972976685,0.0,0.0,29.1924991608,3.93374991417,13.6646003723,3.31262993813,4.34782981873,7.24637985229
433,201152,Thaddeus Young,16.1124992371,8.35464954376,2.13128995895,18.073299408,15.9420003891,9.29240989685,0.0,15.9420003891,1.19351994991,8.78090000153,3.8363199234
434,203648,Thanasis Antetokounmpo,0.0,0.0,0.0,0.0,0.0,0.0,0.0,0.0,0.0,0.0,0.0
435,203080,Thomas Robinson,9.18113994598,6.69974994659,0.0,26.3027000427,4.96277999878,5.9553399086,0.0,11.9106998444,0.0,24.5657997131,9.18113994598
436,201168,Tiago Splitter,4.9751200676,0.0,0.0,15.9203996658,13.432800293,0.0,0.0,38.3084983826,0.0,14.9253997803,6.96516990662
437,202353,Tibor Pleiss,0.0,0.0,0.0,0.0,0.0,0.0,0.0,0.0,0.0,0.0,0.0
438,1495,Tim Duncan,4.4673500061,0.0,0.0,24.2268009186,25.9449996948,5.32645988464,0.0,18.0412006378,0.0,8.24742031097,11.3402004242
439,204025,Tim Frazier,17.241399765,13.3620996475,44.8275985718,0.0,0.0,10.7758998871,0.0,0.0,0.0,0.0,4.31033992767
440,203501,Tim Hardaway Jr.,26.8607997894,0.0,8.41423988342,0.0,0.0,35.5987014771,7.44336986542,0.0,11.9741001129,0.0,3.88350009918
441,202389,Timofey Mozgov,7.21867990494,0.0,0.0,16.7728004456,18.0466995239,9.97877025604,0.0,32.2718009949,0.0,8.70487976074,6.36943006515
442,202699,Tobias Harris,12.0481996536,10.8434000015,8.67646980286,6.32353019714,8.43373012543,26.7469997406,3.08823990822,3.13252997398,2.40964007378,4.33734989166,2.40964007378
443,201962,Toney Douglas,17.3285007477,6.85921001434,37.1841011047,0.0,0.0,19.494600296,7.40072011948,3.06858992577,0.0,0.0,5.95667982101
444,2754,Tony Allen,23.6273002625,4.65889978409,5.15807008743,0.0,2.49584007263,23.294500351,2.99500989914,17.3045005798,0.0,10.9816999435,7.32112979889
445,2225,Tony Parker,12.5,5.54347991943,50.9782981873,0.0,0.0,11.9565000534,4.78260993958,2.71739006042,6.95652008057,0.0,4.13043022156
446,203503,Tony Snell,16.7488002777,7.14285993576,16.9951000214,0.0,0.0,33.4975013733,9.8522195816,3.94089007378,2.95567011833,2.70935988426,5.66501998901
447,203100,Tony Wroten,25.0,12.5,33.0357017517,0.0,0.0,16.0713996887,0.0,0.0,0.0,0.0,0.0
448,2772,Trevor Ariza,24.0153999329,3.84245991707,7.10855007172,1.34485995769,0.0,40.3457984924,3.93851995468,3.45820999146,8.35735034943,3.07397007942,4.32277011871
449,202344,Trevor Booker,12.8599004745,1.91938996315,0.0,16.122800827,3.26295995712,16.8906002045,0.0,18.2341995239,0.0,19.385799408,10.1726999283
450,203504,Trey Burke,12.182100296,6.8273100853,34.672000885,0.0,0.0,24.0963993073,13.3868999481,0.0,3.34671998024,0.0,4.01605987549
451,1626168,Trey Lyles,9.64750003815,4.08163022995,0.0,15.769900322,2.22635006905,43.2281990051,0.0,10.7607002258,2.04081988335,5.75138998032,4.08163022995
452,202684,Tristan Thompson,7.27580022812,0.0,0.0,20.9813995361,5.75296020508,2.53806996346,0.0,28.2572002411,0.0,23.5195007324,11.1674995422
453,203584,Troy Daniels,9.76743984222,0.0,8.37209033966,0.0,0.0,37.2093009949,10.2326002121,0.0,24.186000824,0.0,5.11628007889
454,201951,Ty Lawson,20.4818992615,7.88177013397,36.1445999146,0.0,0.0,15.6626996994,3.69458007812,0.0,0.0,0.0,6.40394020081
455,203898,Tyler Ennis,14.9798002243,6.88258981705,40.0810012817,0.0,0.0,19.8381004334,4.85830020905,0.0,0.0,0.0,7.28744983673
456,201946,Tyler Hansbrough,0.0,0.0,0.0,0.0,0.0,0.0,0.0,0.0,0.0,0.0,0.0
457,204020,Tyler Johnson,11.3564996719,5.04731988907,27.7602996826,0.0,0.0,26.8138999939,9.46372032166,3.78549003601,4.41639995575,3.47003006935,7.88643980026
458,203092,Tyler Zeller,10.4439001083,0.0,0.0,34.4648017883,6.26632022858,9.66057014465,0.0,16.7101993561,2.8720600605,10.7049999237,8.3550901413
459,201936,Tyreke Evans,14.5539999008,17.3708992004,38.9670982361,0.0,0.0,11.2676000595,6.80750989914,0.0,0.0,2.34741997719,5.39905977249
460,2199,Tyson Chandler,4.96893978119,0.0,0.0,18.0123996735,8.28157043457,4.14078998566,0.0,26.7080993652,0.0,21.5321006775,15.1139001846
461,1626145,Tyus Jones,17.3267002106,7.92079019547,40.5941009521,0.0,0.0,18.3167991638,0.0,0.0,0.0,0.0,7.42573976517
462,2617,Udonis Haslem,0.0,0.0,0.0,0.0,0.0,0.0,0.0,0.0,0.0,0.0,0.0
463,203506,Victor Oladipo,17.8630008698,7.25937986374,32.4632987976,0.0,0.0,17.536699295,8.64599990845,4.64927005768,4.64927005768,1.87601995468,4.73083019257
464,1713,Vince Carter,9.51220035553,4.87804985046,16.3414993286,0.0,8.29267978668,28.2926998138,7.80488014221,4.14633989334,8.04878044128,4.87804985046,6.82926988602
465,204002,Walter Tavares,0.0,0.0,0.0,0.0,0.0,0.0,0.0,0.0,0.0,0.0,0.0
466,201961,Wayne Ellington,16.0317001343,2.38094997406,17.7777996063,0.0,0.0,31.904800415,7.14285993576,4.12697982788,14.7618999481,1.58729994297,3.96825003624
467,202325,Wesley Johnson,20.6837997437,1.88033998013,2.05128002167,5.81197023392,0.0,41.5385017395,8.54701042175,5.47008991241,5.98291015625,2.222219944,5.29914999008
468,202083,Wesley Matthews,10.9090995789,5.75757980347,9.19192028046,1.3131300211,9.89898967743,36.1615982056,6.56565999985,2.72726988792,11.9191999435,1.111109972,4.444439888
469,203115,Will Barton,22.2674999237,7.42251014709,23.9804000854,0.0,0.815661013126,22.5937995911,7.01467990875,3.99674010277,3.18108010292,3.26263999939,5.38335990906
470,1626161,Willie Cauley-Stein,18.2432003021,2.92793011665,0.0,14.1892004013,5.63063001633,4.50449991226,0.0,28.6035995483,0.0,18.9188995361,6.75676012039
471,203186,Willie Reed,0.0,0.0,0.0,25.287399292,8.62069034576,0.0,0.0,31.0345001221,0.0,22.4137992859,0.0
472,204098,Xavier Munford,17.525800705,0.0,39.1753005981,0.0,0.0,21.6494998932,0.0,0.0,0.0,0.0,0.0
473,203897,Zach LaVine,21.5242996216,8.20771026611,29.0620002747,0.0,0.0,14.070400238,10.7202997208,1.92630004883,7.28642988205,1.42378997803,5.36012983322
474,2216,Zach Randolph,3.07414007187,15.8227996826,0.0,9.67450046539,36.1664009094,10.0361995697,0.0,6.23869991302,1.2658200264,11.6637001038,5.42495012283
475,2585,Zaza Pachulia,4.05028009415,5.58658981323,0.0,17.8770999908,4.18993997574,9.07820987701,0.0,31.4246006012,0.0,15.0838003159,11.5922002792
