,BetterPPP,FG,FGA,FGAG,FGM,FGMG,FGm,FGmG,FT,GP,P,PPG,PPP,PlayerFirstName,PlayerIDSID,PlayerLastName,PlayerNumber,PlusOne,Points,Poss,PossG,SF,Score,TO,TeamIDSID,TeamName,TeamNameAbbreviation,TeamShortName,Time,WorsePPP,aFG,name,season,seasonType
0,167,34.1463414634,41,1.32258064516,14,0.451612903226,27,0.870967741935,15.3846153846,31,G,1.29032258065,0.769231021404,Alec,202692,Burks,10,1.92307692308,40,52,1.67741935484,15.3846153846,40.3846153846,7.69230769231,1610612762,Utah Jazz,UTA,Utah,11.7117004395,121,36.5853658537,Offensive,2015,Reg
1,199,41.1764705882,34,0.414634146341,14,0.170731707317,20,0.243902439024,2.5,82,F-C,0.353658536585,0.725000023842,Al,201143,Horford,15,2.5,29,40,0.487804878049,2.5,35.0,15.0,1610612737,Atlanta Hawks,ATL,Atlanta,3.28677010536,92,41.1764705882,Offensive,2015,Reg
2,284,13.0434782609,23,0.280487804878,3,0.0365853658537,20,0.243902439024,8.82352941176,82,F,0.134146341463,0.323529005051,Al Farouq,202329,Aminu,8,0.0,11,34,0.414634146341,5.88235294118,17.6470588235,23.5294117647,1610612757,Portland Trail Blazers,POR,Portland,3.78198003769,7,13.0434782609,Offensive,2015,Reg
3,135,33.3333333333,9,0.75,3,0.25,6,0.5,18.1818181818,12,G,0.75,0.818181991577,Alan,101187,Anderson,6,9.09090909091,9,11,0.916666666667,18.1818181818,36.3636363636,9.09090909091,1610612764,Washington Wizards,WAS,Washington,16.6667003632,156,33.3333333333,Offensive,2015,Reg
4,162,36.3636363636,33,0.485294117647,12,0.176470588235,21,0.308823529412,14.6341463415,68,G,0.470588235294,0.780488014221,Aaron,201166,Brooks,0,2.43902439024,32,41,0.602941176471,14.6341463415,41.4634146341,7.31707317073,1610612741,Chicago Bulls,CHI,Chicago,7.118060112,129,36.3636363636,Offensive,2015,Reg
5,244,30.7692307692,26,0.333333333333,8,0.102564102564,18,0.230769230769,3.33333333333,78,F,0.230769230769,0.600000023842,Aaron,203932,Gordon,0,0.0,18,30,0.384615384615,3.33333333333,30.0,10.0,1610612753,Orlando Magic,ORL,Orlando,4.12088012695,41,30.7692307692,Offensive,2015,Reg
6,278,27.2727272727,11,0.234042553191,3,0.063829787234,8,0.170212765957,0.0,47,F,0.148936170213,0.4375,Adreian,203940,Payne,33,0.0,7,16,0.340425531915,0.0,18.75,31.25,1610612750,Minnesota Timberwolves,MIN,Minnesota,8.33333015442,13,31.8181818182,Offensive,2015,Reg
7,76,45.4545454545,11,1.0,5,0.454545454545,6,0.545454545455,7.69230769231,11,F,1.09090909091,0.923076987267,Jordan,202706,Hamilton,25,0.0,12,13,1.18181818182,0.0,46.1538461538,7.69230769231,1610612740,New Orleans Pelicans,NOP,NewOrleans,9.28571033478,215,50.0,Offensive,2015,Reg
8,110,36.3636363636,11,0.916666666667,4,0.333333333333,7,0.583333333333,21.4285714286,12,G,1.0,0.857142984867,Spencer,203915,Dinwiddie,8,0.0,12,14,1.16666666667,21.4285714286,50.0,0.0,1610612765,Detroit Pistons,DET,Detroit,18.4211006165,175,36.3636363636,Offensive,2015,Reg
9,244,28.5714285714,7,0.0921052631579,2,0.0263157894737,5,0.0657894736842,10.0,76,F,0.0789473684211,0.600000023842,Noah,203943,Vonleh,21,0.0,6,10,0.131578947368,10.0,30.0,20.0,1610612757,Portland Trail Blazers,POR,Portland,2.86532998085,41,28.5714285714,Offensive,2015,Reg
10,275,20.0,10,0.384615384615,2,0.0769230769231,8,0.307692307692,9.09090909091,26,G,0.192307692308,0.454544991255,Justin,203200,Holiday,7,0.0,5,11,0.423076923077,9.09090909091,27.2727272727,0.0,1610612741,Chicago Bulls,CHI,Chicago,5.72916984558,16,20.0,Offensive,2015,Reg
11,196,44.4444444444,9,0.160714285714,4,0.0714285714286,5,0.0892857142857,0.0,56,G,0.142857142857,0.727272987366,Cameron,1626166,Payne,22,0.0,8,11,0.196428571429,0.0,36.3636363636,18.1818181818,1610612760,Oklahoma City Thunder,OKC,OklahomaCity,3.30329990387,93,44.4444444444,Offensive,2015,Reg
12,83,62.5,8,0.106666666667,5,0.0666666666667,3,0.04,0.0,75,C,0.133333333333,0.909090995789,Marcin,101162,Gortat,13,0.0,10,11,0.146666666667,0.0,45.4545454545,27.2727272727,1610612764,Washington Wizards,WAS,Washington,1.1236000061,206,62.5,Offensive,2015,Reg
13,259,22.2222222222,9,0.321428571429,2,0.0714285714286,7,0.25,9.09090909091,28,F,0.214285714286,0.545454978943,Rondae,1626178,Hollis-Jefferson,24,0.0,6,11,0.392857142857,9.09090909091,27.2727272727,9.09090909091,1610612751,Brooklyn Nets,BKN,Brooklyn,5.82010984421,31,22.2222222222,Offensive,2015,Reg
14,3,60.0,10,0.454545454545,6,0.272727272727,4,0.181818181818,9.09090909091,22,G,0.681818181818,1.36363995075,Sean,203930,Kilpatrick,6,9.09090909091,15,11,0.5,9.09090909091,54.5454545455,9.09090909091,1610612751,Brooklyn Nets,BKN,Brooklyn,3.64237999916,287,70.0,Offensive,2015,Reg
15,255,30.0,10,0.833333333333,3,0.25,7,0.583333333333,0.0,12,G,0.583333333333,0.583333015442,Jordan,200770,Farmar,4,0.0,7,12,1.0,0.0,25.0,16.6666666667,1610612763,Memphis Grizzlies,MEM,Memphis,9.83607006073,35,35.0,Offensive,2015,Reg
16,240,22.2222222222,9,0.209302325581,2,0.046511627907,7,0.162790697674,15.3846153846,43,G,0.186046511628,0.615384995937,Seth,203552,Curry,30,0.0,8,13,0.302325581395,15.3846153846,30.7692307692,15.3846153846,1610612758,Sacramento Kings,SAC,Sacramento,4.62632989883,50,27.7777777778,Offensive,2015,Reg
17,290,12.5,8,0.101265822785,1,0.0126582278481,7,0.0886075949367,0.0,79,F,0.0253164556962,0.20000000298,Trevor ,202344,Booker,33,0.0,2,10,0.126582278481,0.0,10.0,20.0,1610612762,Utah Jazz,UTA,Utah,1.91938996315,1,12.5,Offensive,2015,Reg
18,34,44.4444444444,9,0.138461538462,4,0.0615384615385,5,0.0769230769231,23.0769230769,65,C,0.2,1.0,Willie,1626161,Cauley-Stein,0,7.69230769231,13,13,0.2,23.0769230769,46.1538461538,15.3846153846,1610612758,Sacramento Kings,SAC,Sacramento,2.92793011665,249,44.4444444444,Offensive,2015,Reg
19,75,36.976744186,430,5.24390243902,159,1.93902439024,271,3.30487804878,16.6077738516,82,G,6.39024390244,0.925795018673,James,201935,Harden,13,2.82685512367,524,566,6.90243902439,14.8409893993,41.519434629,10.2473498233,1610612745,Houston Rockets,HOU,Houston,24.1674003601,216,43.3720930233,Offensive,2015,Reg
20,57,43.7106918239,318,4.41666666667,139,1.93055555556,179,2.48611111111,14.2493638677,72,F,5.19444444444,0.951654016972,Carmelo,2546,Anthony,7,2.29007633588,374,393,5.45833333333,12.4681933842,47.3282442748,7.12468193384,1610612752,New York Knicks,NYK,NewYork,23.688999176,234,45.2830188679,Offensive,2015,Reg
21,32,40.3846153846,260,3.46666666667,105,1.4,155,2.06666666667,17.125382263,75,G,4.41333333333,1.01223003864,Damian,203081,Lillard,0,2.44648318043,331,327,4.36,15.2905198777,46.1773700306,5.50458715596,1610612757,Portland Trail Blazers,POR,Portland,17.2376995087,259,45.9615384615,Offensive,2015,Reg
22,119,38.1443298969,291,3.82894736842,111,1.46052631579,180,2.36842105263,13.2768361582,76,F,3.97368421053,0.853106975555,LeBron,2544,James,23,3.38983050847,302,354,4.65789473684,10.7344632768,40.6779661017,7.34463276836,1610612739,Cleveland Cavaliers,CLE,Cleveland,19.073299408,171,41.0652920962,Offensive,2015,Reg
23,78,38.9380530973,226,2.89743589744,88,1.12820512821,138,1.76923076923,19.2567567568,78,G,3.48717948718,0.918919026852,DeMar,201942,DeRozan,10,2.36486486486,272,296,3.79487179487,17.5675675676,46.2837837838,6.75675675676,1610612761,Toronto Raptors,TOR,Toronto,16.148399353,213,39.8230088496,Offensive,2015,Reg
24,43,44.0758293839,211,2.93055555556,93,1.29166666667,118,1.63888888889,13.5531135531,72,F,3.75,0.989010989666,Kevin,201142,Durant,35,1.0989010989,270,273,3.79166666667,11.3553113553,46.5201465201,9.89010989011,1610612760,Oklahoma City Thunder,OKC,OklahomaCity,14.9098997116,248,48.8151658768,Offensive,2015,Reg
25,33,41.7431192661,218,2.75949367089,91,1.15189873418,127,1.60759493671,15.7088122605,79,G,3.3164556962,1.00382995605,Jamal,2037,Crawford,11,2.68199233716,262,261,3.30379746835,13.7931034483,47.5095785441,3.44827586207,1610612746,Los Angeles Clippers,LAC,LAClippers,22.4034004211,258,44.2660550459,Offensive,2015,Reg
26,145,34.4497607656,209,2.58024691358,72,0.888888888889,137,1.69135802469,13.3333333333,81,F-G,2.69135802469,0.807407021523,Paul,202331,George,13,1.85185185185,218,270,3.33333333333,11.4814814815,38.1481481481,11.1111111111,1610612754,Indiana Pacers,IND,Indiana,13.9968996048,146,37.0813397129,Offensive,2015,Reg
27,17,44.9704142012,169,2.13924050633,76,0.962025316456,93,1.17721518987,10.447761194,79,G,2.73417721519,1.07463002205,Stephen,201939,Curry,30,0.995024875622,216,201,2.54430379747,9.95024875622,47.263681592,6.46766169154,1610612744,Golden State Warriors,GSW,GoldenState,10.0050001144,274,52.9585798817,Offensive,2015,Reg
28,82,37.8947368421,190,2.56756756757,72,0.972972972973,118,1.59459459459,7.72727272727,74,G,2.71621621622,0.913636028767,Chris,101108,Paul,3,0.0,201,220,2.97297297297,4.54545454545,40.4545454545,5.90909090909,1610612746,Los Angeles Clippers,LAC,LAClippers,15.2460002899,209,44.2105263158,Offensive,2015,Reg
29,186,35.4368932039,206,2.575,73,0.9125,133,1.6625,8.26771653543,80,G,2.3625,0.744094014168,Russell,201566,Westbrook,0,1.1811023622,189,254,3.175,8.26771653543,35.4330708661,11.811023622,1610612760,Oklahoma City Thunder,OKC,OklahomaCity,12.4510002136,105,38.8349514563,Offensive,2015,Reg
30,202,37.1134020619,194,2.3950617284,72,0.888888888889,122,1.50617283951,10.8786610879,81,F,2.12345679012,0.719664990902,Julius,203944,Randle,30,3.76569037657,172,239,2.95061728395,10.8786610879,36.820083682,11.7154811715,1610612747,Los Angeles Lakers,LAL,LALakers,21.786699295,89,37.1134020619,Offensive,2015,Reg
31,133,38.9221556886,167,2.0875,65,0.8125,102,1.275,15.2073732719,80,G-F,2.2375,0.824885010719,Giannis,203507,Antetokounmpo,34,3.22580645161,179,217,2.7125,12.4423963134,41.0138248848,11.0599078341,1610612749,Milwaukee Bucks,MIL,Milwaukee,15.4889001846,158,40.7185628743,Offensive,2015,Reg
32,107,45.0331125828,151,2.84905660377,68,1.28301886792,83,1.56603773585,12.2994652406,53,C,3.05660377358,0.86631000042,Jahil,1626143,Okafor,8,2.67379679144,162,187,3.52830188679,11.2299465241,45.4545454545,9.6256684492,1610612755,Philadelphia 76ers,PHI,Philadelphia,18.9848003387,184,45.0331125828,Offensive,2015,Reg
33,105,41.8604651163,172,2.15,72,0.9,100,1.25,4.61538461538,80,G,2.1125,0.866666972637,CJ,203468,McCollum,3,1.02564102564,169,195,2.4375,3.07692307692,40.5128205128,8.20512820513,1610612757,Portland Trail Blazers,POR,Portland,11.350399971,185,45.9302325581,Offensive,2015,Reg
34,206,25.9911894273,227,3.43939393939,59,0.893939393939,168,2.54545454545,11.9850187266,66,G,2.87878787879,0.711610019207,Kobe,977,Bryant,24,0.749063670412,190,267,4.04545454545,11.6104868914,33.3333333333,3.74531835206,1610612747,Los Angeles Lakers,LAL,LALakers,19.9104995728,85,28.8546255507,Offensive,2015,Reg
35,123,32.3529411765,136,2.56603773585,44,0.830188679245,92,1.7358490566,20.218579235,53,F,2.92452830189,0.846994996071,Danilo,201568,Gallinari,8,2.18579234973,155,183,3.45283018868,16.9398907104,42.0765027322,7.10382513661,1610612743,Denver Nuggets,DEN,Denver,18.8854007721,168,33.0882352941,Offensive,2015,Reg
36,108,36.8794326241,141,1.78481012658,52,0.658227848101,89,1.12658227848,13.1147540984,79,G,2.0,0.863388001919,Reggie,202704,Jackson,1,1.09289617486,158,183,2.3164556962,8.74316939891,40.4371584699,10.3825136612,1610612765,Detroit Pistons,DET,Detroit,11.4090003967,183,41.134751773,Offensive,2015,Reg
37,52,46.1538461538,130,1.64556962025,60,0.759493670886,70,0.886075949367,12.4223602484,79,F,1.96202531646,0.962732970715,Khris,203114,Middleton,22,1.86335403727,155,161,2.03797468354,10.5590062112,47.8260869565,8.69565217391,1610612749,Milwaukee Bucks,MIL,Milwaukee,11.1342000961,239,48.4615384615,Offensive,2015,Reg
38,176,36.6013071895,153,1.98701298701,56,0.727272727273,97,1.25974025974,12.0,77,G,1.97402597403,0.759999990463,John,202322,Wall,2,3.0,152,200,2.5974025974,11.5,36.0,13.5,1610612764,Washington Wizards,WAS,Washington,11.1606998444,115,38.5620915033,Offensive,2015,Reg
39,86,43.9393939394,132,1.97014925373,58,0.865671641791,74,1.10447761194,12.426035503,67,G-F,2.28358208955,0.905324995518,Jimmy,202710,Butler,21,0.591715976331,153,169,2.5223880597,11.8343195266,44.9704142012,10.0591715976,1610612741,Chicago Bulls,CHI,Chicago,12.2909002304,205,46.2121212121,Offensive,2015,Reg
40,95,42.5675675676,148,2.17647058824,63,0.926470588235,85,1.25,9.14285714286,68,F,2.27941176471,0.885713994503,Zach,2216,Randolph,50,0.571428571429,155,175,2.57352941176,9.14285714286,44.5714285714,6.85714285714,1610612763,Memphis Grizzlies,MEM,Memphis,15.8227996826,196,42.9054054054,Offensive,2015,Reg
41,13,50.0,104,1.96226415094,52,0.981132075472,52,0.981132075472,18.6046511628,53,C-F,2.71698113208,1.11627995968,Chris,2547,Bosh,1,4.6511627907,144,129,2.43396226415,19.3798449612,54.2635658915,4.6511627907,1610612748,Miami Heat,MIA,Miami,13.3816995621,278,50.9615384615,Offensive,2015,Reg
42,69,40.3361344538,119,1.54545454545,48,0.623376623377,71,0.922077922078,15.7232704403,77,G,1.92207792208,0.930818021297,Kyle,200768,Lowry,7,2.51572327044,148,159,2.06493506494,15.0943396226,43.3962264151,11.9496855346,1610612761,Toronto Raptors,TOR,Toronto,9.76058959961,222,44.9579831933,Offensive,2015,Reg
43,58,44.0298507463,134,2.52830188679,59,1.11320754717,75,1.41509433962,7.18954248366,53,G,2.7358490566,0.947712004185,Kyrie,202681,Irving,2,1.30718954248,145,153,2.88679245283,7.18954248366,44.4444444444,6.53594771242,1610612739,Cleveland Cavaliers,CLE,Cleveland,14.2990999222,233,47.3880597015,Offensive,2015,Reg
44,119,36.9565217391,138,1.7037037037,51,0.62962962963,87,1.07407407407,17.5141242938,81,F,1.86419753086,0.853106975555,Andrew ,203952,Wiggins,22,1.69491525424,151,177,2.18518518519,14.6892655367,43.5028248588,6.21468926554,1610612750,Minnesota Timberwolves,MIN,Minnesota,10.2252998352,171,38.0434782609,Offensive,2015,Reg
45,44,46.1538461538,130,1.80555555556,60,0.833333333333,70,0.972222222222,14.1025641026,72,F-G,2.13888888889,0.987178981304,Kawhi,202695,Leonard,2,3.20512820513,154,156,2.16666666667,11.5384615385,49.358974359,5.76923076923,1610612759,San Antonio Spurs,SAS,SanAntonio,11.7735996246,247,46.9230769231,Offensive,2015,Reg
46,217,32.4675324675,154,2.36923076923,50,0.769230769231,104,1.6,15.7894736842,65,C,2.2,0.684211015701,DeMarcus,202326,Cousins,15,4.30622009569,143,209,3.21538461538,13.8755980861,34.4497607656,14.8325358852,1610612758,Sacramento Kings,SAC,Sacramento,11.1466999054,71,32.7922077922,Offensive,2015,Reg
47,101,40.4761904762,126,1.575,51,0.6375,75,0.9375,18.1818181818,80,G-F,1.9375,0.880681991577,Gordon,202330,Hayward,20,2.27272727273,155,176,2.2,16.4772727273,44.8863636364,12.5,1610612762,Utah Jazz,UTA,Utah,10.9589004517,190,42.8571428571,Offensive,2015,Reg
48,127,40.4109589041,146,1.84810126582,59,0.746835443038,87,1.10126582278,11.2299465241,79,G,1.9746835443,0.834224998951,Jeff,201952,Teague,0,1.60427807487,156,187,2.36708860759,9.6256684492,41.1764705882,12.2994652406,1610612737,Atlanta Hawks,ATL,Atlanta,13.9448003769,164,42.4657534247,Offensive,2015,Reg
49,50,40.9523809524,105,1.28048780488,43,0.524390243902,62,0.756097560976,19.8630136986,82,G,1.71951219512,0.965753018856,Isaiah,202738,Thomas,4,3.42465753425,141,146,1.78048780488,13.698630137,45.2054794521,11.6438356164,1610612738,Boston Celtics,BOS,Boston,7.96074008942,241,44.2857142857,Offensive,2015,Reg
50,148,40.9395973154,149,1.8625,61,0.7625,88,1.1,6.28571428571,80,F,1.7625,0.805714011192,Marcus,202694,Morris,13,0.571428571429,141,175,2.1875,6.28571428571,40.5714285714,9.14285714286,1610612765,Detroit Pistons,DET,Detroit,14.5954999924,143,41.610738255,Offensive,2015,Reg
51,185,35.2201257862,159,2.27142857143,56,0.8,103,1.47142857143,9.32642487047,70,G-F,2.05714285714,0.746114015579,Rudy,200752,Gay,8,2.0725388601,144,193,2.75714285714,8.80829015544,36.2694300518,10.3626943005,1610612758,Sacramento Kings,SAC,Sacramento,15.4029998779,106,37.106918239,Offensive,2015,Reg
52,204,37.2413793103,145,1.95945945946,54,0.72972972973,91,1.22972972973,6.39534883721,74,G,1.66216216216,0.715116024017,Dwyane,2548,Wade,3,0.581395348837,123,172,2.32432432432,5.81395348837,36.0465116279,9.88372093023,1610612748,Miami Heat,MIA,Miami,10.9764003754,87,37.2413793103,Offensive,2015,Reg
53,9,38.9830508475,59,0.880597014925,23,0.34328358209,36,0.537313432836,28.5714285714,67,G,1.61194029851,1.18681001663,Louis,101150,Williams,23,1.0989010989,108,91,1.35820895522,28.5714285714,52.7472527473,7.69230769231,1610612747,Los Angeles Lakers,LAL,LALakers,9.33333015442,282,47.4576271186,Offensive,2015,Reg
54,16,47.2527472527,91,1.15189873418,43,0.544303797468,48,0.607594936709,6.79611650485,79,G-F,1.40506329114,1.07766997814,Rodney,203918,Hood,5,0.0,111,103,1.30379746835,3.88349514563,48.5436893204,4.85436893204,1610612762,Utah Jazz,UTA,Utah,8.69931983948,275,54.3956043956,Offensive,2015,Reg
55,8,59.0361445783,83,1.01219512195,49,0.59756097561,34,0.414634146341,12.5,82,C,1.39024390244,1.1875,Karl-Anthony,1626157,Towns,32,4.16666666667,114,96,1.17073170732,10.4166666667,57.2916666667,5.20833333333,1610612750,Minnesota Timberwolves,MIN,Minnesota,6.63899993896,283,59.6385542169,Offensive,2015,Reg
56,99,35.7894736842,95,1.82692307692,34,0.653846153846,61,1.17307692308,12.6050420168,52,G,2.01923076923,0.882353007793,Brandon,202688,Knight,3,1.68067226891,105,119,2.28846153846,6.72268907563,39.4957983193,9.24369747899,1610612756,Phoenix Suns,PHX,Phoenix,10.4111995697,191,41.5789473684,Offensive,2015,Reg
57,49,40.6976744186,86,1.32307692308,35,0.538461538462,51,0.784615384615,14.2857142857,65,G,1.56923076923,0.971428990364,Jrue,201950,Holiday,11,3.80952380952,102,105,1.61538461538,13.3333333333,42.8571428571,7.61904761905,1610612740,New Orleans Pelicans,NOP,NewOrleans,8.7792596817,242,46.511627907,Offensive,2015,Reg
58,136,42.7184466019,103,1.56060606061,44,0.666666666667,59,0.893939393939,7.14285714286,66,G,1.56060606061,0.817460000515,Derrick,201565,Rose,1,1.5873015873,103,126,1.90909090909,6.34920634921,40.4761904762,12.6984126984,1610612741,Chicago Bulls,CHI,Chicago,9.7297296524,155,43.2038834951,Offensive,2015,Reg
59,165,36.7924528302,106,1.35897435897,39,0.5,67,0.858974358974,11.7647058824,78,G,1.34615384615,0.77205902338,Dion,203079,Waiters,3,2.20588235294,105,136,1.74358974359,10.2941176471,38.2352941176,11.7647058824,1610612760,Oklahoma City Thunder,OKC,OklahomaCity,15.1786003113,126,39.1509433962,Offensive,2015,Reg
60,90,43.2098765432,81,1.09459459459,35,0.472972972973,46,0.621621621622,18.9189189189,74,G,1.35135135135,0.900901019573,Darren,201954,Collison,7,3.6036036036,100,111,1.5,17.1171171171,45.9459459459,11.7117117117,1610612758,Sacramento Kings,SAC,Sacramento,11.1333999634,201,44.4444444444,Offensive,2015,Reg
61,93,40.0,85,1.04938271605,34,0.41975308642,51,0.62962962963,14.2857142857,81,F-G,1.16049382716,0.895237982273,Evan,202323,Turner,11,2.85714285714,94,105,1.2962962963,14.2857142857,43.8095238095,7.61904761905,1610612738,Boston Celtics,BOS,Boston,10.5104999542,198,40.0,Offensive,2015,Reg
62,72,42.5,80,1.09589041096,34,0.465753424658,46,0.630136986301,16.1616161616,73,C,1.2602739726,0.929292976856,Brook,201572,Lopez,11,3.0303030303,92,99,1.35616438356,15.1515151515,46.4646464646,6.06060606061,1610612751,Brooklyn Nets,BKN,Brooklyn,6.57807016373,219,42.5,Offensive,2015,Reg
63,200,27.7777777778,108,1.33333333333,30,0.37037037037,78,0.962962962963,13.8461538462,81,G,1.16049382716,0.723076999187,Kemba,202689,Walker,15,2.30769230769,94,130,1.6049382716,11.5384615385,34.6153846154,5.38461538462,1610612766,Charlotte Hornets,CHA,Charlotte,7.69685983658,91,30.0925925926,Offensive,2015,Reg
64,28,53.5714285714,28,1.16666666667,15,0.625,13,0.541666666667,2.85714285714,24,G,1.5,1.02857005596,Joe,2207,Johnson,2,0.0,36,35,1.45833333333,2.85714285714,45.7142857143,17.1428571429,1610612748,Miami Heat,MIA,Miami,11.3635997772,263,60.7142857143,Offensive,2015,Reg
65,26,51.2820512821,78,1.2,40,0.615384615385,38,0.584615384615,7.95454545455,65,C,1.4,1.03409004211,Nikola,202696,Vucevic,9,1.13636363636,91,88,1.35384615385,7.95454545455,52.2727272727,4.54545454545,1610612753,Orlando Magic,ORL,Orlando,7.15446996689,265,51.9230769231,Offensive,2015,Reg
66,103,43.75,96,1.47692307692,42,0.646153846154,54,0.830769230769,4.46428571429,65,G,1.50769230769,0.875,Deron,101114,Williams,8,0.0,98,112,1.72307692308,3.57142857143,41.9642857143,9.82142857143,1610612742,Dallas Mavericks,DAL,Dallas,11.0453996658,187,46.3541666667,Offensive,2015,Reg
67,193,33.9285714286,112,1.45454545455,38,0.493506493506,74,0.961038961039,5.83333333333,77,G,1.14285714286,0.7333329916,JR,2747,Smith,5,0.833333333333,88,120,1.55844155844,5.83333333333,35.8333333333,1.66666666667,1610612739,Cleveland Cavaliers,CLE,Cleveland,12.7524003983,97,36.1607142857,Offensive,2015,Reg
68,55,38.1578947368,76,1.05555555556,29,0.402777777778,47,0.652777777778,11.2359550562,72,G,1.18055555556,0.955056011677,Victor,203506,Oladipo,5,2.24719101124,85,89,1.23611111111,11.2359550562,41.5730337079,5.61797752809,1610612753,Orlando Magic,ORL,Orlando,7.25937986374,236,44.7368421053,Offensive,2015,Reg
69,137,32.0987654321,81,1.22727272727,26,0.393939393939,55,0.833333333333,18.4466019417,66,F,1.27272727273,0.815533995628,Ryan,201583,Anderson,33,1.94174757282,84,103,1.56060606061,15.5339805825,41.7475728155,4.85436893204,1610612740,New Orleans Pelicans,NOP,NewOrleans,9.2459602356,154,32.0987654321,Offensive,2015,Reg
70,222,34.9056603774,106,1.73770491803,37,0.606557377049,69,1.13114754098,8.06451612903,61,F-C,1.37704918033,0.677419006824,Anthony,203076,Davis,23,2.41935483871,84,124,2.03278688525,8.06451612903,34.6774193548,8.87096774194,1610612740,New Orleans Pelicans,NOP,NewOrleans,8.68955993652,69,35.3773584906,Offensive,2015,Reg
71,24,46.6666666667,75,1.05633802817,35,0.492957746479,40,0.56338028169,8.53658536585,71,G-F,1.19718309859,1.03658998013,Arron,201167,Afflalo,4,3.65853658537,85,82,1.15492957746,8.53658536585,47.5609756098,3.65853658537,1610612752,New York Knicks,NYK,NewYork,8.78884983063,267,50.0,Offensive,2015,Reg
72,87,47.619047619,63,1.16666666667,30,0.555555555556,33,0.611111111111,22.8260869565,54,G,1.53703703704,0.902173995972,Michael,203487,Carter-Williams,5,5.4347826087,83,92,1.7037037037,18.4782608696,47.8260869565,14.1304347826,1610612749,Milwaukee Bucks,MIL,Milwaukee,11.779800415,204,47.619047619,Offensive,2015,Reg
73,79,38.8235294118,85,1.03658536585,33,0.40243902439,52,0.634146341463,10.2040816327,82,G,1.09756097561,0.918367028236,Zach,203897,LaVine,8,2.04081632653,90,98,1.19512195122,8.16326530612,40.8163265306,5.10204081633,1610612750,Minnesota Timberwolves,MIN,Minnesota,8.20771026611,212,44.1176470588,Offensive,2015,Reg
74,6,61.5384615385,26,0.634146341463,16,0.390243902439,10,0.243902439024,10.0,41,G,0.878048780488,1.20000004768,Lance,202362,Stephenson,1,6.66666666667,36,30,0.731707317073,10.0,56.6666666667,10.0,1610612746,Los Angeles Clippers,LAC,LAClippers,13.3332996368,285,63.4615384615,Offensive,2015,Reg
75,187,37.5,80,0.987654320988,30,0.37037037037,50,0.617283950617,17.6991150442,81,F,1.03703703704,0.743363022804,Paul,200794,Millsap,4,3.53982300885,84,113,1.3950617284,16.814159292,39.8230088496,14.1592920354,1610612737,Atlanta Hawks,ATL,Atlanta,7.86359977722,104,37.5,Offensive,2015,Reg
76,134,36.9230769231,65,0.844155844156,24,0.311688311688,41,0.532467532468,22.5490196078,77,F,1.09090909091,0.823529005051,Jerami,203924,Grant,39,2.94117647059,84,102,1.32467532468,19.6078431373,43.137254902,16.6666666667,1610612755,Philadelphia 76ers,PHI,Philadelphia,11.8605003357,157,36.9230769231,Offensive,2015,Reg
77,147,41.5730337079,89,1.21917808219,37,0.506849315068,52,0.712328767123,3.0612244898,73,F,1.08219178082,0.806122004986,Thaddeus,201152,Young,30,1.02040816327,79,98,1.34246575342,3.0612244898,39.7959183673,7.14285714286,1610612751,Brooklyn Nets,BKN,Brooklyn,8.35464954376,144,42.1348314607,Offensive,2015,Reg
78,251,27.8260869565,115,1.45569620253,32,0.405063291139,83,1.05063291139,4.54545454545,79,G,1.0,0.598484992981,Jordan ,203903,Clarkson,6,0.0,79,132,1.67088607595,5.30303030303,28.7878787879,7.57575757576,1610612747,Los Angeles Lakers,LAL,LALakers,9.97731971741,40,30.4347826087,Offensive,2015,Reg
79,184,34.4086021505,93,1.32857142857,32,0.457142857143,61,0.871428571429,3.73831775701,70,F-G,1.14285714286,0.747663974762,Nicolas,201587,Batum,5,0.934579439252,80,107,1.52857142857,2.80373831776,32.7102803738,10.2803738318,1610612766,Charlotte Hornets,CHA,Charlotte,9.34498023987,107,39.247311828,Offensive,2015,Reg
80,21,48.3870967742,62,1.77142857143,30,0.857142857143,32,0.914285714286,15.0684931507,35,F,2.2,1.05479001999,Blake,201933,Griffin,32,1.3698630137,77,73,2.08571428571,12.3287671233,53.4246575342,1.3698630137,1610612746,Los Angeles Clippers,LAC,LAClippers,9.40721988678,270,50.0,Offensive,2015,Reg
81,132,39.7058823529,68,0.85,27,0.3375,41,0.5125,11.6279069767,80,G,0.8875,0.825581014156,Cory,202709,Joseph,6,0.0,71,86,1.075,10.4651162791,43.023255814,9.3023255814,1610612761,Toronto Raptors,TOR,Toronto,11.2271995544,159,39.7058823529,Offensive,2015,Reg
82,142,32.8767123288,73,1.08955223881,24,0.358208955224,49,0.731343283582,17.7777777778,67,G,1.08955223881,0.811110973358,Austin,203085,Rivers,25,3.33333333333,73,90,1.34328358209,15.5555555556,41.1111111111,4.44444444444,1610612746,Los Angeles Clippers,LAC,LAClippers,14.2630996704,149,34.2465753425,Offensive,2015,Reg
83,156,34.8484848485,66,2.0625,23,0.71875,43,1.34375,16.8539325843,32,G,2.21875,0.797752976418,Eric,202339,Bledsoe,2,2.24719101124,71,89,2.78125,13.4831460674,39.3258426966,11.2359550562,1610612756,Phoenix Suns,PHX,Phoenix,13.1267995834,135,37.1212121212,Offensive,2015,Reg
84,175,37.5,80,0.987654320988,30,0.37037037037,50,0.617283950617,8.33333333333,81,G,0.901234567901,0.760416984558,Monta,101145,Ellis,11,1.04166666667,73,96,1.18518518519,6.25,37.5,9.375,1610612754,Indiana Pacers,IND,Indiana,7.32823991776,116,38.75,Offensive,2015,Reg
85,201,24.6753246753,77,1.01315789474,19,0.25,58,0.763157894737,11.3402061856,76,G,0.921052631579,0.721648991108,Isaiah,203477,Canaan,0,2.0618556701,70,97,1.27631578947,10.3092783505,28.8659793814,11.3402061856,1610612755,Philadelphia 76ers,PHI,Philadelphia,11.07310009,90,32.4675324675,Offensive,2015,Reg
86,53,46.1538461538,52,0.65,24,0.3,28,0.35,16.6666666667,80,G,0.8625,0.958333015442,Dennis,203471,Schroder,17,2.77777777778,69,72,0.9,13.8888888889,47.2222222222,13.8888888889,1610612737,Atlanta Hawks,ATL,Atlanta,6.88994979858,238,49.0384615385,Offensive,2015,Reg
87,15,43.9393939394,66,0.825,29,0.3625,37,0.4625,9.58904109589,80,G,0.9875,1.08219003677,DAngelo ,1626156,Russell,1,5.47945205479,79,73,0.9125,8.21917808219,42.4657534247,5.47945205479,1610612747,Los Angeles Lakers,LAL,LALakers,5.9061498642,276,53.7878787879,Offensive,2015,Reg
88,167,40.0,35,1.2962962963,14,0.518518518519,21,0.777777777778,7.69230769231,27,F,1.11111111111,0.769231021404,Jeff,201145,Green,8,2.5641025641,30,39,1.44444444444,7.69230769231,38.4615384615,5.12820512821,1610612746,Los Angeles Clippers,LAC,LAClippers,12.1875,121,40.0,Offensive,2015,Reg
89,62,40.3225806452,62,0.784810126582,25,0.316455696203,37,0.46835443038,20.987654321,79,F,0.962025316456,0.938271999359,Derrick,202682,Williams,23,3.7037037037,76,81,1.0253164557,19.7530864198,46.9135802469,6.17283950617,1610612752,New York Knicks,NYK,NewYork,10.9017000198,229,43.5483870968,Offensive,2015,Reg
90,203,28.5714285714,77,1.01315789474,22,0.289473684211,55,0.723684210526,16.6666666667,76,F,0.960526315789,0.715686023235,Jabari,203953,Parker,12,1.96078431373,73,102,1.34210526316,14.7058823529,36.2745098039,9.80392156863,1610612749,Milwaukee Bucks,MIL,Milwaukee,9.13978004456,88,29.2207792208,Offensive,2015,Reg
91,151,40.9090909091,66,0.825,27,0.3375,39,0.4875,7.40740740741,80,G,0.8125,0.802469015121,Klay,202691,Thompson,11,0.0,65,81,1.0125,7.40740740741,40.7407407407,11.1111111111,1610612744,Golden State Warriors,GSW,GoldenState,5.0216999054,140,42.4242424242,Offensive,2015,Reg
92,180,38.8888888889,72,1.0,28,0.388888888889,44,0.611111111111,4.7619047619,72,G,0.875,0.75,Rajon,200765,Rondo,9,2.38095238095,63,84,1.16666666667,3.57142857143,34.5238095238,11.9047619048,1610612758,Sacramento Kings,SAC,Sacramento,7.39437007904,108,40.9722222222,Offensive,2015,Reg
93,81,41.935483871,62,0.861111111111,26,0.361111111111,36,0.5,5.71428571429,72,G,0.888888888889,0.914286017418,Goran,201609,Dragic,7,0.0,64,70,0.972222222222,4.28571428571,41.4285714286,5.71428571429,1610612748,Miami Heat,MIA,Miami,6.16197013855,210,47.5806451613,Offensive,2015,Reg
94,117,34.6666666667,75,0.9375,26,0.325,49,0.6125,12.2222222222,80,G,0.9625,0.8555560112,Raymond,101109,Felton,2,2.22222222222,77,90,1.125,11.1111111111,38.8888888889,6.66666666667,1610612742,Dallas Mavericks,DAL,Dallas,10.2272996902,174,38.6666666667,Offensive,2015,Reg
95,45,39.5348837209,43,0.704918032787,17,0.27868852459,26,0.426229508197,25.8064516129,61,F,1.0,0.983870983124,Chandler,202718,Parsons,25,4.83870967742,61,62,1.01639344262,24.1935483871,45.1612903226,9.67741935484,1610612742,Dallas Mavericks,DAL,Dallas,7.69230985641,246,43.023255814,Offensive,2015,Reg
96,140,37.037037037,54,0.75,20,0.277777777778,34,0.472222222222,17.3333333333,72,F-C,0.847222222222,0.813332974911,Pau,2200,Gasol,16,0.0,61,75,1.04166666667,12.0,44.0,10.6666666667,1610612741,Chicago Bulls,CHI,Chicago,5.82750988007,151,37.037037037,Offensive,2015,Reg
97,209,33.3333333333,78,0.951219512195,26,0.317073170732,52,0.634146341463,6.59340659341,82,G,0.780487804878,0.703297019005,Will,203115,Barton,5,3.2967032967,64,91,1.10975609756,5.49450549451,31.8681318681,10.989010989,1610612743,Denver Nuggets,DEN,Denver,7.42251014709,82,36.5384615385,Offensive,2015,Reg
98,31,48.9795918367,49,0.890909090909,24,0.436363636364,25,0.454545454545,12.0689655172,55,G,1.07272727273,1.01724004745,Bradley,203078,Beal,3,6.89655172414,59,58,1.05454545455,10.3448275862,46.5517241379,10.3448275862,1610612764,Washington Wizards,WAS,Washington,5.95483016968,260,51.0204081633,Offensive,2015,Reg
99,18,48.9361702128,47,0.626666666667,23,0.306666666667,24,0.32,16.393442623,75,F,0.866666666667,1.06556999683,Dirk,1717,Nowitzki,41,0.0,65,61,0.813333333333,13.1147540984,54.0983606557,6.55737704918,1610612742,Dallas Mavericks,DAL,Dallas,4.64231014252,273,50.0,Offensive,2015,Reg
100,110,43.6363636364,55,0.753424657534,24,0.328767123288,31,0.424657534247,15.7142857143,73,G,0.821917808219,0.857142984867,Elfrid,203901,Payton,4,2.85714285714,60,70,0.958904109589,11.4285714286,44.2857142857,8.57142857143,1610612753,Orlando Magic,ORL,Orlando,7.12831020355,175,43.6363636364,Offensive,2015,Reg
101,159,41.5094339623,53,0.679487179487,22,0.282051282051,31,0.397435897436,12.0,78,G,0.75641025641,0.786666989326,Jeremy,202391,Lin,7,1.33333333333,59,75,0.961538461538,10.6666666667,38.6666666667,18.6666666667,1610612766,Charlotte Hornets,CHA,Charlotte,7.38916015625,132,42.4528301887,Offensive,2015,Reg
102,30,48.9361702128,47,0.839285714286,23,0.410714285714,24,0.428571428571,8.92857142857,56,G,1.01785714286,1.01786005497,Mike,201144,Conley,11,1.78571428571,57,56,1.0,7.14285714286,48.2142857143,8.92857142857,1610612763,Memphis Grizzlies,MEM,Memphis,6.4220199585,261,52.1276595745,Offensive,2015,Reg
103,166,32.2033898305,59,2.36,19,0.76,40,1.6,16.2162162162,25,G,2.28,0.770269989967,Tyreke,201936,Evans,1,4.05405405405,57,74,2.96,12.1621621622,36.4864864865,8.10810810811,1610612740,New Orleans Pelicans,NOP,NewOrleans,17.3708992004,125,34.7457627119,Offensive,2015,Reg
104,11,57.1428571429,42,0.575342465753,24,0.328767123288,18,0.246575342466,15.0943396226,73,F,0.821917808219,1.13207995892,Kyle ,203937,Anderson,1,0.0,60,53,0.72602739726,13.2075471698,60.3773584906,5.66037735849,1610612759,San Antonio Spurs,SAS,SanAntonio,13.5896997452,280,57.1428571429,Offensive,2015,Reg
105,188,44.0,25,0.961538461538,11,0.423076923077,14,0.538461538462,0.0,26,G,0.884615384615,0.741935014725,Ish,202397,Smith,4,0.0,23,31,1.19230769231,0.0,35.4838709677,19.3548387097,1610612740,New Orleans Pelicans,NOP,NewOrleans,10.7265996933,102,46.0,Offensive,2015,Reg
106,70,33.3333333333,39,1.0,13,0.333333333333,26,0.666666666667,22.8070175439,39,G,1.35897435897,0.929825007916,Kevin,2755,Martin,23,1.75438596491,53,57,1.46153846154,21.0526315789,43.8596491228,10.5263157895,1610612750,Minnesota Timberwolves,MIN,Minnesota,13.0733995438,220,37.1794871795,Offensive,2015,Reg
107,46,44.1860465116,43,0.544303797468,19,0.240506329114,24,0.303797468354,16.9491525424,79,G,0.73417721519,0.983051002026,Evan,203095,Fournier,10,5.08474576271,58,59,0.746835443038,13.5593220339,44.0677966102,15.2542372881,1610612753,Orlando Magic,ORL,Orlando,5.05137014389,245,48.8372093023,Offensive,2015,Reg
108,216,33.3333333333,69,0.932432432432,23,0.310810810811,46,0.621621621622,5.19480519481,74,G,0.716216216216,0.688311994076,J.J.,200826,Barea,5,1.2987012987,53,77,1.04054054054,5.19480519481,32.4675324675,6.49350649351,1610612742,Dallas Mavericks,DAL,Dallas,8.94309043884,75,35.5072463768,Offensive,2015,Reg
109,172,37.5,56,0.777777777778,21,0.291666666667,35,0.486111111111,10.2941176471,72,F,0.722222222222,0.764706015587,Kristaps,204001,Porzingis,6,1.47058823529,52,68,0.944444444444,7.35294117647,39.7058823529,8.82352941176,1610612752,New York Knicks,NYK,NewYork,6.08229017258,119,37.5,Offensive,2015,Reg
110,118,38.8888888889,54,0.683544303797,21,0.26582278481,33,0.417721518987,14.5161290323,79,F-C,0.670886075949,0.854839026928,Greg,202328,Monroe,15,4.83870967742,53,62,0.784810126582,14.5161290323,43.5483870968,3.22580645161,1610612749,Milwaukee Bucks,MIL,Milwaukee,5.15377998352,173,38.8888888889,Offensive,2015,Reg
111,139,32.7272727273,55,0.733333333333,18,0.24,37,0.493333333333,17.1428571429,75,G,0.76,0.814285993576,Devin,1626164,Booker,1,1.42857142857,57,70,0.933333333333,15.7142857143,38.5714285714,5.71428571429,1610612756,Phoenix Suns,PHX,Phoenix,6.17284011841,152,35.4545454545,Offensive,2015,Reg
112,70,42.5531914894,47,0.602564102564,20,0.25641025641,27,0.346153846154,8.77192982456,78,G,0.679487179487,0.929825007916,Wesley,202083,Matthews,23,1.75438596491,53,57,0.730769230769,8.77192982456,42.1052631579,10.5263157895,1610612742,Dallas Mavericks,DAL,Dallas,5.75757980347,220,46.8085106383,Offensive,2015,Reg
113,89,44.6808510638,47,0.58024691358,21,0.259259259259,26,0.320987654321,18.0327868852,81,F,0.679012345679,0.90163898468,Draymond,203110,Green,23,6.55737704918,55,61,0.753086419753,16.393442623,44.262295082,11.4754098361,1610612744,Golden State Warriors,GSW,GoldenState,5.00409984589,202,47.8723404255,Offensive,2015,Reg
114,5,57.8947368421,38,0.487179487179,22,0.282051282051,16,0.205128205128,4.6511627907,78,G,0.679487179487,1.23256003857,Shane,203499,Larkin,0,4.6511627907,53,43,0.551282051282,4.6511627907,51.1627906977,11.6279069767,1610612751,Brooklyn Nets,BKN,Brooklyn,6.17816019058,286,67.1052631579,Offensive,2015,Reg
115,143,34.0425531915,47,0.661971830986,16,0.225352112676,31,0.43661971831,8.62068965517,71,G,0.661971830986,0.810344994068,Patrick,201976,Beverley,2,0.0,47,58,0.816901408451,8.62068965517,34.4827586207,10.3448275862,1610612745,Houston Rockets,HOU,Houston,7.98897981644,147,43.6170212766,Offensive,2015,Reg
116,143,28.8888888889,45,0.592105263158,13,0.171052631579,32,0.421052631579,13.7931034483,76,G,0.618421052632,0.810344994068,Kentavious,203484,Caldwell-Pope,5,0.0,47,58,0.763157894737,12.0689655172,36.2068965517,8.62068965517,1610612765,Detroit Pistons,DET,Detroit,4.98710012436,147,35.5555555556,Offensive,2015,Reg
117,88,45.4545454545,44,0.6875,20,0.3125,24,0.375,5.88235294118,64,G,0.71875,0.901961028576,Trey,203504,Burke,3,1.96078431373,46,51,0.796875,5.88235294118,43.137254902,9.80392156863,1610612762,Utah Jazz,UTA,Utah,6.8273100853,203,48.8636363636,Offensive,2015,Reg
118,96,45.4545454545,44,0.846153846154,20,0.384615384615,24,0.461538461538,7.69230769231,52,C,0.884615384615,0.884615004063,Marc,201188,Gasol,33,1.92307692308,46,52,1.0,5.76923076923,44.2307692308,9.61538461538,1610612763,Memphis Grizzlies,MEM,Memphis,5.555560112,194,45.4545454545,Offensive,2015,Reg
119,146,40.9090909091,44,0.611111111111,18,0.25,26,0.361111111111,10.5263157895,72,G,0.638888888889,0.807017982006,Gerald,201945,Henderson,9,0.0,46,57,0.791666666667,10.5263157895,40.350877193,10.5263157895,1610612757,Portland Trail Blazers,POR,Portland,8.5585603714,145,42.0454545455,Offensive,2015,Reg
120,138,42.5925925926,54,0.818181818182,23,0.348484848485,31,0.469696969697,9.23076923077,66,F,0.80303030303,0.815384984016,Harrison,203084,Barnes,40,1.53846153846,53,65,0.984848484848,9.23076923077,41.5384615385,9.23076923077,1610612744,Golden State Warriors,GSW,GoldenState,8.68984031677,153,42.5925925926,Offensive,2015,Reg
121,180,35.0877192982,57,0.721518987342,20,0.253164556962,37,0.46835443038,5.55555555556,79,F,0.683544303797,0.75,Bojan ,202711,Bogdanovic,44,0.0,54,72,0.911392405063,5.55555555556,33.3333333333,15.2777777778,1610612751,Brooklyn Nets,BKN,Brooklyn,7.80911016464,108,40.350877193,Offensive,2015,Reg
122,126,41.4634146341,41,0.732142857143,17,0.303571428571,24,0.428571428571,21.4285714286,56,F,0.839285714286,0.839286029339,James,201949,Johnson,3,3.57142857143,47,56,1.0,21.4285714286,41.0714285714,8.92857142857,1610612761,Toronto Raptors,TOR,Toronto,17.2840003967,165,42.6829268293,Offensive,2015,Reg
123,261,22.3880597015,67,0.985294117647,15,0.220588235294,52,0.764705882353,8.64197530864,68,G,0.647058823529,0.543210029602,Emmanuel,1626144,Mudiay,0,0.0,44,81,1.19117647059,7.40740740741,27.1604938272,8.64197530864,1610612743,Denver Nuggets,DEN,Denver,6.65571022034,30,25.3731343284,Offensive,2015,Reg
124,217,31.25,16,0.592592592593,5,0.185185185185,11,0.407407407407,10.5263157895,27,F,0.481481481481,0.684211015701,Markieff,202693,Morris,5,0.0,13,19,0.703703703704,10.5263157895,36.8421052632,5.26315789474,1610612764,Washington Wizards,WAS,Washington,5.38244009018,71,31.25,Offensive,2015,Reg
125,244,31.4814814815,54,0.739726027397,17,0.232876712329,37,0.506849315068,4.28571428571,73,F,0.575342465753,0.600000023842,Stanley,1626169,Johnson,3,0.0,42,70,0.958904109589,1.42857142857,28.5714285714,18.5714285714,1610612765,Detroit Pistons,DET,Detroit,9.2226600647,41,33.3333333333,Offensive,2015,Reg
126,263,27.7777777778,54,0.805970149254,15,0.223880597015,39,0.582089552239,12.6582278481,67,C,0.626865671642,0.53164601326,Nerlens,203457,Noel,4,1.26582278481,42,79,1.17910447761,11.3924050633,27.8481012658,20.253164557,1610612755,Philadelphia 76ers,PHI,Philadelphia,9.27229976654,28,27.7777777778,Offensive,2015,Reg
127,29,52.1739130435,23,0.306666666667,12,0.16,11,0.146666666667,27.5,75,C,0.546666666667,1.02499997616,Zaza,2585,Pachulia,27,0.0,41,40,0.533333333333,25.0,55.0,15.0,1610612742,Dallas Mavericks,DAL,Dallas,5.58658981323,262,52.1739130435,Offensive,2015,Reg
128,102,37.2093023256,43,0.781818181818,16,0.290909090909,27,0.490909090909,12.0,55,G,0.8,0.879999995232,Archie,203462,Goodwin,20,2.0,44,50,0.909090909091,12.0,40.0,4.0,1610612756,Phoenix Suns,PHX,Phoenix,8.30564975739,189,43.023255814,Offensive,2015,Reg
129,179,30.5555555556,36,1.33333333333,11,0.407407407407,25,0.925925925926,15.5555555556,27,F,1.25925925926,0.755555987358,Tobias,202699,Harris,34,2.22222222222,34,45,1.66666666667,15.5555555556,37.7777777778,6.66666666667,1610612765,Detroit Pistons,DET,Detroit,10.8434000015,112,30.5555555556,Offensive,2015,Reg
130,47,55.5555555556,36,1.8,20,1.0,16,0.8,9.09090909091,20,F,2.15,0.977272987366,Michael,201563,Beasley,8,2.27272727273,43,44,2.2,11.3636363636,50.0,9.09090909091,1610612745,Houston Rockets,HOU,Houston,17.5298995972,244,55.5555555556,Offensive,2015,Reg
131,73,40.5405405405,37,0.480519480519,15,0.194805194805,22,0.285714285714,11.9047619048,77,F-C,0.506493506494,0.928570985794,Kevin,201567,Love,0,2.38095238095,39,42,0.545454545455,9.52380952381,45.2380952381,2.38095238095,1610612739,Cleveland Cavaliers,CLE,Cleveland,3.33068990707,217,41.8918918919,Offensive,2015,Reg
132,20,51.724137931,29,0.5,15,0.258620689655,14,0.241379310345,8.33333333333,58,G,0.655172413793,1.05555999279,Manu,1938,Ginobili,20,0.0,38,36,0.620689655172,5.55555555556,50.0,11.1111111111,1610612759,San Antonio Spurs,SAS,SanAntonio,6.16438007355,271,55.1724137931,Offensive,2015,Reg
133,48,40.625,32,0.615384615385,13,0.25,19,0.365384615385,15.3846153846,52,G,0.730769230769,0.974358975887,Jerryd,201573,Bayless,19,2.5641025641,38,39,0.75,12.8205128205,43.5897435897,5.12820512821,1610612749,Milwaukee Bucks,MIL,Milwaukee,7.15596008301,243,46.875,Offensive,2015,Reg
134,34,48.4848484848,33,0.44,16,0.213333333333,17,0.226666666667,11.3636363636,75,G,0.586666666667,1.0,Kent ,203145,Bazemore,24,4.54545454545,44,44,0.586666666667,11.3636363636,43.1818181818,18.1818181818,1610612737,Atlanta Hawks,ATL,Atlanta,4.75161981583,249,54.5454545455,Offensive,2015,Reg
135,98,55.1724137931,29,0.358024691358,16,0.197530864198,13,0.16049382716,11.6279069767,81,G,0.469135802469,0.883720993996,T.J.,204456,McConnell,12,2.32558139535,38,43,0.530864197531,6.97674418605,44.1860465116,23.2558139535,1610612755,Philadelphia 76ers,PHI,Philadelphia,6.89102983475,193,56.8965517241,Offensive,2015,Reg
136,1,61.9047619048,21,0.525,13,0.325,8,0.2,13.0434782609,40,G,0.9,1.56521999836,Gary,202390,Neal,14,4.34782608696,36,23,0.575,13.0434782609,65.2173913043,0.0,1610612764,Washington Wizards,WAS,Washington,6.11702013016,290,76.1904761905,Offensive,2015,Reg
137,59,44.1176470588,34,0.523076923077,15,0.230769230769,19,0.292307692308,10.5263157895,65,G-F,0.553846153846,0.94736802578,Andre,2738,Iguodala,9,5.26315789474,36,38,0.584615384615,10.5263157895,44.7368421053,5.26315789474,1610612744,Golden State Warriors,GSW,GoldenState,7.86749982834,232,48.5294117647,Offensive,2015,Reg
138,34,42.8571428571,28,0.509090909091,12,0.218181818182,16,0.290909090909,16.6666666667,55,G,0.654545454545,1.0,Mario,201596,Chalmers,6,5.55555555556,36,36,0.654545454545,16.6666666667,44.4444444444,11.1111111111,1610612763,Memphis Grizzlies,MEM,Memphis,5.81583023071,249,48.2142857143,Offensive,2015,Reg
139,94,40.5405405405,37,0.55223880597,15,0.223880597015,22,0.328358208955,13.0434782609,67,F,0.611940298507,0.891304016113,Jon,202720,Leuer,30,2.17391304348,41,46,0.686567164179,10.8695652174,43.4782608696,8.69565217391,1610612756,Phoenix Suns,PHX,Phoenix,7.87670993805,197,40.5405405405,Offensive,2015,Reg
140,160,33.3333333333,45,0.6,15,0.2,30,0.4,11.7647058824,75,G,0.533333333333,0.784313976765,Jerian,1626170,Grant,13,3.92156862745,40,51,0.68,11.7647058824,37.2549019608,3.92156862745,1610612752,New York Knicks,NYK,NewYork,9.64083003998,131,35.5555555556,Offensive,2015,Reg
141,171,33.3333333333,33,0.733333333333,11,0.244444444444,22,0.488888888889,17.0212765957,45,G,0.8,0.765956997871,Eric,201569,Gordon,10,2.12765957447,36,47,1.04444444444,12.7659574468,38.2978723404,14.8936170213,1610612740,New Orleans Pelicans,NOP,NewOrleans,6.94238996506,120,33.3333333333,Offensive,2015,Reg
142,7,60.8695652174,23,0.283950617284,14,0.172839506173,9,0.111111111111,16.1290322581,81,G,0.456790123457,1.19354999065,Raul,203526,Neto,25,6.45161290323,37,31,0.382716049383,12.9032258065,54.8387096774,16.1290322581,1610612762,Utah Jazz,UTA,Utah,5.555560112,284,65.2173913043,Offensive,2015,Reg
143,109,38.4615384615,39,0.527027027027,15,0.202702702703,24,0.324324324324,6.97674418605,74,G,0.5,0.860464990139,George,201588,Hill,3,2.32558139535,37,43,0.581081081081,4.6511627907,37.2093023256,4.6511627907,1610612754,Indiana Pacers,IND,Indiana,4.77248001099,182,43.5897435897,Offensive,2015,Reg
144,19,42.3076923077,26,0.440677966102,11,0.186440677966,15,0.254237288136,25.0,59,F,0.576271186441,1.0625,Lance,202498,Thomas,42,9.375,34,32,0.542372881356,21.875,50.0,3.125,1610612752,New York Knicks,NYK,NewYork,6.5708398819,272,44.2307692308,Offensive,2015,Reg
145,34,50.0,28,0.491228070175,14,0.245614035088,14,0.245614035088,16.6666666667,57,F-C,0.631578947368,1.0,Nene,2403,Hilario,42,0.0,36,36,0.631578947368,16.6666666667,52.7777777778,5.55555555556,1610612764,Washington Wizards,WAS,Washington,6.60550022125,249,50.0,Offensive,2015,Reg
146,223,35.0,40,0.555555555556,14,0.194444444444,26,0.361111111111,3.92156862745,72,G,0.472222222222,0.666666984558,Tony,2225,Parker,9,0.0,34,51,0.708333333333,3.92156862745,31.3725490196,17.6470588235,1610612759,San Antonio Spurs,SAS,SanAntonio,5.54347991943,64,37.5,Offensive,2015,Reg
147,149,35.1351351351,37,0.569230769231,13,0.2,24,0.369230769231,7.31707317073,65,G-F,0.507692307692,0.804877996445,Jeremy,203087,Lamb,3,4.87804878049,33,41,0.630769230769,7.31707317073,34.1463414634,7.31707317073,1610612766,Charlotte Hornets,CHA,Charlotte,6.8676700592,142,41.8918918919,Offensive,2015,Reg
148,228,26.8292682927,41,1.28125,11,0.34375,30,0.9375,10.0,32,G,1.03125,0.660000026226,Jarrett,101127,Jack,2,0.0,33,50,1.5625,10.0,32.0,8.0,1610612751,Brooklyn Nets,BKN,Brooklyn,10.1215000153,63,29.2682926829,Offensive,2015,Reg
149,237,33.3333333333,36,0.444444444444,12,0.148148148148,24,0.296296296296,24.5283018868,81,C,0.407407407407,0.622641980648,Andre,203083,Drummond,0,5.66037735849,33,53,0.654320987654,20.7547169811,35.8490566038,13.2075471698,1610612765,Detroit Pistons,DET,Detroit,3.59565997124,54,33.3333333333,Offensive,2015,Reg
150,61,50.0,28,0.358974358974,14,0.179487179487,14,0.179487179487,8.82352941176,78,G,0.410256410256,0.941175997257,Shaun,2733,Livingston,34,2.94117647059,32,34,0.435897435897,8.82352941176,47.0588235294,11.7647058824,1610612744,Golden State Warriors,GSW,GoldenState,6.85483980179,230,50.0,Offensive,2015,Reg
151,34,40.0,25,0.641025641026,10,0.25641025641,15,0.384615384615,10.0,39,G,0.769230769231,1.0,Jameer ,2749,Nelson,1,0.0,30,30,0.769230769231,6.66666666667,43.3333333333,6.66666666667,1610612743,Denver Nuggets,DEN,Denver,7.75193977356,249,48.0,Offensive,2015,Reg
152,212,32.5,40,0.526315789474,13,0.171052631579,27,0.355263157895,6.52173913043,76,G,0.421052631579,0.695652008057,Avery,202340,Bradley,0,0.0,32,46,0.605263157895,6.52173913043,34.7826086957,6.52173913043,1610612738,Boston Celtics,BOS,Boston,3.88842010498,79,36.25,Offensive,2015,Reg
153,60,23.5294117647,17,0.223684210526,4,0.0526315789474,13,0.171052631579,41.6666666667,76,G,0.447368421053,0.944444000721,Ricky,201937,Rubio,9,0.0,34,36,0.473684210526,19.4444444444,50.0,11.1111111111,1610612750,Minnesota Timberwolves,MIN,Minnesota,3.91729998589,231,26.4705882353,Offensive,2015,Reg
154,161,33.3333333333,30,0.491803278689,10,0.16393442623,20,0.327868852459,10.8108108108,61,G,0.475409836066,0.783783972263,Ronnie,101179,Price,14,5.40540540541,29,37,0.606557377049,8.10810810811,32.4324324324,13.5135135135,1610612756,Phoenix Suns,PHX,Phoenix,9.56072044373,130,38.3333333333,Offensive,2015,Reg
155,180,27.2727272727,33,0.407407407407,9,0.111111111111,24,0.296296296296,10.0,81,F,0.37037037037,0.75,Trevor,2772,Ariza,1,2.5,30,40,0.493827160494,10.0,30.0,10.0,1610612745,Houston Rockets,HOU,Houston,3.84245991707,108,34.8484848485,Offensive,2015,Reg
156,257,26.6666666667,45,0.555555555556,12,0.148148148148,33,0.407407407407,12.2807017544,81,F,0.407407407407,0.578947007656,Jared,203096,Sullinger,7,0.0,33,57,0.703703703704,12.2807017544,31.5789473684,8.77192982456,1610612738,Boston Celtics,BOS,Boston,5.79858016968,34,26.6666666667,Offensive,2015,Reg
157,51,42.8571428571,21,0.287671232877,9,0.123287671233,12,0.164383561644,17.2413793103,73,G,0.383561643836,0.965516984463,Nik,203917,Stauskas,11,3.44827586207,28,29,0.397260273973,17.2413793103,44.8275862069,13.7931034483,1610612755,Philadelphia 76ers,PHI,Philadelphia,4.20900011063,240,47.619047619,Offensive,2015,Reg
158,65,30.4347826087,23,0.425925925926,7,0.12962962963,16,0.296296296296,16.6666666667,54,G-F,0.518518518519,0.933332979679,Nick,201156,Young,0,0.0,28,30,0.555555555556,16.6666666667,36.6666666667,6.66666666667,1610612747,Los Angeles Lakers,LAL,LALakers,6.9930100441,223,36.9565217391,Offensive,2015,Reg
159,2,62.5,16,0.25,10,0.15625,6,0.09375,5.55555555556,64,G,0.421875,1.5,Anthony,201627,Morrow,2,0.0,27,18,0.28125,5.55555555556,61.1111111111,5.55555555556,1610612760,Oklahoma City Thunder,OKC,OklahomaCity,4.97238016129,289,78.125,Offensive,2015,Reg
160,190,38.4615384615,39,0.534246575342,15,0.205479452055,24,0.328767123288,0.0,73,G,0.424657534247,0.738094985485,Terrence,203082,Ross,31,0.0,31,42,0.575342465753,0.0,35.7142857143,7.14285714286,1610612761,Toronto Raptors,TOR,Toronto,6.02582979202,101,39.7435897436,Offensive,2015,Reg
161,23,60.0,20,0.25974025974,12,0.155844155844,8,0.103896103896,11.1111111111,77,F,0.363636363636,1.03703999519,Mirza,203141,Teletovic,35,3.7037037037,28,27,0.350649350649,11.1111111111,51.8518518519,18.5185185185,1610612756,Phoenix Suns,PHX,Phoenix,2.90634989738,268,65.0,Offensive,2015,Reg
162,65,33.3333333333,18,0.219512195122,6,0.0731707317073,12,0.146341463415,36.6666666667,82,G,0.341463414634,0.933332979679,Ramon,201196,Sessions,7,6.66666666667,28,30,0.365853658537,30.0,50.0,10.0,1610612764,Washington Wizards,WAS,Washington,3.61445999146,223,33.3333333333,Offensive,2015,Reg
163,73,48.0,25,0.390625,12,0.1875,13,0.203125,10.7142857143,64,G-F,0.40625,0.928570985794,Tony,2754,Allen,9,7.14285714286,26,28,0.4375,14.2857142857,46.4285714286,3.57142857143,1610612763,Memphis Grizzlies,MEM,Memphis,4.65889978409,217,48.0,Offensive,2015,Reg
164,178,26.9230769231,26,0.317073170732,7,0.0853658536585,19,0.231707317073,15.1515151515,82,G,0.30487804878,0.75757598877,Langston,204038,Galloway,2,0.0,25,33,0.40243902439,15.1515151515,33.3333333333,6.06060606061,1610612752,New York Knicks,NYK,NewYork,4.75504016876,113,34.6153846154,Offensive,2015,Reg
165,242,32.2580645161,31,0.378048780488,10,0.121951219512,21,0.256097560976,15.9090909091,82,C-F,0.329268292683,0.613636016846,Mason,203486,Plumlee,24,0.0,27,44,0.536585365854,13.6363636364,34.0909090909,13.6363636364,1610612757,Portland Trail Blazers,POR,Portland,5.35279989243,49,32.2580645161,Offensive,2015,Reg
166,163,40.625,32,0.421052631579,13,0.171052631579,19,0.25,5.55555555556,76,G,0.368421052632,0.777778029442,Gary,203914,Harris,14,2.77777777778,28,36,0.473684210526,5.55555555556,38.8888888889,8.33333333333,1610612743,Denver Nuggets,DEN,Denver,3.94737005234,127,40.625,Offensive,2015,Reg
167,217,33.3333333333,30,0.441176470588,10,0.147058823529,20,0.294117647059,10.5263157895,68,F-G,0.382352941176,0.684211015701,Paul,1718,Pierce,34,2.63157894737,26,38,0.558823529412,10.5263157895,34.2105263158,13.1578947368,1610612746,Los Angeles Clippers,LAC,LAClippers,7.85124015808,71,33.3333333333,Offensive,2015,Reg
168,208,35.4838709677,31,0.424657534247,11,0.150684931507,20,0.27397260274,2.94117647059,73,C,0.328767123288,0.705882012844,Jordan,201941,Hill,27,0.0,24,34,0.465753424658,2.94117647059,35.2941176471,5.88235294118,1610612754,Indiana Pacers,IND,Indiana,4.85021018982,83,35.4838709677,Offensive,2015,Reg
169,34,45.4545454545,22,0.289473684211,10,0.131578947368,12,0.157894736842,8.69565217391,76,C-F,0.302631578947,1.0,Boris,2564,Diaw,33,4.34782608696,23,23,0.302631578947,8.69565217391,47.8260869565,0.0,1610612759,San Antonio Spurs,SAS,SanAntonio,4.51866006851,249,47.7272727273,Offensive,2015,Reg
170,77,47.3684210526,19,0.2375,9,0.1125,10,0.125,20.0,80,C,0.2875,0.920000016689,Frank,1626163,Kaminsky,44,8.0,23,25,0.3125,16.0,48.0,12.0,1610612766,Charlotte Hornets,CHA,Charlotte,3.85802006722,214,50.0,Offensive,2015,Reg
171,188,30.0,20,0.30303030303,6,0.0909090909091,14,0.212121212121,19.3548387097,66,F,0.348484848485,0.741935014725,Nikola,202703,Mirotic,44,3.22580645161,23,31,0.469696969697,19.3548387097,35.4838709677,19.3548387097,1610612741,Chicago Bulls,CHI,Chicago,3.91909003258,102,32.5,Offensive,2015,Reg
172,265,26.8292682927,41,0.661290322581,11,0.177419354839,30,0.483870967742,2.27272727273,62,F,0.370967741935,0.522727012634,Bobby,1626171,Portis,5,0.0,23,44,0.709677419355,2.27272727273,27.2727272727,4.54545454545,1610612741,Chicago Bulls,CHI,Chicago,8.52713012695,26,26.8292682927,Offensive,2015,Reg
173,54,52.380952381,21,0.338709677419,11,0.177419354839,10,0.161290322581,0.0,62,F,0.354838709677,0.956521987915,Kyle,203124,O'Quinn,9,0.0,22,23,0.370967741935,0.0,47.8260869565,8.69565217391,1610612752,New York Knicks,NYK,NewYork,6.38888978958,237,52.380952381,Offensive,2015,Reg
174,121,45.4545454545,22,0.95652173913,10,0.434782608696,12,0.521739130435,11.1111111111,23,F,1.0,0.85185199976,Josh,2746,Smith,5,0.0,23,27,1.17391304348,7.40740740741,40.7407407407,7.40740740741,1610612745,Houston Rockets,HOU,Houston,12.5580997467,169,50.0,Offensive,2015,Reg
175,34,40.9090909091,22,0.360655737705,9,0.147540983607,13,0.213114754098,20.6896551724,61,G,0.475409836066,1.0,Donald,202388,Sloan,15,3.44827586207,29,29,0.475409836066,20.6896551724,48.275862069,6.89655172414,1610612751,Brooklyn Nets,BKN,Brooklyn,6.06694984436,249,43.1818181818,Offensive,2015,Reg
176,124,35.0,20,0.266666666667,7,0.0933333333333,13,0.173333333333,19.2307692308,75,G,0.293333333333,0.846153974533,JJ,200755,Redick,4,3.84615384615,22,26,0.346666666667,15.3846153846,42.3076923077,7.69230769231,1610612746,Los Angeles Clippers,LAC,LAClippers,2.49281001091,167,37.5,Offensive,2015,Reg
177,196,32.0,25,0.431034482759,8,0.137931034483,17,0.293103448276,18.1818181818,58,G,0.413793103448,0.727272987366,Rodney ,201155,Stuckey,2,6.06060606061,24,33,0.568965517241,18.1818181818,36.3636363636,12.1212121212,1610612754,Indiana Pacers,IND,Indiana,5.65068006515,93,34.0,Offensive,2015,Reg
178,22,41.1764705882,17,0.265625,7,0.109375,10,0.15625,10.0,64,G,0.328125,1.04999995232,CJ,101139,Miles,0,0.0,21,20,0.3125,5.0,45.0,5.0,1610612754,Indiana Pacers,IND,Indiana,2.63505005836,269,50.0,Offensive,2015,Reg
179,25,48.0,25,0.892857142857,12,0.428571428571,13,0.464285714286,6.89655172414,28,G,1.07142857143,1.0344799757,Shelvin,202714,Mack,8,3.44827586207,30,29,1.03571428571,3.44827586207,44.8275862069,10.3448275862,1610612762,Utah Jazz,UTA,Utah,6.8883600235,266,56.0,Offensive,2015,Reg
180,96,50.0,22,0.354838709677,11,0.177419354839,11,0.177419354839,3.84615384615,62,F-C,0.370967741935,0.884615004063,Derrick,202324,Favors,15,0.0,23,26,0.41935483871,3.84615384615,46.1538461538,11.5384615385,1610612762,Utah Jazz,UTA,Utah,2.54153990746,194,50.0,Offensive,2015,Reg
181,210,30.7692307692,26,0.481481481481,8,0.148148148148,18,0.333333333333,13.3333333333,54,F-G,0.388888888889,0.699999988079,Iman,202697,Shumpert,4,6.66666666667,21,30,0.555555555556,10.0,33.3333333333,6.66666666667,1610612739,Cleveland Cavaliers,CLE,Cleveland,7.77201986313,80,30.7692307692,Offensive,2015,Reg
182,243,28.5714285714,28,0.417910447761,8,0.119402985075,20,0.298507462687,7.89473684211,67,F,0.34328358209,0.605262994766,Robert,203496,Covington,33,0.0,23,38,0.567164179104,5.26315789474,26.3157894737,18.4210526316,1610612755,Philadelphia 76ers,PHI,Philadelphia,4.1125497818,48,37.5,Offensive,2015,Reg
183,238,30.303030303,33,0.40243902439,10,0.121951219512,23,0.280487804878,13.3333333333,82,F,0.341463414634,0.622222006321,Shabazz,203498,Muhammad,15,2.22222222222,28,45,0.548780487805,13.3333333333,33.3333333333,15.5555555556,1610612750,Minnesota Timberwolves,MIN,Minnesota,5.22648000717,53,30.303030303,Offensive,2015,Reg
184,56,37.5,16,0.231884057971,6,0.0869565217391,10,0.144927536232,19.0476190476,69,F,0.289855072464,0.952381014824,Omri,201956,Casspi,18,0.0,20,21,0.304347826087,14.2857142857,42.8571428571,4.7619047619,1610612758,Sacramento Kings,SAC,Sacramento,2.65487003326,235,46.875,Offensive,2015,Reg
185,152,47.3684210526,19,0.463414634146,9,0.219512195122,10,0.243902439024,8.0,41,F,0.487804878049,0.800000011921,Josh,201177,McRoberts,4,0.0,20,25,0.609756097561,8.0,40.0,16.0,1610612748,Miami Heat,MIA,Miami,12.7551002502,136,47.3684210526,Offensive,2015,Reg
186,129,44.0,25,0.403225806452,11,0.177419354839,14,0.225806451613,3.44827586207,62,F,0.387096774194,0.827585995197,Tony,203503,Snell,20,0.0,24,29,0.467741935484,3.44827586207,41.3793103448,10.3448275862,1610612741,Chicago Bulls,CHI,Chicago,7.14285993576,162,44.0,Offensive,2015,Reg
187,177,40.9090909091,22,0.30985915493,9,0.12676056338,13,0.183098591549,10.3448275862,71,F-C,0.30985915493,0.758620977402,Marreese,201578,Speights,5,3.44827586207,22,29,0.408450704225,10.3448275862,37.9310344828,17.2413793103,1610612744,Golden State Warriors,GSW,GoldenState,5.0877199173,114,40.9090909091,Offensive,2015,Reg
188,236,35.0,20,0.377358490566,7,0.132075471698,13,0.245283018868,15.625,53,G,0.377358490566,0.625,Ty,201951,Lawson,3,0.0,20,32,0.603773584906,15.625,34.375,21.875,1610612745,Houston Rockets,HOU,Houston,7.88177013397,55,35.0,Offensive,2015,Reg
189,195,27.7777777778,18,0.264705882353,5,0.0735294117647,13,0.191176470588,23.0769230769,68,G,0.279411764706,0.730768978596,Leandro,2571,Barbosa,19,7.69230769231,19,26,0.382352941176,23.0769230769,34.6153846154,15.3846153846,1610612744,Golden State Warriors,GSW,GoldenState,5.777780056,96,27.7777777778,Offensive,2015,Reg
190,229,25.9259259259,27,0.44262295082,7,0.114754098361,20,0.327868852459,9.375,61,G,0.344262295082,0.65625,Marcus,203935,Smart,36,0.0,21,32,0.524590163934,9.375,31.25,6.25,1610612738,Boston Celtics,BOS,Boston,4.68521022797,62,31.4814814815,Offensive,2015,Reg
191,271,22.8571428571,35,0.472972972973,8,0.108108108108,27,0.364864864865,5.12820512821,74,F,0.256756756757,0.487179011106,Luol,2736,Deng,9,0.0,19,39,0.527027027027,5.12820512821,25.641025641,5.12820512821,1610612748,Miami Heat,MIA,Miami,4.28101015091,20,22.8571428571,Offensive,2015,Reg
192,14,62.5,16,0.20253164557,10,0.126582278481,6,0.0759493670886,0.0,79,F-C,0.253164556962,1.111109972,Amir,101161,Johnson,90,0.0,20,18,0.227848101266,0.0,55.5555555556,11.1111111111,1610612738,Boston Celtics,BOS,Boston,3.125,277,62.5,Offensive,2015,Reg
193,110,44.4444444444,18,0.382978723404,8,0.170212765957,10,0.212765957447,4.7619047619,47,F,0.382978723404,0.857142984867,TJ,203933,Warren,12,0.0,18,21,0.446808510638,4.7619047619,42.8571428571,9.52380952381,1610612756,Phoenix Suns,PHX,Phoenix,4.17495012283,175,47.2222222222,Offensive,2015,Reg
194,167,45.4545454545,22,0.372881355932,10,0.169491525424,12,0.203389830508,3.84615384615,59,F-C,0.338983050847,0.769231021404,Myles,1626167,Turner,33,3.84615384615,20,26,0.440677966102,3.84615384615,38.4615384615,15.3846153846,1610612754,Indiana Pacers,IND,Indiana,4.01854991913,121,45.4545454545,Offensive,2015,Reg
195,232,33.3333333333,27,0.329268292683,9,0.109756097561,18,0.219512195122,3.22580645161,82,C,0.243902439024,0.645160973072,Gorgui,203476,Dieng,5,0.0,20,31,0.378048780488,3.22580645161,32.2580645161,9.67741935484,1610612750,Minnesota Timberwolves,MIN,Minnesota,3.73944997787,59,33.3333333333,Offensive,2015,Reg
196,244,28.5714285714,28,0.518518518519,8,0.148148148148,20,0.37037037037,0.0,54,G,0.333333333333,0.600000023842,Randy,200751,Foye,4,0.0,18,30,0.555555555556,0.0,26.6666666667,6.66666666667,1610612743,Denver Nuggets,DEN,Denver,7.38916015625,41,32.1428571429,Offensive,2015,Reg
197,83,30.7692307692,13,0.168831168831,4,0.0519480519481,9,0.116883116883,36.3636363636,77,F,0.25974025974,0.909090995789,Trey,1626168,Lyles,41,4.54545454545,20,22,0.285714285714,31.8181818182,50.0,9.09090909091,1610612762,Utah Jazz,UTA,Utah,4.08163022995,206,30.7692307692,Offensive,2015,Reg
198,235,22.7272727273,22,0.44,5,0.1,17,0.34,14.8148148148,50,F,0.34,0.629630029202,Terrence,203093,Jones,6,0.0,17,27,0.54,14.8148148148,33.3333333333,3.7037037037,1610612745,Houston Rockets,HOU,Houston,5.78157997131,56,25.0,Offensive,2015,Reg
199,207,29.1666666667,24,0.421052631579,7,0.122807017544,17,0.298245614035,16.1290322581,57,F,0.385964912281,0.709676980972,Nemanja,202357,Bjelica,88,0.0,22,31,0.543859649123,9.67741935484,35.4838709677,6.45161290323,1610612750,Minnesota Timberwolves,MIN,Minnesota,10.097700119,84,35.4166666667,Offensive,2015,Reg
200,12,46.6666666667,15,0.405405405405,7,0.189189189189,8,0.216216216216,18.75,37,G,0.486486486486,1.125,Tyus,1626145,Jones,1,18.75,18,16,0.432432432432,18.75,43.75,6.25,1610612750,Minnesota Timberwolves,MIN,Minnesota,7.92079019547,279,53.3333333333,Offensive,2015,Reg
201,64,39.1304347826,23,1.4375,9,0.5625,14,0.875,16.1290322581,16,,1.8125,0.9354839921,Tim,204025,Frazier,2,0.0,29,31,1.9375,12.9032258065,45.1612903226,9.67741935484,1610612740,New Orleans Pelicans,NOP,NewOrleans,13.3620996475,227,45.652173913,Offensive,2015,Reg
202,34,46.1538461538,13,0.317073170732,6,0.146341463415,7,0.170731707317,18.75,41,G,0.390243902439,1.0,OJ,201564,Mayo,3,12.5,16,16,0.390243902439,12.5,43.75,12.5,1610612749,Milwaukee Bucks,MIL,Milwaukee,3.90244007111,249,50.0,Offensive,2015,Reg
203,34,50.0,12,0.342857142857,6,0.171428571429,6,0.171428571429,18.75,35,G,0.457142857143,1.0,Tyler,204020,Johnson,8,6.25,16,16,0.457142857143,18.75,50.0,12.5,1610612748,Miami Heat,MIA,Miami,5.04731988907,249,50.0,Offensive,2015,Reg
204,125,29.4117647059,17,0.326923076923,5,0.0961538461538,12,0.230769230769,15.7894736842,52,G,0.307692307692,0.842104971409,Shabazz,203894,Napier,13,5.26315789474,16,19,0.365384615385,15.7894736842,36.8421052632,0.0,1610612753,Orlando Magic,ORL,Orlando,7.16980981827,166,35.2941176471,Offensive,2015,Reg
205,91,37.5,16,0.219178082192,6,0.0821917808219,10,0.13698630137,15.0,73,C,0.246575342466,0.899999976158,Hassan,202355,Whiteside,21,0.0,18,20,0.27397260274,10.0,45.0,5.0,1610612748,Miami Heat,MIA,Miami,2.08768010139,199,37.5,Offensive,2015,Reg
206,130,41.1764705882,17,0.223684210526,7,0.0921052631579,10,0.131578947368,8.69565217391,76,F,0.25,0.826086997986,Mario,1626209,Hezonja,23,4.34782608696,19,23,0.302631578947,8.69565217391,34.7826086957,21.7391304348,1610612753,Orlando Magic,ORL,Orlando,4.25926017761,160,50.0,Offensive,2015,Reg
207,173,40.0,15,0.535714285714,6,0.214285714286,9,0.321428571429,14.2857142857,28,G,0.571428571429,0.761905014515,DJ,201571,Augustin,12,4.7619047619,16,21,0.75,9.52380952381,38.0952380952,19.0476190476,1610612743,Denver Nuggets,DEN,Denver,6.54205989838,117,43.3333333333,Offensive,2015,Reg
208,196,31.8181818182,22,0.488888888889,7,0.155555555556,15,0.333333333333,0.0,45,G,0.355555555556,0.727272987366,Norris,202708,Cole,30,0.0,16,22,0.488888888889,0.0,31.8181818182,0.0,1610612740,New Orleans Pelicans,NOP,NewOrleans,3.76067996025,93,36.3636363636,Offensive,2015,Reg
209,223,29.4117647059,17,0.314814814815,5,0.0925925925926,12,0.222222222222,18.5185185185,54,G,0.333333333333,0.666666984558,Jonathan,203613,Simmons,17,3.7037037037,18,27,0.5,18.5185185185,33.3333333333,22.2222222222,1610612759,San Antonio Spurs,SAS,SanAntonio,8.18181991577,64,29.4117647059,Offensive,2015,Reg
210,191,26.6666666667,30,0.5,8,0.133333333333,22,0.366666666667,10.5263157895,60,G,0.466666666667,0.736841976643,Toney,201962,Douglas,16,0.0,28,38,0.633333333333,10.5263157895,31.5789473684,10.5263157895,1610612740,New Orleans Pelicans,NOP,NewOrleans,6.85921001434,99,33.3333333333,Offensive,2015,Reg
211,3,70.0,10,0.13698630137,7,0.0958904109589,3,0.041095890411,27.2727272727,73,F,0.205479452055,1.36363995075,Taj,201959,Gibson,22,18.1818181818,15,11,0.150684931507,18.1818181818,63.6363636364,0.0,1610612741,Chicago Bulls,CHI,Chicago,1.71607005596,287,70.0,Offensive,2015,Reg
212,63,46.1538461538,13,0.16049382716,6,0.0740740740741,7,0.0864197530864,6.25,81,G,0.185185185185,0.9375,Patty,201988,Mills,8,0.0,15,16,0.197530864198,0.0,43.75,12.5,1610612759,San Antonio Spurs,SAS,SanAntonio,2.25034999847,228,50.0,Offensive,2015,Reg
213,158,36.3636363636,11,0.142857142857,4,0.0519480519481,7,0.0909090909091,21.0526315789,77,F,0.194805194805,0.789474010468,Maurice ,203090,Harkless,4,0.0,15,19,0.246753246753,15.7894736842,42.1052631579,21.0526315789,1610612757,Portland Trail Blazers,POR,Portland,3.65385007858,133,40.9090909091,Offensive,2015,Reg
214,121,38.0952380952,21,0.313432835821,8,0.119402985075,13,0.194029850746,11.1111111111,67,G,0.34328358209,0.85185199976,Ben,203463,McLemore,23,0.0,23,27,0.402985074627,11.1111111111,40.7407407407,11.1111111111,1610612758,Sacramento Kings,SAC,Sacramento,4.50751018524,169,42.8571428571,Offensive,2015,Reg
215,221,31.8181818182,22,0.31884057971,7,0.101449275362,15,0.217391304348,0.0,69,G-F,0.217391304348,0.681818008423,Gerald,101123,Green,14,0.0,15,22,0.31884057971,0.0,31.8181818182,0.0,1610612748,Miami Heat,MIA,Miami,3.28849005699,70,34.0909090909,Offensive,2015,Reg
216,230,31.8181818182,22,0.468085106383,7,0.148936170213,15,0.31914893617,0.0,47,G,0.31914893617,0.652173995972,Marcus,201977,Thornton,10,0.0,15,23,0.489361702128,0.0,30.4347826087,4.34782608696,1610612745,Houston Rockets,HOU,Houston,4.59999990463,61,34.0909090909,Offensive,2015,Reg
217,244,25.0,20,0.571428571429,5,0.142857142857,15,0.428571428571,12.0,35,F,0.428571428571,0.600000023842,Metta,1897,World Peace,37,4.0,15,25,0.714285714286,12.0,28.0,12.0,1610612747,Los Angeles Lakers,LAL,LALakers,11.4154996872,41,25.0,Offensive,2015,Reg
218,262,23.8095238095,21,0.318181818182,5,0.0757575757576,16,0.242424242424,10.7142857143,66,F,0.227272727273,0.535713970661,Brandon,101138,Bass,2,0.0,15,28,0.424242424242,10.7142857143,28.5714285714,14.2857142857,1610612747,Los Angeles Lakers,LAL,LALakers,6.52681016922,29,23.8095238095,Offensive,2015,Reg
219,65,46.1538461538,13,0.325,6,0.15,7,0.175,6.66666666667,40,G,0.35,0.933332979679,Maurice ,2590,Williams,52,0.0,14,15,0.375,6.66666666667,46.6666666667,6.66666666667,1610612739,Cleveland Cavaliers,CLE,Cleveland,4.0,223,50.0,Offensive,2015,Reg
220,191,43.75,16,0.533333333333,7,0.233333333333,9,0.3,5.26315789474,30,G,0.466666666667,0.736841976643,Kendall,203088,Marshall,5,0.0,14,19,0.633333333333,5.26315789474,36.8421052632,10.5263157895,1610612755,Philadelphia 76ers,PHI,Philadelphia,11.3772001266,99,43.75,Offensive,2015,Reg
221,163,42.8571428571,14,0.21875,6,0.09375,8,0.125,5.55555555556,64,G,0.21875,0.777778029442,Devin,2734,Harris,34,0.0,14,18,0.28125,5.55555555556,38.8888888889,16.6666666667,1610612742,Dallas Mavericks,DAL,Dallas,3.62173008919,127,46.4285714286,Offensive,2015,Reg
222,173,43.75,16,0.207792207792,7,0.0909090909091,9,0.116883116883,9.52380952381,77,F,0.207792207792,0.761905014515,JaMychal,203210,Green,0,4.7619047619,16,21,0.272727272727,9.52380952381,38.0952380952,19.0476190476,1610612763,Memphis Grizzlies,MEM,Memphis,3.31229996681,117,43.75,Offensive,2015,Reg
223,223,25.0,20,0.27397260274,5,0.0684931506849,15,0.205479452055,9.52380952381,73,F,0.191780821918,0.666666984558,Jae,203109,Crowder,99,4.7619047619,14,21,0.287671232877,9.52380952381,28.5714285714,0.0,1610612738,Boston Celtics,BOS,Boston,2.09999990463,64,27.5,Offensive,2015,Reg
224,110,50.0,10,0.357142857143,5,0.178571428571,5,0.178571428571,7.14285714286,28,G,0.428571428571,0.857142984867,Courtney,201584,Lee,1,0.0,12,14,0.5,7.14285714286,42.8571428571,21.4285714286,1610612766,Charlotte Hornets,CHA,Charlotte,5.53359985352,175,50.0,Offensive,2015,Reg
225,266,16.6666666667,24,0.303797468354,4,0.0506329113924,20,0.253164556962,10.7142857143,79,C-F,0.177215189873,0.5,Nikola,203999,Jokic,15,0.0,14,28,0.354430379747,3.57142857143,25.0,3.57142857143,1610612743,Denver Nuggets,DEN,Denver,3.53981995583,21,18.75,Offensive,2015,Reg
226,10,50.0,12,0.153846153846,6,0.0769230769231,6,0.0769230769231,0.0,78,G,0.205128205128,1.14286005497,Garrett,202066,Temple,17,0.0,16,14,0.179487179487,0.0,42.8571428571,14.2857142857,1610612764,Washington Wizards,WAS,Washington,2.25079989433,281,66.6666666667,Offensive,2015,Reg
227,99,38.4615384615,13,0.282608695652,5,0.108695652174,8,0.173913043478,23.5294117647,46,G,0.326086956522,0.882353007793,Tyler,203898,Ennis,11,5.88235294118,15,17,0.369565217391,11.7647058824,47.0588235294,5.88235294118,1610612749,Milwaukee Bucks,MIL,Milwaukee,6.88258981705,191,38.4615384615,Offensive,2015,Reg
228,105,38.4615384615,13,0.171052631579,5,0.0657894736842,8,0.105263157895,0.0,76,G-F,0.171052631579,0.866666972637,Wayne,201961,Ellington,21,0.0,13,15,0.197368421053,0.0,33.3333333333,13.3333333333,1610612751,Brooklyn Nets,BKN,Brooklyn,2.38094997406,185,50.0,Offensive,2015,Reg
229,205,38.4615384615,13,0.158536585366,5,0.0609756097561,8,0.0975609756098,0.0,82,C,0.121951219512,0.714286029339,Enes,202683,Kanter,11,0.0,10,14,0.170731707317,0.0,35.7142857143,7.14285714286,1610612760,Oklahoma City Thunder,OKC,OklahomaCity,1.49094998837,86,38.4615384615,Offensive,2015,Reg
230,110,30.7692307692,13,0.158536585366,4,0.0487804878049,9,0.109756097561,14.2857142857,82,F,0.146341463415,0.857142984867,Corey,201147,Brewer,33,7.14285714286,12,14,0.170731707317,14.2857142857,35.7142857143,0.0,1610612745,Houston Rockets,HOU,Houston,2.02605009079,175,34.6153846154,Offensive,2015,Reg
231,65,40.0,10,0.135135135135,4,0.0540540540541,6,0.0810810810811,20.0,74,C-F,0.189189189189,0.933332979679,LaMarcus,200746,Aldridge,12,0.0,14,15,0.202702702703,20.0,46.6666666667,13.3333333333,1610612759,San Antonio Spurs,SAS,SanAntonio,1.17188000679,223,40.0,Offensive,2015,Reg
232,110,50.0,12,0.193548387097,6,0.0967741935484,6,0.0967741935484,0.0,62,F,0.193548387097,0.857142984867,Larry,1626204,Nance,7,0.0,12,14,0.225806451613,0.0,42.8571428571,14.2857142857,1610612747,Los Angeles Lakers,LAL,LALakers,3.91060996056,175,50.0,Offensive,2015,Reg
233,234,21.4285714286,14,0.538461538462,3,0.115384615385,11,0.423076923077,26.3157894737,26,F,0.461538461538,0.631578981876,DeMarre,201960,Carroll,5,0.0,12,19,0.730769230769,26.3157894737,36.8421052632,0.0,1610612761,Toronto Raptors,TOR,Toronto,5.88234996796,57,21.4285714286,Offensive,2015,Reg
234,276,23.8095238095,21,0.318181818182,5,0.0757575757576,16,0.242424242424,11.1111111111,66,F,0.181818181818,0.444444000721,Thomas,203080,Robinson,41,3.7037037037,12,27,0.409090909091,11.1111111111,22.2222222222,14.8148148148,1610612751,Brooklyn Nets,BKN,Brooklyn,6.69974994659,14,23.8095238095,Offensive,2015,Reg
235,80,57.1428571429,7,0.0972222222222,4,0.0555555555556,3,0.0416666666667,8.33333333333,72,G,0.152777777778,0.916666984558,Jose,101181,Calderon,3,0.0,11,12,0.166666666667,8.33333333333,41.6666666667,33.3333333333,1610612752,New York Knicks,NYK,NewYork,2.15440011024,211,64.2857142857,Offensive,2015,Reg
236,193,38.4615384615,13,0.220338983051,5,0.0847457627119,8,0.135593220339,6.66666666667,59,G,0.186440677966,0.7333329916,ETwaun,202734,Moore,55,0.0,11,15,0.254237288136,0.0,40.0,6.66666666667,1610612741,Chicago Bulls,CHI,Chicago,3.29670000076,97,38.4615384615,Offensive,2015,Reg
237,217,33.3333333333,15,0.192307692308,5,0.0641025641026,10,0.128205128205,10.5263157895,78,F,0.166666666667,0.684211015701,David,2561,West,30,0.0,13,19,0.24358974359,10.5263157895,36.8421052632,10.5263157895,1610612759,San Antonio Spurs,SAS,SanAntonio,3.47348999977,71,33.3333333333,Offensive,2015,Reg
238,252,22.2222222222,18,0.236842105263,4,0.0526315789474,14,0.184210526316,9.09090909091,76,G,0.171052631579,0.590909004211,Matthew,203521,Dellavedova,8,0.0,13,22,0.289473684211,4.54545454545,27.2727272727,9.09090909091,1610612739,Cleveland Cavaliers,CLE,Cleveland,3.40031003952,39,27.7777777778,Offensive,2015,Reg
239,83,44.4444444444,9,0.115384615385,4,0.0512820512821,5,0.0641025641026,9.09090909091,78,F,0.128205128205,0.909090995789,Wesley,202325,Johnson,33,9.09090909091,10,11,0.141025641026,9.09090909091,36.3636363636,18.1818181818,1610612746,Los Angeles Clippers,LAC,LAClippers,1.88033998013,206,50.0,Offensive,2015,Reg
240,167,40.0,10,0.294117647059,4,0.117647058824,6,0.176470588235,15.3846153846,34,F,0.294117647059,0.769231021404,Ryan,203527,Kelly,4,7.69230769231,10,13,0.382352941176,7.69230769231,38.4615384615,15.3846153846,1610612747,Los Angeles Lakers,LAL,LALakers,6.73575019836,121,40.0,Offensive,2015,Reg
241,223,44.4444444444,9,0.12676056338,4,0.056338028169,5,0.0704225352113,13.3333333333,71,C,0.140845070423,0.666666984558,Ian,101133,Mahinmi,28,0.0,10,15,0.211267605634,13.3333333333,40.0,26.6666666667,1610612754,Indiana Pacers,IND,Indiana,2.30415010452,64,44.4444444444,Offensive,2015,Reg
242,180,16.6666666667,6,0.0857142857143,1,0.0142857142857,5,0.0714285714286,43.75,70,F,0.171428571429,0.75,Richard,2210,Jefferson,24,0.0,12,16,0.228571428571,37.5,50.0,18.75,1610612739,Cleveland Cavaliers,CLE,Cleveland,4.10256004334,108,16.6666666667,Offensive,2015,Reg
243,231,38.4615384615,13,0.265306122449,5,0.102040816327,8,0.163265306122,5.88235294118,49,F,0.224489795918,0.64705902338,Solomon,203524,Hill,44,0.0,11,17,0.34693877551,5.88235294118,35.2941176471,17.6470588235,1610612754,Indiana Pacers,IND,Indiana,6.53845977783,60,38.4615384615,Offensive,2015,Reg
244,223,33.3333333333,15,0.192307692308,5,0.0641025641026,10,0.128205128205,0.0,78,G-F,0.128205128205,0.666666984558,Justise,1626159,Winslow,20,0.0,10,15,0.192307692308,0.0,33.3333333333,0.0,1610612748,Miami Heat,MIA,Miami,2.45901989937,64,33.3333333333,Offensive,2015,Reg
245,253,20.0,15,0.416666666667,3,0.0833333333333,12,0.333333333333,11.7647058824,36,F,0.277777777778,0.588235020638,Carl ,201171,Landry,7,0.0,10,17,0.472222222222,11.7647058824,29.4117647059,0.0,1610612755,Philadelphia 76ers,PHI,Philadelphia,5.43131017685,37,20.0,Offensive,2015,Reg
246,253,36.3636363636,11,0.244444444444,4,0.0888888888889,7,0.155555555556,11.7647058824,45,F-C,0.222222222222,0.588235020638,Andrea,200745,Bargnani,9,0.0,10,17,0.377777777778,5.88235294118,29.4117647059,23.5294117647,1610612751,Brooklyn Nets,BKN,Brooklyn,5.19878005981,37,36.3636363636,Offensive,2015,Reg
247,258,23.5294117647,17,0.68,4,0.16,13,0.52,5.55555555556,25,G,0.4,0.555555999279,Brandon,201943,Jennings,55,0.0,10,18,0.72,5.55555555556,27.7777777778,0.0,1610612753,Orlando Magic,ORL,Orlando,8.49057006836,33,26.4705882353,Offensive,2015,Reg
248,244,15.7894736842,19,0.25,3,0.0394736842105,16,0.210526315789,16.0,76,F,0.197368421053,0.600000023842,Matt,2440,Barnes,22,0.0,15,25,0.328947368421,12.0,28.0,8.0,1610612763,Memphis Grizzlies,MEM,Memphis,2.88017988205,41,18.4210526316,Offensive,2015,Reg
249,91,44.4444444444,9,0.173076923077,4,0.0769230769231,5,0.0961538461538,10.0,52,G,0.173076923077,0.899999976158,Marcelo,1626273,Huertas,9,0.0,9,10,0.192307692308,10.0,50.0,0.0,1610612747,Los Angeles Lakers,LAL,LALakers,3.125,199,44.4444444444,Offensive,2015,Reg
250,128,42.8571428571,7,0.28,3,0.12,4,0.16,33.3333333333,25,F,0.4,0.833333015442,Jarell,1626185,Martin,10,0.0,10,12,0.48,33.3333333333,58.3333333333,8.33333333333,1610612763,Memphis Grizzlies,MEM,Memphis,7.36195993423,163,42.8571428571,Offensive,2015,Reg
251,213,30.0,10,0.133333333333,3,0.04,7,0.0933333333333,7.69230769231,75,F,0.12,0.692308008671,Otto,203490,Porter Jr.,22,0.0,9,13,0.173333333333,7.69230769231,30.7692307692,15.3846153846,1610612764,Washington Wizards,WAS,Washington,1.54762005806,77,35.0,Offensive,2015,Reg
252,233,20.0,10,0.333333333333,2,0.0666666666667,8,0.266666666667,21.4285714286,30,G,0.3,0.642857015133,Brian ,203148,Roberts,22,0.0,9,14,0.466666666667,21.4285714286,35.7142857143,7.14285714286,1610612766,Charlotte Hornets,CHA,Charlotte,9.65517044067,58,20.0,Offensive,2015,Reg
253,103,36.3636363636,11,0.22,4,0.08,7,0.14,18.75,50,G,0.28,0.875,Josh,1626196,Richardson,0,0.0,14,16,0.32,18.75,43.75,12.5,1610612748,Miami Heat,MIA,Miami,4.77612018585,187,40.9090909091,Offensive,2015,Reg
254,152,25.0,8,0.137931034483,2,0.0344827586207,6,0.103448275862,20.0,58,G,0.137931034483,0.800000011921,Steve,2581,Blake,22,10.0,8,10,0.172413793103,20.0,30.0,10.0,1610612765,Detroit Pistons,DET,Detroit,3.03029990196,136,31.25,Offensive,2015,Reg
255,152,16.6666666667,6,0.1875,1,0.03125,5,0.15625,40.0,32,G,0.25,0.800000011921,CJ,201228,Watson,32,10.0,8,10,0.3125,20.0,40.0,10.0,1610612753,Orlando Magic,ORL,Orlando,5.61798000336,136,16.6666666667,Offensive,2015,Reg
256,110,41.6666666667,12,0.25,5,0.104166666667,7,0.145833333333,7.14285714286,48,C,0.25,0.857142984867,Kevin,202338,Seraphin,1,0.0,12,14,0.291666666667,7.14285714286,42.8571428571,7.14285714286,1610612752,New York Knicks,NYK,NewYork,5.42636013031,175,41.6666666667,Offensive,2015,Reg
257,276,25.0,16,0.242424242424,4,0.0606060606061,12,0.181818181818,0.0,66,F,0.121212121212,0.444444000721,Kenneth,202702,Faried,35,0.0,8,18,0.272727272727,0.0,22.2222222222,11.1111111111,1610612743,Denver Nuggets,DEN,Denver,2.21129989624,14,25.0,Offensive,2015,Reg
258,282,23.5294117647,17,0.246376811594,4,0.0579710144928,13,0.188405797101,0.0,69,C,0.115942028986,0.40000000596,Kelly,203482,Olynyk,41,0.0,8,20,0.289855072464,0.0,20.0,15.0,1610612738,Boston Celtics,BOS,Boston,2.92397999763,9,23.5294117647,Offensive,2015,Reg
259,280,22.7272727273,22,0.271604938272,5,0.0617283950617,17,0.20987654321,0.0,81,F,0.123456790123,0.41666701436,PJ,200782,Tucker,17,0.0,10,24,0.296296296296,0.0,20.8333333333,8.33333333333,1610612756,Phoenix Suns,PHX,Phoenix,3.17040991783,10,22.7272727273,Offensive,2015,Reg
260,213,36.3636363636,11,0.142857142857,4,0.0519480519481,7,0.0909090909091,7.69230769231,77,F--G,0.116883116883,0.692308008671,Hollis,203138,Thompson,31,7.69230769231,9,13,0.168831168831,7.69230769231,30.7692307692,15.3846153846,1610612755,Philadelphia 76ers,PHI,Philadelphia,1.64766001701,77,36.3636363636,Offensive,2015,Reg
261,255,14.2857142857,7,0.0958904109589,1,0.013698630137,6,0.0821917808219,33.3333333333,73,C,0.0958904109589,0.583333015442,Cody,203469,Zeller,40,0.0,7,12,0.164383561644,25.0,33.3333333333,8.33333333333,1610612766,Charlotte Hornets,CHA,Charlotte,1.97694003582,35,14.2857142857,Offensive,2015,Reg
262,141,38.4615384615,13,0.168831168831,5,0.0649350649351,8,0.103896103896,0.0,77,F,0.168831168831,0.8125,Joe ,204060,Ingles,2,0.0,13,16,0.207792207792,0.0,31.25,18.75,1610612762,Utah Jazz,UTA,Utah,4.41988992691,150,50.0,Offensive,2015,Reg
263,266,37.5,8,1.0,3,0.375,5,0.625,14.2857142857,8,G,0.875,0.5,Tony,203100,Wroten,1,0.0,7,14,1.75,14.2857142857,28.5714285714,28.5714285714,1610612755,Philadelphia 76ers,PHI,Philadelphia,12.5,21,37.5,Offensive,2015,Reg
264,272,15.3846153846,13,0.309523809524,2,0.047619047619,11,0.261904761905,20.0,42,F,0.166666666667,0.466666996479,Luke,202337,Babbitt,8,6.66666666667,7,15,0.357142857143,20.0,26.6666666667,0.0,1610612740,New Orleans Pelicans,NOP,NewOrleans,4.51807022095,18,15.3846153846,Offensive,2015,Reg
265,240,36.3636363636,11,0.134146341463,4,0.0487804878049,7,0.0853658536585,0.0,82,C,0.0975609756098,0.615384995937,Robin,201577,Lopez,8,0.0,8,13,0.158536585366,0.0,30.7692307692,15.3846153846,1610612752,New York Knicks,NYK,NewYork,1.49254000187,50,36.3636363636,Offensive,2015,Reg
266,259,28.5714285714,7,0.114754098361,2,0.0327868852459,5,0.0819672131148,9.09090909091,61,C,0.0983606557377,0.545454978943,Rudy,203497,Gobert,27,0.0,6,11,0.180327868852,0.0,27.2727272727,27.2727272727,1610612762,Utah Jazz,UTA,Utah,1.81517994404,31,28.5714285714,Offensive,2015,Reg
267,274,20.0,10,0.16393442623,2,0.0327868852459,8,0.131147540984,15.3846153846,61,G,0.0983606557377,0.461537986994,Markel,203900,Brown,22,0.0,6,13,0.213114754098,15.3846153846,23.0769230769,7.69230769231,1610612751,Brooklyn Nets,BKN,Brooklyn,3.10262989998,17,25.0,Offensive,2015,Reg
268,266,14.2857142857,7,0.137254901961,1,0.0196078431373,6,0.117647058824,16.6666666667,51,G,0.117647058824,0.5,Justin,1626147,Anderson,1,0.0,6,12,0.235294117647,16.6666666667,25.0,25.0,1610612742,Dallas Mavericks,DAL,Dallas,5.28634023666,21,14.2857142857,Offensive,2015,Reg
269,266,22.2222222222,9,0.113924050633,2,0.0253164556962,7,0.0886075949367,8.33333333333,79,G-F,0.0759493670886,0.5,Danny,201980,Green,14,0.0,6,12,0.151898734177,0.0,25.0,16.6666666667,1610612759,San Antonio Spurs,SAS,SanAntonio,1.82370996475,21,22.2222222222,Offensive,2015,Reg
270,279,23.0769230769,13,0.433333333333,3,0.1,10,0.333333333333,0.0,30,C-F,0.2,0.428570985794,David,101135,Lee,42,0.0,6,14,0.466666666667,0.0,21.4285714286,7.14285714286,1610612738,Boston Celtics,BOS,Boston,5.53359985352,12,23.0769230769,Offensive,2015,Reg
271,266,21.4285714286,14,0.25,3,0.0535714285714,11,0.196428571429,6.25,56,G,0.142857142857,0.5,Pablo,203143,Prigioni,9,0.0,8,16,0.285714285714,6.25,25.0,6.25,1610612746,Los Angeles Clippers,LAC,LAClippers,8.04020023346,21,25.0,Offensive,2015,Reg
272,283,18.75,16,0.205128205128,3,0.0384615384615,13,0.166666666667,0.0,78,F-C,0.0769230769231,0.33333298564,Serge,201586,Ibaka,9,0.0,6,18,0.230769230769,0.0,16.6666666667,11.1111111111,1610612760,Oklahoma City Thunder,OKC,OklahomaCity,1.74926996231,8,18.75,Offensive,2015,Reg
273,272,25.0,12,0.169014084507,3,0.0422535211268,9,0.12676056338,0.0,71,G,0.0985915492958,0.466666996479,Jason,1891,Terry,31,0.0,7,15,0.211267605634,0.0,20.0,20.0,1610612745,Houston Rockets,HOU,Houston,3.4324901104,18,29.1666666667,Offensive,2015,Reg
274,286,15.3846153846,13,0.232142857143,2,0.0357142857143,11,0.196428571429,0.0,56,F-C,0.0714285714286,0.285714000463,Joffrey,203530,Lauvergne,77,0.0,4,14,0.25,0.0,14.2857142857,7.14285714286,1610612743,Denver Nuggets,DEN,Denver,2.99785995483,4,15.3846153846,Offensive,2015,Reg
275,285,7.69230769231,13,0.216666666667,1,0.0166666666667,12,0.2,10.0,60,G-F,0.1,0.300000011921,Vince,1713,Carter,15,0.0,6,20,0.333333333333,10.0,15.0,25.0,1610612763,Memphis Grizzlies,MEM,Memphis,4.87804985046,6,7.69230769231,Offensive,2015,Reg
276,286,15.3846153846,13,0.185714285714,2,0.0285714285714,11,0.157142857143,0.0,70,F,0.0571428571429,0.285714000463,Darrell,201589,Arthur,0,0.0,4,14,0.2,0.0,14.2857142857,7.14285714286,1610612743,Denver Nuggets,DEN,Denver,2.42214989662,4,15.3846153846,Offensive,2015,Reg
277,288,15.7894736842,19,0.246753246753,3,0.038961038961,16,0.207792207792,4.54545454545,77,C,0.0779220779221,0.272727012634,Alex,203458,Len,21,0.0,6,22,0.285714285714,4.54545454545,13.6363636364,9.09090909091,1610612756,Phoenix Suns,PHX,Phoenix,2.52005004883,3,15.7894736842,Offensive,2015,Reg
278,280,22.2222222222,9,0.157894736842,2,0.0350877192982,7,0.122807017544,8.33333333333,57,C-F,0.0877192982456,0.41666701436,Spencer,201150,Hawes,0,0.0,5,12,0.210526315789,8.33333333333,25.0,16.6666666667,1610612766,Charlotte Hornets,CHA,Charlotte,3.05344009399,10,22.2222222222,Offensive,2015,Reg
279,289,12.5,8,0.170212765957,1,0.0212765957447,7,0.148936170213,15.3846153846,47,F,0.063829787234,0.230768993497,JaKarr,203960,Sampson,9,0.0,3,13,0.276595744681,15.3846153846,15.3846153846,23.0769230769,1610612755,Philadelphia 76ers,PHI,Philadelphia,4.34782981873,2,12.5,Offensive,2015,Reg
