,AST,AST_ADJ,AST_PTS_CREATED,AST_TO_PASS_PCT,AST_TO_PASS_PCT_ADJ,FT_AST,GP,L,MIN,PASSES_MADE,PASSES_RECEIVED,PLAYER_ID,PLAYER_NAME,POTENTIAL_AST,SECONDARY_AST,TEAM_ABBREVIATION,TEAM_ID,W
0,2,4,6,0.045,0.091,0,17,14,77.0,44,50,1627773,AJ Hammons,6,2,DAL,1610612742,3
1,96,120,220,0.091,0.114,7,49,21,652.0,1055,1231,201166,Aaron Brooks,200,17,IND,1610612754,28
2,125,170,297,0.082,0.111,14,65,41,1824.0,1533,1606,203932,Aaron Gordon,249,31,ORL,1610612753,24
3,3,3,8,0.13,0.13,0,5,3,17.0,23,21,1626151,Aaron Harrison,4,0,CHA,1610612766,2
4,4,7,10,0.029,0.051,2,12,8,92.0,136,109,203940,Adreian Payne,14,1,MIN,1610612750,4
5,260,331,632,0.096,0.122,27,53,18,1735.0,2711,2472,201143,Al Horford,502,44,BOS,1610612738,35
6,56,75,136,0.055,0.074,4,60,29,873.0,1014,949,2744,Al Jefferson,107,15,IND,1610612754,31
7,84,115,211,0.059,0.081,9,45,24,1324.0,1424,992,202329,Al-Farouq Aminu,136,21,POR,1610612757,21
8,11,18,24,0.057,0.093,1,25,9,274.0,194,209,101187,Alan Anderson,16,6,LAC,1610612746,16
9,11,16,27,0.026,0.037,2,33,24,418.0,427,290,1626210,Alan Williams,28,3,PHX,1610612756,9
10,21,34,47,0.041,0.066,1,30,11,477.0,516,598,202692,Alec Burks,58,12,UTA,1610612762,19
11,28,41,68,0.043,0.063,3,55,26,826.0,649,702,203518,Alex Abrines,63,10,OKC,1610612760,29
12,35,50,81,0.029,0.041,5,60,42,1189.0,1214,828,203458,Alex Len,78,10,PHX,1610612756,18
13,9,16,22,0.017,0.031,1,28,18,410.0,516,309,201582,Alexis Ajinca,23,6,NOP,1610612740,10
14,79,106,190,0.054,0.073,11,65,36,1850.0,1462,1485,203459,Allen Crabbe,156,18,POR,1610612757,29
15,6,6,16,0.083,0.083,0,13,9,89.0,72,56,202087,Alonzo Gee,12,0,DEN,1610612743,4
16,110,152,273,0.069,0.096,8,66,25,1307.0,1586,1222,101161,Amir Johnson,207,33,BOS,1610612738,41
17,10,10,24,0.062,0.062,0,14,2,92.0,161,108,2760,Anderson Varejao,22,0,GSW,1610612744,12
18,67,104,162,0.035,0.054,3,65,33,2005.0,1940,1372,203083,Andre Drummond,146,34,DET,1610612765,32
19,214,304,503,0.106,0.151,14,63,11,1648.0,2017,1795,2738,Andre Iguodala,397,75,GSW,1610612744,52
20,61,93,152,0.036,0.055,10,66,29,2013.0,1693,1178,203460,Andre Roberson,135,23,OKC,1610612760,37
21,49,60,117,0.059,0.073,1,27,19,583.0,825,499,101106,Andrew Bogut,110,10,CLE,1610612739,8
22,165,232,410,0.08,0.113,14,59,27,1218.0,2056,2277,1626150,Andrew Harrison,393,53,MEM,1610612763,32
23,7,14,17,0.025,0.051,1,30,12,250.0,276,214,203094,Andrew Nicholson,11,6,BKN,1610612751,18
24,155,213,381,0.092,0.126,15,65,38,2415.0,1692,2553,203952,Andrew Wiggins,342,43,MIN,1610612750,27
25,11,16,29,0.035,0.052,1,22,19,243.0,310,235,203461,Anthony Bennett,23,4,BKN,1610612751,3
26,8,11,21,0.059,0.081,2,11,8,159.0,136,130,1626148,Anthony Brown,15,1,ORL,1610612753,3
27,135,190,331,0.046,0.065,13,62,38,2246.0,2927,2960,203076,Anthony Davis,258,42,NOP,1610612740,24
28,19,24,46,0.067,0.085,2,42,21,636.0,284,405,201627,Anthony Morrow,37,3,CHI,1610612741,21
29,58,88,134,0.04,0.06,3,54,33,1245.0,1458,1169,201229,Anthony Tolliver,121,27,SAC,1610612758,21
30,1,1,3,0.038,0.038,0,3,2,30.0,26,33,203462,Archie Goodwin,6,0,NOP,1610612740,1
31,2,3,5,0.041,0.061,0,8,5,28.0,49,35,202620,Arinze Onuaku,10,1,ORL,1610612753,3
32,22,31,55,0.035,0.049,3,63,31,948.0,634,520,203382,Aron Baynes,67,6,DET,1610612765,32
33,68,106,168,0.051,0.079,13,55,34,1424.0,1334,1405,201167,Arron Afflalo,155,25,SAC,1610612758,21
34,189,238,468,0.081,0.102,15,64,26,1795.0,2340,2761,203085,Austin Rivers,360,36,LAC,1610612746,38
35,95,141,235,0.064,0.095,12,43,17,1428.0,1492,1647,202340,Avery Bradley,207,35,BOS,1610612738,26
36,0,0,0,0.0,0.0,0,2,1,6.0,3,2,1626253,Axel Toupane,0,0,MIL,1610612749,1
37,0,1,1,0.0,0.167,1,3,1,10.0,6,8,1627791,Ben Bentil,0,0,DAL,1610612742,2
38,37,58,84,0.048,0.075,2,48,27,877.0,774,880,203463,Ben McLemore,83,19,SAC,1610612758,21
39,91,123,212,0.108,0.146,12,30,15,420.0,843,957,2757,Beno Udrih,172,19,DET,1610612765,15
40,61,91,146,0.028,0.041,2,66,42,1554.0,2217,1322,202687,Bismack Biyombo,143,28,ORL,1610612753,24
41,237,276,581,0.088,0.103,15,46,17,1558.0,2682,2636,201933,Blake Griffin,429,25,LAC,1610612746,29
42,6,13,15,0.035,0.076,4,25,12,173.0,171,149,1626246,Boban Marjanovic,11,3,DET,1610612765,13
43,2,4,6,0.034,0.068,0,20,5,56.0,59,85,201628,Bobby Brown,5,2,HOU,1610612745,15
44,23,29,55,0.024,0.03,2,48,28,674.0,978,732,1626171,Bobby Portis,56,5,CHI,1610612741,20
45,94,137,227,0.063,0.092,5,64,48,1711.0,1482,1856,202711,Bojan Bogdanovic,198,38,WAS,1610612764,16
46,124,163,306,0.079,0.104,20,57,22,1000.0,1573,1427,2564,Boris Diaw,236,19,UTA,1610612762,35
47,222,286,504,0.12,0.154,16,61,21,2122.0,1855,2621,203078,Bradley Beal,397,50,WAS,1610612764,40
48,6,8,15,0.041,0.054,2,12,5,173.0,148,132,201148,Brandan Wright,9,0,MEM,1610612763,7
49,20,29,52,0.038,0.055,2,43,21,486.0,528,488,101138,Brandon Bass,46,7,LAC,1610612746,22
50,133,166,321,0.06,0.075,10,66,46,1899.0,2222,2223,1627742,Brandon Ingram,265,23,LAL,1610612747,20
51,313,402,743,0.106,0.137,33,64,35,1506.0,2944,3230,201943,Brandon Jennings,636,57,WAS,1610612764,29
52,129,162,313,0.078,0.098,14,53,37,1121.0,1658,2073,202688,Brandon Knight,271,20,PHX,1610612756,16
53,25,29,56,0.061,0.071,1,30,19,595.0,410,408,201575,Brandon Rush,47,3,MIN,1610612750,11
54,39,51,93,0.082,0.107,0,30,17,276.0,476,532,203148,Brian Roberts,86,11,CHA,1610612766,13
55,7,7,17,0.065,0.065,0,9,2,54.0,108,111,1627362,Briante Weber,9,0,CHA,1610612766,7
56,0,0,0,0.0,0.0,0,1,1,3.0,3,2,1627744,Brice Johnson,0,0,LAC,1610612746,0
57,146,188,355,0.083,0.107,17,59,47,1748.0,1753,2213,201572,Brook Lopez,288,25,BKN,1610612751,12
58,3,3,7,0.15,0.15,0,7,1,21.0,20,14,203998,Bruno Caboclo,3,0,TOR,1610612761,6
59,4,11,13,0.036,0.099,2,22,5,131.0,111,129,1627854,Bryn Forbes,10,5,SAS,1610612759,17
60,86,111,201,0.068,0.088,2,66,42,1394.0,1258,1428,1627741,Buddy Hield,179,24,SAC,1610612758,24
61,92,121,228,0.087,0.115,9,52,35,878.0,1056,1072,201228,C.J. Watson,204,20,ORL,1610612753,17
62,231,318,577,0.086,0.118,20,65,36,2282.0,2686,3568,203468,CJ McCollum,471,66,POR,1610612757,29
63,37,60,86,0.036,0.059,6,59,28,1395.0,1017,1098,101139,CJ Miles,93,17,IND,1610612754,31
64,11,12,28,0.157,0.171,0,19,12,88.0,70,78,203912,CJ Wilcox,17,1,ORL,1610612753,7
65,54,75,125,0.08,0.111,4,28,15,448.0,676,790,1626166,Cameron Payne,126,17,CHI,1610612741,13
66,80,103,205,0.1,0.128,7,39,32,816.0,802,835,1627747,Caris LeVert,151,16,BKN,1610612751,7
67,190,241,452,0.082,0.104,15,65,40,2244.0,2321,2894,2546,Carmelo Anthony,366,37,NYK,1610612752,25
68,55,77,136,0.079,0.111,4,34,16,675.0,693,771,202718,Chandler Parsons,118,18,MEM,1610612763,18
69,38,73,102,0.027,0.052,9,58,21,1089.0,1409,1090,101112,Channing Frye,72,26,CLE,1610612739,37
70,15,26,34,0.064,0.111,2,12,9,133.0,235,269,1626184,Chasson Randle,32,9,NYK,1610612752,3
71,3,5,8,0.027,0.045,1,10,5,96.0,110,67,1627767,Cheick Diallo,3,1,NOP,1610612740,5
72,1,1,2,0.071,0.071,0,2,1,10.0,14,10,1627778,Chinanu Onuaku,2,0,HOU,1610612745,1
73,5,7,14,0.039,0.054,1,12,4,114.0,129,79,2365,Chris Andersen,10,1,CLE,1610612739,8
74,2,4,4,0.02,0.041,0,15,14,74.0,98,71,1626191,Chris McCullough,3,2,WAS,1610612764,1
75,419,535,975,0.143,0.182,46,45,13,1407.0,2932,3242,101108,Chris Paul,760,69,LAC,1610612746,32
76,2,5,5,0.025,0.063,0,10,6,87.0,80,56,1626174,Christian Wood,4,3,CHA,1610612766,4
77,46,75,127,0.028,0.045,3,52,17,1226.0,1667,1136,203991,Clint Capela,93,26,HOU,1610612745,35
78,71,99,172,0.08,0.112,7,46,20,1260.0,885,841,203469,Cody Zeller,162,21,CHA,1610612766,26
79,25,41,60,0.046,0.075,4,56,33,486.0,549,303,202332,Cole Aldrich,46,12,MIN,1610612750,23
80,70,97,176,0.099,0.137,9,66,25,1013.0,708,656,201147,Corey Brewer,125,17,LAL,1610612747,41
81,188,242,471,0.078,0.1,20,63,28,1507.0,2412,2585,202709,Cory Joseph,407,34,TOR,1610612761,35
82,136,187,329,0.071,0.098,13,62,38,1984.0,1908,2151,201584,Courtney Lee,262,38,NYK,1610612752,24
83,34,57,88,0.032,0.054,2,57,31,917.0,1059,687,1626245,Cristiano Felicio,80,21,CHI,1610612741,26
84,241,319,604,0.095,0.126,32,50,33,1375.0,2529,2878,1626156,D'Angelo Russell,484,46,LAL,1610612747,17
85,187,264,447,0.084,0.119,27,66,42,1341.0,2219,2655,201571,D.J. Augustin,384,49,ORL,1610612753,24
86,0,1,1,0.0,0.02,1,9,3,66.0,51,39,1627745,Damian Jones,3,0,GSW,1610612744,6
87,352,492,848,0.098,0.137,43,60,33,2165.0,3587,4528,203081,Damian Lillard,701,99,POR,1610612757,27
88,18,22,41,0.048,0.059,1,39,28,287.0,376,332,204014,Damjan Rudez,49,3,ORL,1610612753,11
89,2,3,6,0.047,0.07,0,15,5,49.0,43,30,1627849,Daniel Ochefu,3,1,WAS,1610612764,10
90,106,144,240,0.065,0.089,8,52,27,1762.0,1621,1673,201568,Danilo Gallinari,209,30,DEN,1610612743,25
91,106,151,237,0.062,0.088,11,56,11,1527.0,1717,1501,201980,Danny Green,174,34,SAS,1610612759,45
92,34,57,83,0.031,0.051,5,51,30,1283.0,1110,770,201967,Dante Cunningham,68,19,NOP,1610612740,21
93,83,119,193,0.067,0.095,20,51,20,933.0,1248,1433,203957,Dante Exum,156,17,UTA,1610612762,31
94,0,0,0,0.0,0.0,0,1,1,1.0,1,0,1627863,Danuel House,0,0,WAS,1610612764,0
95,142,192,346,0.052,0.07,16,66,42,1705.0,2752,2578,203967,Dario Saric,283,34,PHI,1610612755,24
96,40,49,98,0.059,0.072,3,37,20,586.0,682,587,201589,Darrell Arthur,62,6,DEN,1610612743,17
97,254,369,623,0.073,0.106,22,58,36,1784.0,3492,3929,201954,Darren Collison,540,93,SAC,1610612758,22
98,23,32,57,0.089,0.124,4,29,13,295.0,259,325,1626199,Darrun Hilliard,53,5,DET,1610612765,16
99,97,132,238,0.055,0.075,15,63,13,1173.0,1757,1262,101135,David Lee,188,21,SAS,1610612759,50
100,1,1,3,0.027,0.027,0,6,5,73.0,37,42,1628021,David Nwaba,4,0,LAL,1610612747,1
101,112,142,249,0.12,0.152,12,52,11,614.0,937,791,2561,David West,185,18,GSW,1610612744,41
102,39,52,92,0.052,0.069,3,53,9,623.0,755,612,202722,Davis Bertans,67,10,SAS,1610612759,44
103,77,106,186,0.029,0.04,3,66,26,2086.0,2622,1426,201599,DeAndre Jordan,150,26,LAC,1610612746,40
104,49,76,122,0.068,0.105,5,50,16,684.0,723,675,202732,DeAndre Liggins,89,22,CLE,1610612739,34
105,20,23,49,0.068,0.078,3,30,15,289.0,293,300,1627761,DeAndre' Bembry,48,0,ATL,1610612737,15
106,218,287,541,0.112,0.147,12,58,24,2063.0,1949,2995,201942,DeMar DeRozan,454,57,TOR,1610612761,34
107,297,368,723,0.093,0.115,25,63,38,2155.0,3208,3583,202326,DeMarcus Cousins,533,46,NOP,1610612740,25
108,61,80,149,0.049,0.064,5,58,25,1594.0,1248,1123,201960,DeMarre Carroll,130,14,TOR,1610612761,33
109,48,63,113,0.088,0.116,4,37,8,316.0,545,630,1627749,Dejounte Murray,80,10,SAS,1610612759,29
110,15,22,39,0.059,0.087,1,11,5,181.0,253,287,1626153,Delon Wright,40,6,TOR,1610612761,6
111,3,3,4,0.158,0.158,0,5,4,17.0,19,22,1627743,Demetrius Jackson,4,0,BOS,1610612738,1
112,405,548,965,0.11,0.148,39,65,28,2015.0,3692,4558,203471,Dennis Schroder,791,101,ATL,1610612737,37
113,38,51,96,0.073,0.098,3,41,23,595.0,518,559,1627756,Denzel Valentine,75,10,CHI,1610612741,18
114,292,373,721,0.109,0.139,24,46,30,1312.0,2677,3003,101114,Deron Williams,563,58,CLE,1610612739,16
115,52,79,128,0.034,0.052,8,47,16,1134.0,1508,1271,202324,Derrick Favors,92,20,UTA,1610612762,31
116,7,11,16,0.059,0.092,1,17,12,191.0,119,102,1627884,"Derrick Jones, Jr.",7,3,PHX,1610612756,5
117,255,356,630,0.078,0.108,16,58,34,1888.0,3286,3951,201565,Derrick Rose,548,85,NYK,1610612752,24
118,24,34,64,0.029,0.042,3,39,27,678.0,819,679,202682,Derrick Williams,52,7,CLE,1610612739,12
119,205,280,507,0.104,0.141,33,64,43,2211.0,1980,3026,1626164,Devin Booker,397,42,PHX,1610612756,21
120,100,120,240,0.105,0.126,12,47,24,788.0,951,1061,2734,Devin Harris,180,8,DAL,1610612742,23
121,35,49,80,0.032,0.045,1,58,13,1023.0,1101,658,203473,Dewayne Dedmon,73,12,SAS,1610612759,45
122,2,2,4,0.013,0.013,0,28,10,190.0,159,103,1627738,Deyonta Davis,7,0,MEM,1610612763,18
123,0,0,0,0.0,0.0,0,7,1,24.0,19,19,1627754,Diamond Stone,0,0,LAC,1610612746,6
124,194,238,493,0.119,0.146,14,44,19,1343.0,1630,2088,203079,Dion Waiters,355,29,MIA,1610612748,25
125,60,81,153,0.05,0.068,3,38,20,1023.0,1193,1133,1717,Dirk Nowitzki,110,18,DAL,1610612742,18
126,69,90,173,0.04,0.053,4,66,29,1374.0,1706,1368,1627734,Domantas Sabonis,137,17,OKC,1610612760,37
127,26,40,65,0.042,0.065,3,25,15,367.0,612,463,202700,Donatas Motiejunas,61,9,NOP,1610612740,10
128,51,78,139,0.044,0.067,10,63,36,1307.0,1169,940,1627827,Dorian Finney-Smith,110,17,DAL,1610612742,27
129,53,77,130,0.056,0.082,7,53,26,1293.0,939,1044,203926,Doug McDermott,99,17,OKC,1610612760,27
130,16,25,34,0.03,0.046,1,36,26,453.0,542,401,1627733,Dragan Bender,26,8,PHX,1610612756,10
131,443,562,1058,0.115,0.146,36,62,13,2043.0,3859,3030,203110,Draymond Green,782,84,GSW,1610612744,49
132,78,113,179,0.032,0.046,6,60,28,1770.0,2464,1547,2730,Dwight Howard,146,30,ATL,1610612737,32
133,44,57,110,0.037,0.048,1,62,37,1075.0,1198,784,203939,Dwight Powell,104,12,DAL,1610612742,25
134,211,268,491,0.113,0.144,22,55,29,1669.0,1863,2540,2548,Dwyane Wade,394,34,CHI,1610612741,26
135,131,166,316,0.101,0.128,19,59,35,1475.0,1295,1528,202734,E'Twaun Moore,246,17,NOP,1610612740,24
136,26,51,66,0.03,0.058,6,46,27,789.0,874,523,202334,Ed Davis,60,18,POR,1610612757,19
137,0,1,0,0.0,0.333,0,1,0,4.0,3,2,204002,Edy Tavares,0,1,ATL,1610612737,1
138,397,526,921,0.111,0.147,41,67,43,1950.0,3580,4098,203901,Elfrid Payton,846,88,ORL,1610612753,24
139,181,248,408,0.086,0.118,16,46,26,1246.0,2098,2486,1626144,Emmanuel Mudiay,340,51,DEN,1610612743,20
140,58,80,151,0.05,0.069,9,56,23,1215.0,1157,1129,202683,Enes Kanter,128,13,OKC,1610612760,33
141,403,535,972,0.101,0.134,49,64,43,2110.0,3998,4668,202339,Eric Bledsoe,785,82,PHX,1610612756,21
142,161,195,395,0.115,0.139,14,61,19,1861.0,1405,1917,201569,Eric Gordon,308,21,HOU,1610612745,42
143,111,144,264,0.044,0.057,13,66,37,1732.0,2508,2310,101141,Ersan Ilyasova,194,21,ATL,1610612737,29
144,175,228,403,0.113,0.147,17,54,35,1805.0,1549,2060,203095,Evan Fournier,347,37,ORL,1610612753,19
145,169,211,393,0.1,0.125,16,50,27,1311.0,1691,1678,202323,Evan Turner,330,26,POR,1610612757,23
146,124,162,305,0.055,0.072,13,59,35,1524.0,2252,1982,1626163,Frank Kaminsky,230,26,CHA,1610612766,24
147,21,27,46,0.079,0.102,1,25,10,188.0,265,324,1627832,Fred VanVleet,40,5,TOR,1610612761,15
148,125,163,286,0.077,0.101,11,53,34,1399.0,1618,1626,202066,Garrett Temple,235,27,SAC,1610612758,19
149,97,127,238,0.112,0.147,8,41,21,1214.0,865,1121,203914,Gary Harris,170,23,DEN,1610612743,20
150,1,2,3,0.037,0.074,0,2,1,18.0,27,32,202390,Gary Neal,5,1,ATL,1610612737,1
151,163,232,396,0.074,0.106,15,39,12,1230.0,2188,2562,201588,George Hill,300,54,UTA,1610612762,27
152,5,6,11,0.041,0.049,0,21,10,87.0,122,103,1627777,Georges Niang,12,1,IND,1610612754,11
153,0,1,0,0.0,0.038,0,7,6,27.0,26,17,1627834,Georgios Papagiannis,1,1,SAC,1610612758,1
154,29,36,71,0.085,0.106,3,38,12,440.0,340,401,101123,Gerald Green,49,4,BOS,1610612738,26
155,94,116,236,0.081,0.1,4,58,37,1394.0,1162,1366,201945,Gerald Henderson,197,18,PHI,1610612755,21
156,352,453,867,0.098,0.126,28,64,32,2282.0,3598,3720,203507,Giannis Antetokounmpo,666,75,MIL,1610612749,32
157,47,66,114,0.044,0.062,3,63,30,1339.0,1060,904,203922,Glenn Robinson III,95,16,IND,1610612754,33
158,349,446,852,0.101,0.13,22,58,27,1941.0,3443,4083,201609,Goran Dragic,685,75,MIA,1610612748,31
159,204,272,507,0.083,0.111,24,59,21,2033.0,2450,3011,202330,Gordon Hayward,418,44,UTA,1610612762,38
160,116,151,280,0.048,0.063,7,65,38,2061.0,2401,1678,203476,Gorgui Dieng,231,27,MIN,1610612750,27
161,145,182,337,0.108,0.136,11,64,32,1443.0,1337,1330,202328,Greg Monroe,232,25,MIL,1610612749,32
162,5,11,16,0.058,0.128,2,3,2,39.0,86,85,202349,Greivis Vasquez,16,4,BKN,1610612751,1
163,94,117,262,0.046,0.057,7,64,37,2320.0,2056,2328,203084,Harrison Barnes,235,16,DAL,1610612742,27
164,40,62,89,0.023,0.036,5,62,32,2035.0,1706,1188,202355,Hassan Whiteside,90,17,MIA,1610612748,30
165,4,5,9,0.042,0.052,0,14,8,56.0,96,86,1627740,Henry Ellenson,8,1,DET,1610612765,6
166,35,41,83,0.068,0.08,2,40,28,752.0,515,499,203138,Hollis Thompson,56,4,NOP,1610612740,12
167,69,108,165,0.073,0.114,8,61,13,840.0,946,1106,203546,Ian Clark,126,31,GSW,1610612744,48
168,9,13,18,0.034,0.049,0,15,4,242.0,267,177,101133,Ian Mahinmi,15,4,WAS,1610612764,11
169,90,131,224,0.076,0.111,6,61,21,1572.0,1178,1256,202697,Iman Shumpert,177,35,CLE,1610612739,40
170,35,46,79,0.054,0.071,2,35,20,579.0,646,703,203477,Isaiah Canaan,73,10,CHI,1610612741,15
171,382,510,948,0.107,0.143,21,63,22,2151.0,3565,4906,202738,Isaiah Thomas,725,107,BOS,1610612738,41
172,155,205,383,0.089,0.117,14,57,47,1254.0,1745,1961,1627785,Isaiah Whitehead,301,36,BKN,1610612751,10
173,334,414,799,0.109,0.135,25,65,32,1513.0,3057,3369,202397,Ish Smith,628,54,DET,1610612765,33
174,16,27,40,0.029,0.049,3,29,22,416.0,549,413,1627826,Ivica Zubac,32,8,LAL,1610612747,7
175,91,112,213,0.104,0.128,7,19,13,454.0,874,1021,200826,J.J. Barea,174,14,DAL,1610612742,6
176,86,129,200,0.062,0.094,13,63,24,1775.0,1379,1904,200755,JJ Redick,159,30,LAC,1610612746,39
177,29,43,73,0.057,0.085,2,24,7,669.0,505,548,2747,JR Smith,56,12,CLE,1610612739,17
178,72,109,171,0.032,0.049,3,64,29,1806.0,2242,1476,203210,JaMychal Green,145,34,MEM,1610612763,35
179,14,22,33,0.028,0.044,1,61,14,567.0,499,383,201580,JaVale McGee,31,7,GSW,1610612744,47
180,142,193,344,0.064,0.087,16,51,29,1728.0,2208,2136,203953,Jabari Parker,277,35,MIL,1610612749,22
181,126,179,306,0.061,0.086,10,57,20,1838.0,2081,1782,203109,Jae Crowder,221,43,BOS,1610612738,37
182,54,73,135,0.04,0.054,3,46,33,1061.0,1345,1382,1626143,Jahlil Okafor,123,16,PHI,1610612755,13
183,7,8,17,0.061,0.07,0,25,16,155.0,115,140,1627774,Jake Layman,11,1,POR,1610612757,9
184,9,14,23,0.027,0.042,0,37,13,383.0,335,183,1627751,Jakob Poeltl,18,5,TOR,1610612761,24
185,180,242,433,0.099,0.132,24,66,26,1744.0,1827,2369,2037,Jamal Crawford,333,38,LAC,1610612746,40
186,118,163,289,0.086,0.118,9,65,35,1318.0,1380,1661,1627750,Jamal Murray,222,35,DEN,1610612743,30
187,316,403,759,0.112,0.143,25,64,35,1711.0,2812,3158,2749,Jameer Nelson,590,62,DEN,1610612743,29
188,48,64,118,0.058,0.077,4,50,24,1188.0,831,709,203516,James Ennis III,90,12,MEM,1610612763,26
189,752,937,1830,0.168,0.209,64,67,21,2445.0,4480,5509,201935,James Harden,1455,121,HOU,1610612745,46
190,210,260,512,0.084,0.104,25,61,30,1623.0,2504,2308,201949,James Johnson,430,25,MIA,1610612748,31
191,11,15,29,0.033,0.046,1,39,14,293.0,329,244,2592,James Jones,21,3,CLE,1610612739,25
192,15,23,38,0.034,0.052,2,37,8,340.0,441,333,203949,James Michael McAdoo,39,6,GSW,1610612744,29
193,4,10,11,0.026,0.065,2,25,11,200.0,154,148,203923,James Young,23,4,BOS,1610612738,14
194,80,111,179,0.041,0.057,6,50,35,1027.0,1936,1435,201162,Jared Dudley,153,25,PHX,1610612756,15
195,3,3,5,0.022,0.022,0,11,9,118.0,139,112,203096,Jared Sullinger,8,1,TOR,1610612761,2
196,7,17,17,0.01,0.025,0,40,17,538.0,687,418,1626185,Jarell Martin,21,10,MEM,1610612763,23
197,2,2,6,0.5,0.5,0,2,2,7.0,4,3,203950,Jarnell Stokes,2,0,DEN,1610612743,0
198,5,8,12,0.091,0.145,1,2,1,33.0,55,54,101127,Jarrett Jack,7,2,NOP,1610612740,1
199,0,0,0,0.0,0.0,0,1,0,2.0,5,4,1627784,Jarrod Uthoff,1,0,DAL,1610612742,1
200,22,35,52,0.02,0.032,3,58,21,779.0,1086,694,201160,Jason Smith,51,10,WAS,1610612764,37
201,78,107,186,0.083,0.114,6,57,30,1039.0,938,874,1891,Jason Terry,135,23,MIL,1610612749,27
202,49,65,118,0.054,0.072,3,63,24,1065.0,908,852,1627759,Jaylen Brown,103,13,BOS,1610612738,39
203,74,104,174,0.052,0.072,11,65,41,1482.0,1436,1506,201145,Jeff Green,177,19,ORL,1610612753,24
204,512,649,1190,0.137,0.174,37,65,31,2112.0,3739,4306,201952,Jeff Teague,1018,100,IND,1610612754,34
205,5,9,12,0.014,0.025,0,36,12,299.0,366,236,203481,Jeff Withey,15,4,UTA,1610612762,24
206,39,58,96,0.033,0.049,4,65,31,1324.0,1181,962,203924,Jerami Grant,106,15,OKC,1610612760,34
207,52,75,129,0.066,0.096,8,46,26,841.0,782,834,203087,Jeremy Lamb,110,15,CHA,1610612766,20
208,99,119,233,0.117,0.14,11,20,14,465.0,847,1012,202391,Jeremy Lin,187,9,BKN,1610612751,6
209,94,119,205,0.081,0.102,3,55,32,889.0,1165,1263,1626170,Jerian Grant,183,23,CHI,1610612741,23
210,13,17,32,0.083,0.108,0,3,2,71.0,157,180,201573,Jerryd Bayless,24,4,PHI,1610612755,1
211,307,395,704,0.114,0.147,21,60,30,2196.0,2685,3354,202710,Jimmy Butler,646,66,CHI,1610612741,30
212,103,138,239,0.056,0.075,11,46,29,1015.0,1850,1078,201149,Joakim Noah,191,24,NYK,1610612752,17
213,37,51,88,0.091,0.126,1,24,14,521.0,405,504,201975,Jodie Meeks,74,13,ORL,1610612753,10
214,52,80,130,0.051,0.078,9,51,41,1116.0,1029,1134,203925,Joe Harris,130,19,BKN,1610612751,10
215,159,214,377,0.093,0.125,16,66,25,1489.0,1712,1648,204060,Joe Ingles,299,38,UTA,1610612762,41
216,105,145,262,0.074,0.102,9,62,25,1406.0,1425,1462,2207,Joe Johnson,203,31,UTA,1610612762,37
217,13,22,31,0.064,0.109,4,26,13,121.0,202,260,1626202,Joe Young,40,5,IND,1610612754,13
218,1,3,2,0.016,0.048,0,13,3,78.0,63,39,201202,Joel Anthony,3,2,SAS,1610612759,10
219,2,2,5,0.047,0.047,0,10,4,35.0,43,35,1627762,Joel Bolomboy,4,0,UTA,1610612762,6
220,66,92,170,0.052,0.073,6,31,18,786.0,1260,1368,203954,Joel Embiid,142,20,PHI,1610612755,13
221,57,66,131,0.057,0.066,2,55,24,807.0,993,770,203530,Joffrey Lauvergne,105,7,CHI,1610612741,31
222,54,73,129,0.06,0.082,8,51,29,1021.0,895,766,203089,John Henson,101,11,MIL,1610612749,22
223,1,2,2,0.111,0.222,1,4,4,13.0,9,11,203098,John Jenkins,1,0,PHX,1610612756,0
224,1,1,2,0.077,0.077,0,5,2,11.0,13,15,101249,John Lucas III,3,0,MIN,1610612750,3
225,682,846,1618,0.182,0.225,60,63,22,2320.0,3755,4786,202322,John Wall,1243,106,WAS,1610612764,41
226,6,6,16,0.098,0.098,0,11,7,81.0,61,67,203948,Johnny O'Bryant III,8,0,CHA,1610612766,4
227,95,123,217,0.043,0.056,16,60,29,1640.0,2193,1911,202720,Jon Leuer,182,13,DET,1610612765,31
228,53,85,140,0.032,0.051,6,65,23,1066.0,1662,1128,201973,Jonas Jerebko,118,25,BOS,1610612738,42
229,47,73,119,0.022,0.034,4,63,27,1657.0,2152,1365,202685,Jonas Valanciunas,124,22,TOR,1610612761,36
230,26,38,68,0.062,0.09,1,17,13,231.0,421,498,1626780,Jonathan Gibson,67,10,DAL,1610612742,4
231,95,134,240,0.083,0.117,7,60,10,1076.0,1141,1276,203613,Jonathon Simmons,198,32,SAS,1610612759,50
232,150,196,342,0.087,0.113,15,66,46,1834.0,1732,2300,203903,Jordan Clarkson,304,31,LAL,1610612747,20
233,12,13,27,0.143,0.155,0,3,2,74.0,84,97,202348,Jordan Crawford,15,1,NOP,1610612740,1
234,9,9,21,0.118,0.118,0,2,1,35.0,76,82,200770,Jordan Farmar,12,0,SAC,1610612758,1
235,0,1,0,0.0,0.026,0,5,3,40.0,38,20,201941,Jordan Hill,1,1,MIN,1610612750,2
236,19,29,50,0.056,0.086,2,37,11,384.0,339,398,203895,Jordan McRae,42,8,CLE,1610612739,26
237,7,10,18,0.034,0.049,1,23,14,136.0,203,152,1626175,Jordan Mickey,22,2,BOS,1610612738,9
238,55,72,121,0.081,0.106,1,27,18,335.0,680,686,101181,Jose Calderon,106,16,ATL,1610612737,9
239,1,1,3,0.1,0.1,0,1,1,7.0,10,6,203962,Josh Huestis,1,0,OKC,1610612760,0
240,50,59,116,0.071,0.083,4,22,16,381.0,707,558,201177,Josh McRoberts,108,5,MIA,1610612748,6
241,94,117,225,0.069,0.085,5,38,24,1100.0,1369,1438,1626196,Josh Richardson,207,18,MIA,1610612748,14
242,375,454,894,0.118,0.143,29,51,27,1673.0,3177,3627,201950,Jrue Holiday,744,48,NOP,1610612740,24
243,21,30,56,0.038,0.054,1,48,26,608.0,552,371,1627823,Juan Hernangomez,54,7,DEN,1610612743,22
244,217,266,553,0.088,0.108,17,58,40,1667.0,2467,2097,203944,Julius Randle,442,32,LAL,1610612747,18
245,40,54,97,0.036,0.049,6,59,39,870.0,1113,957,1626147,Justin Anderson,102,8,PHI,1610612755,20
246,42,64,109,0.032,0.048,4,51,42,981.0,1329,1038,203120,Justin Hamilton,90,18,BKN,1610612751,9
247,2,2,5,0.048,0.048,0,3,2,31.0,42,39,202712,Justin Harper,5,0,PHI,1610612755,1
248,75,115,178,0.062,0.095,7,67,41,1278.0,1206,1348,203200,Justin Holiday,155,32,NYK,1610612752,26
249,66,85,154,0.081,0.104,6,18,14,625.0,819,798,1626159,Justise Winslow,124,14,MIA,1610612748,4
250,99,125,231,0.062,0.078,14,54,29,1100.0,1593,1308,203994,Jusuf Nurkic,167,14,POR,1610612757,25
251,5,6,12,0.037,0.044,0,35,13,245.0,135,166,203909,KJ McDaniels,14,1,BKN,1610612751,22
252,183,241,426,0.059,0.078,17,65,38,2387.0,3083,2717,1626157,Karl-Anthony Towns,345,41,MIN,1610612750,27
253,194,254,488,0.108,0.141,16,57,12,1932.0,1797,2479,202695,Kawhi Leonard,374,45,SAS,1610612759,45
254,49,68,130,0.1,0.138,5,37,13,353.0,491,622,1627770,Kay Felder,95,14,CLE,1610612739,24
255,117,151,289,0.058,0.075,12,60,22,1266.0,2014,1686,203482,Kelly Olynyk,227,22,BOS,1610612738,38
256,37,54,91,0.042,0.061,3,63,24,1224.0,887,763,1626162,Kelly Oubre Jr.,71,13,WAS,1610612764,39
257,354,490,871,0.089,0.123,48,65,36,2249.0,3975,4866,202689,Kemba Walker,743,89,CHA,1610612766,29
258,43,67,103,0.038,0.059,5,48,26,1062.0,1134,697,202702,Kenneth Faried,89,19,DEN,1610612743,22
259,155,218,356,0.085,0.12,13,64,29,1745.0,1824,2021,203145,Kent Bazemore,273,50,ATL,1610612737,35
260,164,205,381,0.105,0.131,9,61,31,2100.0,1566,1943,203484,Kentavious Caldwell-Pope,329,32,DET,1610612765,30
261,283,367,701,0.126,0.163,22,59,10,1980.0,2245,2510,201142,Kevin Durant,489,61,GSW,1610612744,49
262,88,113,207,0.047,0.06,4,46,13,1466.0,1882,1596,201567,Kevin Love,152,21,CLE,1610612739,33
263,18,23,46,0.042,0.053,3,37,21,420.0,433,327,202338,Kevin Seraphin,44,2,IND,1610612754,16
264,27,36,69,0.051,0.069,2,48,9,425.0,525,385,1626172,Kevon Looney,51,7,GSW,1610612744,39
265,52,69,121,0.109,0.144,8,13,4,355.0,478,493,203114,Khris Middleton,90,9,MIL,1610612749,9
266,130,212,303,0.079,0.129,19,63,12,2155.0,1647,2455,202691,Klay Thompson,230,63,GSW,1610612744,51
267,40,62,97,0.028,0.044,3,66,41,1316.0,1405,958,201585,Kosta Koufos,101,19,SAC,1610612758,25
268,147,192,347,0.083,0.109,8,61,35,1007.0,1763,1795,1627739,Kris Dunn,284,37,MIN,1610612750,26
269,22,41,54,0.024,0.044,3,46,19,552.0,925,640,2743,Kris Humphries,57,16,ATL,1610612737,27
270,81,120,205,0.034,0.051,8,57,34,1877.0,2349,2257,204001,Kristaps Porzingis,172,31,NYK,1610612752,23
271,66,101,159,0.072,0.111,6,55,11,742.0,912,721,203937,Kyle Anderson,117,30,SAS,1610612759,44
272,103,133,239,0.085,0.109,11,58,28,1568.0,1215,1217,2594,Kyle Korver,168,19,CLE,1610612739,30
273,378,491,888,0.114,0.148,49,55,24,2078.0,3317,3809,200768,Kyle Lowry,693,64,TOR,1610612761,31
274,93,113,213,0.063,0.076,5,65,40,993.0,1480,1052,203124,Kyle O'Quinn,166,15,NYK,1610612752,25
275,5,8,12,0.023,0.037,0,28,15,285.0,215,182,202713,Kyle Singler,15,3,OKC,1610612760,13
276,0,0,0,0.0,0.0,0,10,1,31.0,49,45,1627787,Kyle Wiltjer,1,0,HOU,1610612745,9
277,342,463,853,0.112,0.151,34,58,19,2046.0,3067,3961,202681,Kyrie Irving,665,87,CLE,1610612739,39
278,116,155,298,0.058,0.077,11,57,12,1873.0,2013,2189,200746,LaMarcus Aldridge,240,28,SAS,1610612759,45
279,6,9,13,0.094,0.141,2,5,4,40.0,64,76,203934,Lamar Patterson,11,1,ATL,1610612737,1
280,34,40,81,0.111,0.13,0,11,8,228.0,307,348,202362,Lance Stephenson,84,6,MIN,1610612750,3
281,30,46,73,0.032,0.049,4,42,28,852.0,934,773,202498,Lance Thomas,76,12,NYK,1610612752,14
282,67,93,162,0.064,0.089,8,59,37,1142.0,1049,1246,204038,Langston Galloway,145,18,SAC,1610612758,22
283,70,102,172,0.051,0.074,12,47,32,1038.0,1382,954,1626204,Larry Nance Jr.,137,20,LAL,1610612747,15
284,45,57,106,0.049,0.062,2,48,22,693.0,917,574,202730,Lavoy Allen,88,10,IND,1610612754,26
285,531,660,1381,0.149,0.185,50,60,17,2261.0,3566,4236,2544,LeBron James,1029,80,CLE,1610612739,43
286,75,98,176,0.093,0.122,10,61,42,851.0,804,1016,2571,Leandro Barbosa,146,13,PHX,1610612756,19
287,202,263,447,0.111,0.145,22,67,42,1608.0,1815,2500,101150,Lou Williams,355,38,HOU,1610612745,25
288,28,41,68,0.031,0.046,2,64,26,1418.0,896,811,201601,Luc Mbah a Moute,56,11,LAC,1610612746,38
289,39,59,105,0.043,0.064,5,50,21,1036.0,917,543,203512,Lucas Nogueira,89,15,TOR,1610612761,29
290,37,51,86,0.055,0.076,2,35,28,443.0,667,511,2449,Luis Scola,69,12,BKN,1610612751,7
291,29,38,72,0.023,0.03,3,58,28,906.0,1255,949,202337,Luke Babbitt,74,6,MIA,1610612748,30
292,74,98,177,0.047,0.062,4,56,38,1486.0,1587,1316,2736,Luol Deng,161,20,LAL,1610612747,18
293,11,13,27,0.067,0.079,0,22,13,198.0,165,201,1627781,Malachi Richardson,19,2,SAC,1610612758,9
294,255,359,609,0.092,0.129,42,63,33,1625.0,2777,2888,1627763,Malcolm Brogdon,474,61,MIL,1610612749,30
295,170,233,406,0.092,0.127,16,63,29,1100.0,1839,2083,1627098,Malcolm Delaney,361,47,ATL,1610612737,34
296,6,13,15,0.1,0.217,2,18,11,84.0,60,84,1627736,Malik Beasley,9,5,DEN,1610612743,7
297,0,0,0,0.0,0.0,0,1,0,2.0,2,4,202412,Manny Harris,0,0,DAL,1610612742,1
298,141,195,342,0.113,0.156,15,55,11,1030.0,1250,1419,1938,Manu Ginobili,245,39,SAS,1610612759,44
299,276,348,672,0.086,0.108,29,63,28,2159.0,3214,3523,201188,Marc Gasol,571,43,MEM,1610612763,35
300,52,61,114,0.118,0.139,4,23,18,237.0,439,440,1626273,Marcelo Huertas,95,5,LAL,1610612747,5
301,98,137,242,0.039,0.055,7,65,24,2164.0,2507,1450,101162,Marcin Gortat,211,31,WAS,1610612764,41
302,119,162,286,0.101,0.138,12,61,34,1483.0,1176,1427,201158,Marco Belinelli,233,30,CHA,1610612766,27
303,141,180,317,0.065,0.083,19,65,32,2176.0,2174,1998,202694,Marcus Morris,253,20,DET,1610612765,33
304,280,370,684,0.103,0.136,16,64,24,1966.0,2720,2924,203935,Marcus Smart,555,73,BOS,1610612738,40
305,40,52,90,0.082,0.106,5,33,18,575.0,489,585,201977,Marcus Thornton,78,7,WAS,1610612764,15
306,37,47,83,0.069,0.088,1,50,35,640.0,533,576,1626209,Mario Hezonja,72,9,ORL,1610612753,15
307,118,161,281,0.066,0.091,15,63,24,2011.0,1778,1747,202693,Markieff Morris,212,27,WAS,1610612764,39
308,42,62,92,0.029,0.043,3,65,44,1288.0,1427,1180,1627737,Marquese Chriss,88,17,PHX,1610612756,21
309,52,71,131,0.039,0.053,2,66,26,1056.0,1336,1146,201578,Marreese Speights,103,15,LAC,1610612746,40
310,4,7,10,0.049,0.085,0,11,7,70.0,82,35,1627850,Marshall Plumlee,9,3,NYK,1610612752,4
311,81,123,211,0.028,0.042,17,60,35,1786.0,2898,2262,101107,Marvin Williams,170,25,CHA,1610612766,25
312,255,319,603,0.107,0.133,28,65,36,1771.0,2391,1997,203486,Mason Plumlee,478,36,DEN,1610612743,29
313,163,210,378,0.07,0.09,12,60,36,1474.0,2337,1689,2440,Matt Barnes,285,36,GSW,1610612744,24
314,304,406,695,0.114,0.152,37,60,31,1599.0,2671,2842,203521,Matthew Dellavedova,575,64,MIL,1610612749,29
315,67,99,166,0.046,0.067,5,61,34,1803.0,1471,1267,203090,Maurice Harkless,140,26,POR,1610612757,27
316,1,2,2,0.008,0.015,0,22,16,149.0,133,114,1626254,Maurice Ndour,10,1,NYK,1610612752,6
317,5,7,11,0.072,0.101,2,18,14,81.0,69,68,1897,Metta World Peace,9,0,LAL,1610612747,4
318,56,73,145,0.046,0.061,5,57,32,936.0,1205,1012,203086,Meyers Leonard,112,12,POR,1610612757,25
319,50,79,121,0.054,0.085,6,50,29,855.0,925,856,201563,Michael Beasley,105,23,MIL,1610612749,21
320,77,91,176,0.073,0.086,3,30,14,624.0,1055,1091,203487,Michael Carter-Williams,133,11,CHI,1610612741,16
321,2,2,5,0.074,0.074,0,9,2,32.0,27,21,1627771,Michael Gbinije,3,0,DET,1610612765,7
322,94,139,237,0.054,0.08,9,65,36,1911.0,1745,1253,203077,Michael Kidd-Gilchrist,192,37,CHA,1610612766,29
323,332,459,796,0.101,0.14,37,54,26,1791.0,3279,3892,201144,Mike Conley,726,90,MEM,1610612763,28
324,38,56,96,0.064,0.095,1,42,13,674.0,592,588,2399,Mike Dunleavy,79,16,ATL,1610612737,29
325,12,14,30,0.076,0.089,2,15,10,82.0,157,107,2034,Mike Miller,21,0,DEN,1610612743,5
326,72,106,184,0.056,0.082,9,54,24,1027.0,1291,1016,203488,Mike Muscala,140,26,ATL,1610612737,30
327,17,18,40,0.077,0.081,0,18,11,195.0,221,201,203118,Mike Scott,29,1,ATL,1610612737,7
328,1,2,3,0.045,0.091,1,2,2,25.0,22,21,1627861,Mike Tobey,3,0,CHA,1610612766,0
329,20,26,48,0.071,0.093,1,37,21,377.0,281,221,203101,Miles Plumlee,34,5,CHA,1610612766,16
330,52,69,128,0.063,0.083,4,56,35,776.0,828,806,1627851,Mindaugas Kuzminskas,96,13,NYK,1610612752,21
331,36,46,83,0.039,0.049,0,53,27,824.0,933,820,203141,Mirza Teletovic,67,10,MIL,1610612749,26
332,194,260,455,0.112,0.15,13,57,26,1528.0,1733,1886,101145,Monta Ellis,381,53,IND,1610612754,31
333,60,77,156,0.054,0.069,3,51,15,925.0,1118,943,1626149,Montrezl Harrell,97,14,HOU,1610612745,36
334,81,115,206,0.038,0.054,6,64,30,1985.0,2141,1776,1626167,Myles Turner,147,28,IND,1610612754,34
335,76,113,184,0.046,0.069,10,63,36,1150.0,1641,1203,202357,Nemanja Bjelica,155,27,MIN,1610612750,27
336,48,72,130,0.042,0.063,7,56,17,975.0,1138,926,2403,Nene,113,17,HOU,1610612745,39
337,34,53,80,0.041,0.063,3,35,16,709.0,835,638,203457,Nerlens Noel,61,16,DAL,1610612742,19
338,8,10,19,0.06,0.075,2,14,9,81.0,133,102,2555,Nick Collison,16,0,OKC,1610612760,5
339,56,84,138,0.049,0.073,10,58,39,1503.0,1145,1486,201156,Nick Young,115,18,LAL,1610612747,19
340,372,485,878,0.127,0.165,43,63,35,2191.0,2934,2948,201587,Nicolas Batum,700,70,CHA,1610612766,28
341,28,35,65,0.083,0.104,4,41,27,276.0,336,287,1627852,Nicolas Brussino,53,3,DAL,1610612742,14
342,28,32,65,0.09,0.103,2,18,3,174.0,311,348,1627879,Nicolas Laprovittola,50,2,SAS,1610612759,15
343,137,175,333,0.074,0.095,15,64,41,1726.0,1846,1817,203917,Nik Stauskas,285,23,PHI,1610612755,23
344,253,318,586,0.094,0.119,23,56,29,1515.0,2683,2069,203999,Nikola Jokic,431,42,DEN,1610612743,27
345,51,79,124,0.027,0.041,6,54,27,1225.0,1921,1467,202703,Nikola Mirotic,98,21,CHI,1610612741,27
346,159,201,396,0.055,0.07,12,60,38,1732.0,2884,2315,202696,Nikola Vucevic,353,29,ORL,1610612753,22
347,16,27,40,0.018,0.031,3,57,31,796.0,882,480,203943,Noah Vonleh,39,8,POR,1610612757,26
348,66,79,162,0.076,0.092,3,61,26,1080.0,863,1033,1626181,Norman Powell,152,10,TOR,1610612761,35
349,5,8,10,0.068,0.11,1,4,4,52.0,73,88,202708,Norris Cole,10,2,OKC,1610612760,0
350,15,21,39,0.037,0.051,1,22,5,342.0,408,289,1627855,Okaro White,34,5,MIA,1610612748,17
351,15,20,38,0.025,0.034,1,31,19,482.0,591,287,201600,Omer Asik,31,4,NOP,1610612740,12
352,26,38,63,0.045,0.066,2,23,14,420.0,575,431,201956,Omri Casspi,45,10,NOP,1610612740,9
353,100,133,238,0.049,0.065,11,65,24,2199.0,2061,1561,203490,Otto Porter Jr.,191,21,WAS,1610612764,41
354,77,112,189,0.039,0.057,11,64,42,1798.0,1963,1385,200782,PJ Tucker,163,25,TOR,1610612761,22
355,15,29,33,0.019,0.036,1,49,19,789.0,809,558,1627783,Pascal Siakam,35,13,TOR,1610612761,30
356,16,22,40,0.074,0.102,1,29,18,209.0,216,190,1626192,Pat Connaughton,33,5,POR,1610612757,11
357,231,290,570,0.115,0.145,18,53,16,1624.0,2002,1936,201976,Patrick Beverley,460,40,HOU,1610612745,37
358,54,85,131,0.073,0.115,4,56,13,810.0,739,794,1627775,Patrick McCaw,120,26,GSW,1610612744,43
359,61,91,160,0.04,0.059,6,49,20,1272.0,1541,1101,202335,Patrick Patterson,108,23,TOR,1610612761,29
360,213,287,481,0.083,0.112,8,64,13,1385.0,2569,2866,201988,Patty Mills,398,66,SAS,1610612759,51
361,120,150,281,0.06,0.075,12,47,9,1212.0,1994,1574,2200,Pau Gasol,200,17,SAS,1610612759,38
362,192,264,463,0.091,0.125,26,58,27,2054.0,2114,2478,202331,Paul George,383,46,IND,1610612754,31
363,236,286,569,0.084,0.102,20,63,26,2159.0,2801,2864,200794,Paul Millsap,464,31,ATL,1610612737,37
364,2,3,5,0.011,0.017,0,13,6,153.0,176,154,1718,Paul Pierce,7,1,LAC,1610612746,7
365,13,20,31,0.032,0.05,4,29,17,470.0,403,374,1627835,Paul Zipser,25,3,CHI,1610612741,12
366,19,23,46,0.123,0.148,1,9,5,84.0,155,182,203510,Pierre Jackson,36,3,DAL,1610612742,4
367,5,6,12,0.014,0.017,0,25,21,307.0,361,288,203112,Quincy Acy,14,1,BKN,1610612751,4
368,12,16,30,0.078,0.104,1,5,1,77.0,154,168,1626188,Quinn Cook,23,3,DAL,1610612742,4
369,0,0,0,0.0,0.0,0,3,1,9.0,8,7,1626154,RJ Hunter,1,0,CHI,1610612741,2
370,357,445,813,0.111,0.138,36,56,30,1444.0,3229,3173,200765,Rajon Rondo,686,52,CHI,1610612741,26
371,2,4,4,0.027,0.053,0,16,9,126.0,75,57,1626176,Rakeem Christmas,4,2,IND,1610612754,7
372,129,182,294,0.1,0.141,11,50,27,811.0,1289,1518,201196,Ramon Sessions,266,42,CHA,1610612766,23
373,102,137,263,0.081,0.109,11,51,42,952.0,1261,1298,200751,Randy Foye,239,24,BKN,1610612751,9
374,14,19,32,0.065,0.088,1,31,16,353.0,216,258,1626173,Rashad Vaughn,19,4,MIL,1610612749,15
375,25,38,65,0.065,0.098,6,34,13,273.0,386,414,203526,Raul Neto,46,7,UTA,1610612762,21
376,162,225,395,0.074,0.102,14,64,25,1415.0,2203,2224,101109,Raymond Felton,333,48,LAC,1610612746,39
377,17,23,40,0.081,0.11,2,20,10,265.0,210,220,203493,Reggie Bullock,29,4,DET,1610612765,10
378,244,320,582,0.111,0.145,19,45,23,1296.0,2208,2748,202704,Reggie Jackson,513,57,DET,1610612765,22
379,4,4,9,0.062,0.062,0,6,5,79.0,65,77,202130,Reggie Williams,9,0,NOP,1610612740,1
380,62,91,151,0.052,0.076,4,64,21,1315.0,1200,905,2210,Richard Jefferson,109,25,CLE,1610612739,43
381,30,45,75,0.033,0.05,3,41,29,731.0,905,796,1626158,Richaun Holmes,59,12,PHI,1610612755,12
382,517,643,1179,0.133,0.165,43,59,35,1904.0,3892,4030,201937,Ricky Rubio,890,84,MIN,1610612750,24
383,93,129,239,0.047,0.065,12,59,36,1857.0,1995,1782,203496,Robert Covington,172,23,PHI,1610612755,23
384,66,99,153,0.046,0.069,3,66,35,1841.0,1433,1335,201577,Robin Lopez,136,30,CHI,1610612741,31
385,81,112,194,0.068,0.093,8,47,15,1334.0,1200,1558,203918,Rodney Hood,183,23,UTA,1610612762,32
386,91,110,223,0.078,0.095,6,63,32,1599.0,1161,1094,203585,Rodney McGruder,187,13,MIA,1610612748,31
387,72,94,171,0.078,0.102,2,34,19,620.0,921,1036,201155,Rodney Stuckey,135,20,IND,1610612754,15
388,50,63,121,0.079,0.099,4,37,28,447.0,636,666,1627758,Ron Baker,97,9,NYK,1610612752,9
389,121,158,297,0.058,0.076,7,60,49,1307.0,2077,1631,1626178,Rondae Hollis-Jefferson,249,30,BKN,1610612751,11
390,0,0,0,0.0,0.0,0,4,2,10.0,9,8,101179,Ronnie Price,1,0,PHX,1610612756,2
391,20,29,52,0.048,0.07,3,45,23,676.0,415,356,201579,Roy Hibbert,43,5,DEN,1610612743,22
392,83,109,193,0.079,0.104,5,30,19,1013.0,1047,1107,200752,Rudy Gay,157,22,SAC,1610612758,11
393,70,103,174,0.023,0.034,8,65,24,2179.0,3069,1957,203497,Rudy Gobert,182,25,UTA,1610612762,41
394,669,816,1534,0.168,0.205,70,66,29,2302.0,3984,4967,201566,Russell Westbrook,1270,76,OKC,1610612760,37
395,60,97,160,0.033,0.053,2,63,19,1903.0,1820,1720,201583,Ryan Anderson,136,34,HOU,1610612745,44
396,5,7,12,0.074,0.103,0,11,6,53.0,68,49,203527,Ryan Kelly,10,2,ATL,1610612737,5
397,12,27,30,0.015,0.034,2,58,34,745.0,799,376,1626257,Salah Mejri,40,14,DAL,1610612742,24
398,72,91,176,0.057,0.072,3,67,21,1279.0,1263,947,1626155,Sam Dekker,122,17,HOU,1610612745,46
399,24,32,56,0.078,0.104,1,31,21,239.0,307,308,2756,Sasha Vujacic,48,7,NYK,1610612752,10
400,147,208,371,0.076,0.108,19,63,52,1629.0,1931,2274,203930,Sean Kilpatrick,308,42,BKN,1610612751,11
401,101,138,243,0.084,0.114,13,48,22,674.0,1206,1271,203902,Semaj Christon,207,24,OKC,1610612760,26
402,66,98,158,0.029,0.044,5,65,39,2010.0,2246,1950,201586,Serge Ibaka,151,28,TOR,1610612761,26
403,311,415,741,0.096,0.128,35,61,40,1363.0,3232,3575,200771,Sergio Rodriguez,621,68,PHI,1610612755,21
404,171,214,409,0.073,0.092,12,60,34,1776.0,2332,2643,203552,Seth Curry,366,31,DAL,1610612742,26
405,28,40,64,0.054,0.077,0,61,36,1194.0,519,783,203498,Shabazz Muhammad,56,12,MIN,1610612750,25
406,52,66,127,0.089,0.112,5,41,23,370.0,587,651,203894,Shabazz Napier,98,9,POR,1610612757,18
407,101,180,229,0.059,0.104,6,60,12,1049.0,1723,1727,2733,Shaun Livingston,217,75,GSW,1610612744,48
408,1,2,2,0.025,0.05,0,3,2,27.0,40,35,1627848,Shawn Long,5,1,PHI,1610612755,1
409,15,19,34,0.066,0.084,1,27,11,250.0,227,235,1627815,Sheldon McClellan,28,3,WAS,1610612764,16
410,131,167,325,0.073,0.093,13,46,19,983.0,1798,1969,202714,Shelvin Mack,270,23,UTA,1610612762,27
411,6,11,15,0.028,0.05,2,17,15,188.0,218,165,1627746,Skal Labissiere,8,3,SAC,1610612758,2
412,109,160,255,0.067,0.099,13,64,38,1849.0,1617,1462,203524,Solomon Hill,217,38,NOP,1610612740,26
413,129,157,318,0.084,0.102,4,41,36,907.0,1535,1555,203915,Spencer Dinwiddie,276,24,BKN,1610612751,5
414,67,95,157,0.08,0.114,13,41,20,667.0,834,796,201150,Spencer Hawes,120,15,MIL,1610612749,21
415,84,120,198,0.077,0.11,14,62,31,1063.0,1093,927,1626169,Stanley Johnson,158,22,DET,1610612765,31
416,405,584,952,0.12,0.174,40,64,13,2151.0,3363,4035,201939,Stephen Curry,703,140,GSW,1610612744,51
417,2,2,4,0.019,0.019,0,14,9,75.0,105,68,1627757,Stephen Zimmerman,4,0,ORL,1610612753,5
418,0,0,0,0.0,0.0,0,8,2,22.0,12,14,200779,Steve Novak,0,0,MIL,1610612749,6
419,69,100,176,0.044,0.064,7,64,27,1951.0,1565,1301,203500,Steven Adams,173,24,OKC,1610612760,37
420,405,530,985,0.094,0.122,39,65,42,1654.0,4329,4383,204456,T.J. McConnell,841,86,PHI,1610612755,23
421,56,84,129,0.046,0.069,2,52,35,1558.0,1218,1378,203933,TJ Warren,116,26,PHX,1610612756,17
422,67,105,155,0.025,0.039,7,64,32,1709.0,2694,2117,201959,Taj Gibson,136,31,OKC,1610612760,32
423,36,55,89,0.034,0.053,6,54,35,873.0,1044,717,204028,Tarik Black,82,14,LAL,1610612747,19
424,31,44,77,0.065,0.092,4,43,21,524.0,477,467,1627752,Taurean Prince,61,9,ATL,1610612737,22
425,59,80,141,0.042,0.056,5,51,32,1264.0,1416,1241,203093,Terrence Jones,118,17,MIL,1610612749,19
426,58,82,142,0.061,0.086,13,62,29,1483.0,952,1120,203082,Terrence Ross,114,11,ORL,1610612753,33
427,109,157,257,0.058,0.084,5,62,24,1095.0,1879,1938,1626179,Terry Rozier,233,45,BOS,1610612738,38
428,94,143,230,0.06,0.092,12,54,23,1407.0,1560,1350,200757,Thabo Sefolosha,177,37,ATL,1610612737,31
429,91,137,221,0.041,0.062,13,57,25,1718.0,2203,1678,201152,Thaddeus Young,178,33,IND,1610612754,32
430,23,27,58,0.037,0.044,2,37,27,401.0,619,375,203080,Thomas Robinson,50,2,LAL,1610612747,10
431,10,13,21,0.028,0.037,1,40,19,323.0,354,259,1627748,Thon Maker,15,3,MIL,1610612749,21
432,254,322,580,0.108,0.137,17,50,32,1165.0,2352,2456,204025,Tim Frazier,514,51,NOP,1610612740,18
433,134,182,315,0.089,0.121,16,64,28,1649.0,1508,1906,203501,Tim Hardaway Jr.,255,32,ATL,1610612737,36
434,8,8,19,0.19,0.19,0,13,9,44.0,42,50,1627817,Tim Quarterman,15,0,POR,1610612757,4
435,43,59,104,0.039,0.053,2,54,38,1104.0,1104,907,202389,Timofey Mozgov,93,14,LAL,1610612747,16
436,41,59,91,0.063,0.091,5,53,34,707.0,647,584,1627789,Timothe Luwawu-Cabarrot,68,14,PHI,1610612755,19
437,113,150,266,0.04,0.053,12,66,33,2084.0,2804,2652,202699,Tobias Harris,250,26,DET,1610612765,33
438,79,96,190,0.096,0.117,10,47,17,619.0,823,811,203107,Tomas Satoransky,159,8,WAS,1610612764,30
439,56,90,138,0.078,0.125,7,22,9,390.0,721,743,201962,Toney Douglas,126,27,MEM,1610612763,13
440,72,103,166,0.054,0.077,7,57,28,1557.0,1337,1158,2754,Tony Allen,128,24,MEM,1610612763,29
441,230,297,525,0.096,0.124,14,48,10,1240.0,2391,2653,2225,Tony Parker,467,53,SAS,1610612759,38
442,77,108,183,0.063,0.089,9,64,32,1848.0,1213,1248,203503,Tony Snell,150,22,MIL,1610612749,32
443,5,5,12,0.054,0.054,0,21,12,122.0,93,83,1626203,Treveon Graham,14,0,CHA,1610612766,9
444,145,204,360,0.071,0.099,16,67,21,2307.0,2054,1751,2772,Trevor Ariza,275,43,HOU,1610612745,46
445,125,161,331,0.044,0.056,11,59,48,1537.0,2856,2023,202344,Trevor Booker,263,25,BKN,1610612751,11
446,93,122,222,0.087,0.114,6,54,21,662.0,1071,1306,203504,Trey Burke,187,22,WAS,1610612764,33
447,68,97,180,0.04,0.057,8,62,24,1110.0,1691,1497,1626168,Trey Lyles,135,20,UTA,1610612762,38
448,67,106,179,0.033,0.052,11,65,22,1964.0,2042,1133,202684,Tristan Thompson,129,28,CLE,1610612739,43
449,31,44,77,0.045,0.064,6,51,25,852.0,687,887,203584,Troy Daniels,72,7,MEM,1610612763,26
450,19,21,44,0.064,0.071,1,24,9,418.0,295,305,1627786,Troy Williams,45,1,HOU,1610612745,15
451,277,373,673,0.099,0.134,28,60,39,1514.0,2794,3166,201951,Ty Lawson,583,67,SAC,1610612758,21
452,45,56,107,0.086,0.107,1,37,15,265.0,524,567,203898,Tyler Ennis,81,11,LAL,1610612747,22
453,190,249,457,0.078,0.102,14,58,32,1743.0,2435,2615,204020,Tyler Johnson,411,45,MIA,1610612748,26
454,99,133,222,0.111,0.15,11,44,32,510.0,888,1013,1627755,Tyler Ulis,183,23,PHX,1610612756,12
455,36,46,87,0.071,0.091,3,42,18,445.0,505,453,203092,Tyler Zeller,74,7,BOS,1610612738,24
456,108,137,271,0.102,0.13,11,33,19,640.0,1055,1204,201936,Tyreke Evans,231,17,SAC,1610612758,14
457,29,60,74,0.018,0.038,5,45,31,1229.0,1572,785,2199,Tyson Chandler,75,26,PHX,1610612756,14
458,102,130,245,0.12,0.153,8,43,24,543.0,850,878,1626145,Tyus Jones,170,21,MIN,1610612750,19
459,6,6,13,0.045,0.045,0,15,10,129.0,133,96,2617,Udonis Haslem,16,0,MIA,1610612748,5
460,128,167,302,0.085,0.111,15,51,22,1708.0,1499,1818,203506,Victor Oladipo,247,24,OKC,1610612760,29
461,102,139,236,0.07,0.096,6,58,29,1371.0,1450,1257,1713,Vince Carter,178,31,MEM,1610612763,29
462,49,63,115,0.09,0.116,3,24,9,309.0,544,598,1627735,Wade Baldwin IV,101,11,MEM,1610612763,15
463,58,83,141,0.067,0.096,5,47,21,1201.0,863,1042,201961,Wayne Ellington,104,20,MIA,1610612748,26
464,21,28,46,0.023,0.031,0,58,24,721.0,907,585,202325,Wesley Johnson,43,8,LAC,1610612746,34
465,147,172,364,0.073,0.085,4,59,34,2086.0,2018,2209,202083,Wesley Matthews,325,21,DAL,1610612742,25
466,173,221,420,0.112,0.144,11,51,25,1454.0,1540,1771,203115,Will Barton,347,37,DEN,1610612743,26
467,45,57,107,0.053,0.067,4,59,37,944.0,851,751,1626161,Willie Cauley-Stein,84,8,SAC,1610612758,22
468,22,31,54,0.04,0.056,3,56,26,809.0,556,426,203186,Willie Reed,62,6,MIA,1610612748,30
469,65,88,162,0.043,0.058,8,57,35,956.0,1518,1035,1626195,Willy Hernangomez,124,14,NYK,1610612752,22
470,121,169,310,0.066,0.091,7,59,31,1832.0,1847,1847,201163,Wilson Chandler,246,40,DEN,1610612743,28
471,106,136,272,0.086,0.11,11,29,16,757.0,1233,1399,1627812,Yogi Ferrell,223,18,DAL,1610612742,13
472,139,181,318,0.079,0.103,14,47,31,1749.0,1758,2177,203897,Zach LaVine,279,27,MIN,1610612750,16
473,94,127,240,0.057,0.077,14,58,27,1406.0,1655,1674,2216,Zach Randolph,199,19,MEM,1610612763,31
474,106,159,247,0.082,0.124,7,54,11,1008.0,1285,894,2585,Zaza Pachulia,166,45,GSW,1610612744,43
